Qx,MIN_FERR,TX_LAPSE_TOT_MIN,TX_LAPSE_TOT_MAX,FACT_DIM,TX_LAPSE_PART_MIN,TX_LAPSE_PART_MAX,FORWARD_RATE,rendDEX_an,rendMM_an,rendTSX_an,rendSP500_an,rendEAFE_an,AJUST_FORWARD_RATE_VM_0,FRAIS,PC_COMMISSION_VENTE_RF,PC_COMMISSION_VENTE_AC,PC_COMMISSION_MAINTIEN_RF,PC_COMMISSION_MAINTIEN_AC,PC_FRAIS_AN_AC,PC_FRAIS_AN_RF,PC_DEPOT_ANNUEL,VAR_DEPOT_FCT,AGE_MAX_DEPOT,I_EVEN_CESSE_DEPOT,BASE_PASSIF_REDRESSE,TX_PASSIF_REDRESSE,BASE_COUSSIN_CREDIT,TX_COUSSIN_CREDIT,BASE_COUSSIN_MARCHE,TX_COUSSIN_MARCHE,BASE_COUSSIN_DEPENSE,TX_COUSSIN_DEPENSE,BASE_COUSSIN_DECHEANCE,TX_COUSSIN_DECHEANCE,BASE_COUSSIN_MORTALITE,TX_COUSSIN_MORTALITE,BASE_COUSSIN_DEPOT,TX_COUSSIN_DEPOT,FACTEUR_AGE_80,FACTEUR_AGE_90,MT_SP500_PROJ,MT_TSX_PROJ,MT_EAFE_PROJ,MT_DEX_PROJ,MT_MM_PROJ,MT_VM_PROJ,MT_GAR_ECH_PROJ,MT_GAR_DECES_PROJ,MT_BONI_DECES_PROJ,ANNEE_ECH_PROJ,MOIS_ECH_PROJ,TX_SURVIE,MT_SRG_PROJ,MT_BCB_PROJ,MT_MRV_MRG_MRA_PROJ,TAUX_MRV_MRG_MRA_PROJ,MT_MIN_FERR_PROJ,TX_ACTUALISATION,MT_VM,MT_DEX,MT_SP500,MT_TSX,MT_EAFE,MT_MM,AJUSTEMENT_MENSUEL_GAR,MT_RF,PC_REVENU_FDS,PC_RFG,PC_FRAIS_GARANTIE,PC_HONORAIRES_GEST,MT_GAR_ECH,MT_GAR_DECES,MT_BCB,MT_SRG,MT_MRV_MRG_MRA,M_MT_MRV_EXCEDENT,TAUX_MRV_MRG_MRA,MT_BONI_DECES,ID_PRODUIT,I_PRODUIT_REGR,I_PRODUIT_HEDGE,PC_GAR_ECH,PC_GAR_ECH_DEP_FUT,MAX_RESET_FACUL_ECH,RATIO_VM_VG_RESET_ECH,AGE_FIN_CONTRAT,PC_RENOUV_ECH,AGE_MAX_RENOUV_ECH,NB_AN_ECH,AGE_ECH_MIN,PC_GAR_DECES_1,PC_GAR_DECES_2,AGE_CHANG_DECES,FREQ_RESET_DECES,MAX_RESET_DECES,I_RESET_DECES_ECH,PC_BONI_DECES,MAX_BONI_DECES,AGE_MRV_PERMIS,PC_BONI_SRG,FREQ_RESET_SRG,MAX_RESET_SRG,I_FRAIS_SUR_SRG,TABLE_TAUX_MRV_MRG_MRA,MT_TPA_RETRAIT,MT_TPA_DEPOT,AJUSTEMENT_COMMISSION,MOIS_EVALUATION_INI,ANNEE_NAIS,MOIS_NAIS,ANNEE_COTIS,MOIS_COTIS,ANNEE_ECH,MOIS_ECH,I_REGIME,I_REGIME_2,AGE_DECAISSEMENT,I_SEXE,ID_LAPSE,ID_ACQUI,ID_DEPOT,VAR_RETRAIT_FCT,PC_RETRAIT_AGE,MT_RETRAIT_MAX,I_RESET_FACUL_ECH,ID_COMPTE,scn_eval,an_eval,mois_eval,scn_eval_int,an_eval_int,mois_eval_ext,TX_SURVIE_DEB,TX_ACTUALISATION_DEB,VALEUR_MARCHANDE,rc,AJUST_NOUV_AFFAIRES,MT_VM_AV_RETRAIT_FRAIS,duree_max10,VM_VG_RATIO,LAPSE_NIV_PART,LAPSE_NIV_TOT,LAPSE_TOT,LAPSE_PART,LAPSE,annee_reelle,AGE_RETRAIT,AGE,age_MORTALITE,RETRAIT,DEPOT_FUTUR,MT_VM_AV_RETRAIT,PRIMES_GARANTIES,VP_PRIMES_GARANTIES,MT_SRG_AV_RETRAIT,PREST_MRV,VP_PREST_MRV,MT_VM_AP_RETRAIT,MT_VM_AP_RETRAIT_DEPOT,PREST_DECES,VP_PREST_DECES,PREST_ECH,VP_PREST_ECH,PC_COMMISSION_MAINTIEN,PC_COMMISSION_VENTE,PC_FRAIS_AN,COMM_VENTE,VP_COMM_VENTE,FRAIS_ACQUIS,VP_FRAIS_ACQUIS,FRAIS_FIXES,VP_FRAIS_FIXES,HON_GEST,VP_HON_GEST,COMM_MAINTIEN,VP_COMM_MAINTIEN,PRIMES_VARIABLES,VP_PRIMES_VARIABLES,VP_FLUX_TOT,UNITE_COUVERTURE,VALEUR_GARANTIE,DEPOT_FUTUR_SURVIE,VP_VALEUR_MARCHANDE,REM_COMP_INV,CODE_CAT_PRODUIT,CAT_COUSSIN_1,CAT_COUSSIN_2,COUSSIN_DEPENSE,COUSSIN_DECHEANCE,COUSSIN_MORTALITE,PASSIF_REDRESSE,COUSSIN_CREDIT,COUSSIN_MARCHE,COUSSIN_DEPOT,VP_COUSSIN_DEPENSE,VP_COUSSIN_DECHEANCE,VP_COUSSIN_MORTALITE,VP_COUSSIN_DEPOT,VP_PASSIF_REDRESSE,VP_COUSSIN_CREDIT,VP_COUSSIN_MARCHE
0.006430457346141338,,,,,,,,-0.01350608840584755,0.0021177411545068026,0.07380975037813187,-0.05818919464945793,-0.033088717609643936,,,,,,,,,,,,,,,,,,,,,,,,,,,,,1416.314697265625,151.8147735595703,176.31263732910156,177.8174591064453,0.0,1922.2596435546875,1254.159423828125,1672.21337890625,,,,0.9889591932296753,0.0,,,,,,1922.2596435546875,177.8174591064453,1416.314697265625,151.8147735595703,176.31263732910156,0.0,0.0,0.0,0.0025676759,0.0025834837,0.0,0.000532711,1254.159423828125,1672.21337890625,0.0,0.0,0.0,0.0,0.0,0.0,17.0,0.0,0.0,0.75,0.75,0.0,0.0,99.0,1.0,99.0,999.0,0.0,1.0,0.0,999.0,0.0,0.0,0.0,0.0,999.0,0.0,0.0,0.0,0.0,0.0,0.0,0.0,0.0,1.0,7.0,1940.0,12.0,2021.0,9.0,2101.0,12.0,0.0,0.0,999.0,1.0,31.0,21.0,15.0,1.0,0.0,0.0,0.0,2,2,1,7,,,7,0.9889591932296753,,,,,,,,,,0.0337161161005497,0.020566828548908234,,,,84.0,,0.0,0.0,1922.2596435546875,0.0,,,0.0,,1922.2596435546875,,0.0,,0.0,,,,,-0.0,,0.195670485496521,,-14.870647430419922,,-0.08535433560609818,,-0.605737566947937,,0.4113556444644928,,,,,,,,,,,,,,,,,,,,,,,,
0.006430457346141338,,,,,,,,0.0011677203001454473,0.0025634977500885725,-0.08252603560686111,-0.03877057880163193,-0.03798674792051315,,,,,,,,,,,,,,,,,,,,,,,,,,,,,1362.7874755859375,146.07717895507812,169.64920043945312,171.09713745117188,0.0,1849.611083984375,1254.159423828125,1672.21337890625,,,,0.9780402779579163,0.0,,,,,,1849.611083984375,171.09713745117188,1362.7874755859375,146.07717895507812,169.64920043945312,0.0,0.0,0.0,0.0025676759,0.0025834837,0.0,0.000532711,1254.159423828125,1672.21337890625,0.0,0.0,0.0,0.0,0.0,0.0,17.0,0.0,0.0,0.75,0.75,0.0,0.0,99.0,1.0,99.0,999.0,0.0,1.0,0.0,999.0,0.0,0.0,0.0,0.0,999.0,0.0,0.0,0.0,0.0,0.0,0.0,0.0,0.0,1.0,7.0,1940.0,12.0,2021.0,9.0,2101.0,12.0,0.0,0.0,999.0,1.0,31.0,21.0,15.0,1.0,0.0,0.0,0.0,2,2,1,8,,,8,0.9780402779579163,,,,,,,,,,0.033716265112161636,0.02056669443845749,,,,84.0,,0.0,0.0,1849.611083984375,0.0,,,0.0,,1849.611083984375,,0.0,,0.0,,,,,-0.0,,0.18619678914546967,,-14.706463813781738,,-0.08122174441814423,,-0.576409637928009,,0.3914391100406647,,,,,,,,,,,,,,,,,,,,,,,,
0.006430457346141338,,,,,,,,-0.009928273037075996,0.002891568001359701,-0.030658811330795288,0.04989887401461601,0.030774753540754318,,,,,,,,,,,,,,,,,,,,,,,,,,,,,1413.26904296875,151.48829650878906,175.93348693847656,177.43507385253906,0.0,1918.1259765625,1254.159423828125,1672.21337890625,,,,0.966352105140686,0.0,,,,,,1918.1259765625,177.43507385253906,1413.26904296875,151.48829650878906,175.93348693847656,0.0,0.0,0.0,0.0025676759,0.0025834837,0.0,0.000532711,1254.159423828125,1672.21337890625,0.0,0.0,0.0,0.0,0.0,0.0,17.0,0.0,0.0,0.75,0.75,0.0,0.0,99.0,1.0,99.0,999.0,0.0,1.0,0.0,999.0,0.0,0.0,0.0,0.0,999.0,0.0,0.0,0.0,0.0,0.0,0.0,0.0,0.0,1.0,7.0,1940.0,12.0,2021.0,9.0,2101.0,12.0,0.0,0.0,999.0,1.0,31.0,21.0,15.0,1.0,0.0,0.0,0.0,2,2,1,9,,,9,0.966352105140686,,,,,,,,,,0.04410409554839134,0.02056669071316719,,,,84.0,,0.0,0.0,1918.1259765625,0.0,,,0.0,,1918.1259765625,,0.0,,0.0,,,,,-0.0,,0.18773123621940613,,-14.544092178344727,,-0.08330046385526657,,-0.7701108455657959,,0.4014572203159332,,,,,,,,,,,,,,,,,,,,,,,,
0.006430457346141338,,,,,,,,0.0021220738999545574,0.0028649333398789167,0.005916761700063944,-0.04531603679060936,-0.01062514167279005,,,,,,,,,,,,,,,,,,,,,,,,,,,,,1366.4107666015625,146.465576171875,170.1002655029297,171.5520477294922,0.0,1854.5286865234375,1254.159423828125,1672.21337890625,,,,0.9548035860061646,0.0,,,,,,1854.5286865234375,171.5520477294922,1366.4107666015625,146.465576171875,170.1002655029297,0.0,0.0,0.0,0.0025676759,0.0025834837,0.0,0.000532711,1254.159423828125,1672.21337890625,0.0,0.0,0.0,0.0,0.0,0.0,17.0,0.0,0.0,0.75,0.75,0.0,0.0,99.0,1.0,99.0,999.0,0.0,1.0,0.0,999.0,0.0,0.0,0.0,0.0,999.0,0.0,0.0,0.0,0.0,0.0,0.0,0.0,0.0,1.0,7.0,1940.0,12.0,2021.0,9.0,2101.0,12.0,0.0,0.0,999.0,1.0,31.0,21.0,15.0,1.0,0.0,0.0,0.0,2,2,1,10,,,10,0.9548035860061646,,,,,,,,,,0.044104088097810745,0.02056669443845749,,,,84.0,,0.0,0.0,1854.5286865234375,0.0,,,0.0,,1854.5286865234375,,0.0,,0.0,,,,,-0.0,,0.17933771014213562,,-14.370281219482422,,-0.07957607507705688,,-0.7356789708137512,,0.38350796699523926,,,,,,,,,,,,,,,,,,,,,,,,
0.006430457346141338,,,,,,,,-0.013547996059060097,-0.00015639199409633875,0.07903803139925003,0.010103141888976097,-0.05013520270586014,,,,,,,,,,,,,,,,,,,,,,,,,,,,,1377.3834228515625,147.6417236328125,171.46620178222656,172.92965698242188,0.0,1869.4210205078125,1254.159423828125,1672.21337890625,,,,0.9433930516242981,0.0,,,,,,1869.4210205078125,172.92965698242188,1377.3834228515625,147.6417236328125,171.46620178222656,0.0,0.0,0.0,0.0025676759,0.0025834837,0.0,0.000532711,1254.159423828125,1672.21337890625,0.0,0.0,0.0,0.0,0.0,0.0,17.0,0.0,0.0,0.75,0.75,0.0,0.0,99.0,1.0,99.0,999.0,0.0,1.0,0.0,999.0,0.0,0.0,0.0,0.0,999.0,0.0,0.0,0.0,0.0,0.0,0.0,0.0,0.0,1.0,7.0,1940.0,12.0,2021.0,9.0,2101.0,12.0,0.0,0.0,999.0,1.0,31.0,21.0,15.0,1.0,0.0,0.0,0.0,2,2,1,11,,,11,0.9433930516242981,,,,,,,,,,0.04410418123006821,0.020566651597619057,,,,84.0,,0.0,0.0,1869.4210205078125,0.0,,,0.0,,1869.4210205078125,,0.0,,0.0,,,,,-0.0,,0.17861756682395935,,-14.19854736328125,,-0.07925646752119064,,-0.7327242493629456,,0.3819676637649536,,,,,,,,,,,,,,,,,,,,,,,,
0.006430457346141338,,,,,,,,-0.008813664317131042,0.0029722487088292837,-0.1227366030216217,-0.019001804292201996,-0.05448995158076286,,,,,,,,,,,,,,,,,,,,,,,,,,,,,1337.61083984375,143.37850952148438,166.51504516601562,167.9362335205078,0.0,1815.440673828125,1254.159423828125,1672.21337890625,,,,0.9314082264900208,0.0,,,,,,1815.440673828125,167.9362335205078,1337.61083984375,143.37850952148438,166.51504516601562,0.0,0.0,0.0,0.0025676759,0.0025834837,0.0,0.000532711,1254.159423828125,1672.21337890625,0.0,0.0,0.0,0.0,0.0,0.0,17.0,0.0,0.0,0.75,0.75,0.0,0.0,99.0,1.0,99.0,999.0,0.0,1.0,0.0,999.0,0.0,0.0,0.0,0.0,999.0,0.0,0.0,0.0,0.0,0.0,0.0,0.0,0.0,1.0,7.0,1940.0,12.0,2021.0,9.0,2101.0,12.0,0.0,0.0,999.0,1.0,31.0,21.0,15.0,1.0,0.0,0.0,0.0,2,2,1,12,,,12,0.9314082264900208,,,,,,,,,,0.044104259461164474,0.0290884580463171,,,,85.0,,0.0,0.0,1815.440673828125,0.0,,,0.0,,1815.440673828125,,0.0,,0.0,,,,,-0.0,,0.19477605819702148,,-14.028865814208984,,-0.07604808360338211,,-0.7030628323554993,,0.3665052354335785,,,,,,,,,,,,,,,,,,,,,,,,
0.0029980274848639965,,,,,,,,-0.017189685255289078,0.0033205472864210606,-0.04228932783007622,-0.04170762374997139,-0.054419729858636856,,,,,,,,,,,,,,,,,,,,,,,,,,,,,1284.0936279296875,137.64198303222656,159.85284423828125,161.2171630859375,0.0,1742.8056640625,1254.159423828125,1672.21337890625,,,,0.9227524399757385,0.0,,,,,,1742.8056640625,161.2171630859375,1284.0936279296875,137.64198303222656,159.85284423828125,0.0,0.0,0.0,0.0025676759,0.0025834837,0.0,0.000532711,1254.159423828125,1672.21337890625,0.0,0.0,0.0,0.0,0.0,0.0,17.0,0.0,0.0,0.75,0.75,0.0,0.0,99.0,1.0,99.0,999.0,0.0,1.0,0.0,999.0,0.0,0.0,0.0,0.0,999.0,0.0,0.0,0.0,0.0,0.0,0.0,0.0,0.0,1.0,7.0,1940.0,12.0,2021.0,9.0,2101.0,12.0,0.0,0.0,999.0,1.0,31.0,21.0,15.0,1.0,0.0,0.0,0.0,2,2,2,1,,,1,0.9227524399757385,,,,,,,,,,0.04410450533032417,0.0290884617716074,,,,85.0,,0.0,0.0,1742.8056640625,0.0,,,0.0,,1742.8056640625,,0.0,,0.0,,,,,-0.0,,0.18524612486362457,,-5.21724796295166,,-0.07207797467708588,,-0.6663591861724854,,0.3473716974258423,,,,,,,,,,,,,,,,,,,,,,,,
0.0029980274848639965,,,,,,,,0.022392716258764267,0.002619392005726695,0.027574043720960617,-0.016004206612706184,-0.05454694479703903,,,,,,,,,,,,,,,,,,,,,,,,,,,,,1268.072021484375,135.9246368408203,157.85836791992188,159.20567321777344,0.0,1721.0606689453125,1254.159423828125,1672.21337890625,,,,0.9141770601272583,0.0,,,,,,1721.0606689453125,159.20567321777344,1268.072021484375,135.9246368408203,157.85836791992188,0.0,0.0,0.0,0.0025676759,0.0025834837,0.0,0.000532711,1254.159423828125,1672.21337890625,0.0,0.0,0.0,0.0,0.0,0.0,17.0,0.0,0.0,0.75,0.75,0.0,0.0,99.0,1.0,99.0,999.0,0.0,1.0,0.0,999.0,0.0,0.0,0.0,0.0,999.0,0.0,0.0,0.0,0.0,0.0,0.0,0.0,0.0,1.0,7.0,1940.0,12.0,2021.0,9.0,2101.0,12.0,0.0,0.0,999.0,1.0,31.0,21.0,15.0,1.0,0.0,0.0,0.0,2,2,2,2,,,2,0.9141770601272583,,,,,,,,,,0.044104691594839096,0.029088463634252548,,,,85.0,,0.0,0.0,1721.0606689453125,0.0,,,0.0,,1721.0606689453125,,0.0,,0.0,,,,,-0.0,,0.18123523890972137,,-5.168762683868408,,-0.07051718235015869,,-0.6519296765327454,,0.33984965085983276,,,,,,,,,,,,,,,,,,,,,,,,
0.0029980274848639965,,,,,,,,-0.021297648549079895,-0.0002740529889706522,0.049622874706983566,-0.05480526015162468,-0.05329924076795578,,,,,,,,,,,,,,,,,,,,,,,,,,,,,1214.5694580078125,130.189697265625,151.197998046875,152.48846435546875,0.0,1648.4456787109375,1254.159423828125,1672.21337890625,,,,0.9056813716888428,0.0,,,,,,1648.4456787109375,152.48846435546875,1214.5694580078125,130.189697265625,151.197998046875,0.0,0.0,0.0,0.0025676759,0.0025834837,0.0,0.000532711,1254.159423828125,1672.21337890625,0.0,0.0,0.0,0.0,0.0,0.0,17.0,0.0,0.0,0.75,0.75,0.0,0.0,99.0,1.0,99.0,999.0,0.0,1.0,0.0,999.0,0.0,0.0,0.0,0.0,999.0,0.0,0.0,0.0,0.0,0.0,0.0,0.0,0.0,1.0,7.0,1940.0,12.0,2021.0,9.0,2101.0,12.0,0.0,0.0,999.0,1.0,31.0,21.0,15.0,1.0,0.0,0.0,0.0,2,2,2,3,,,3,0.9056813716888428,,,,,,,,,,0.04410487413406372,0.029088465496897697,,,,85.0,,0.0,0.0,1648.4456787109375,0.0,,,0.0,,1648.4456787109375,,-0.06514088809490204,,0.0,,,,,-0.0,,0.17197579145431519,,-5.120728015899658,,-0.06691423058509827,,-0.6186205148696899,,0.32248562574386597,,,,,,,,,,,,,,,,,,,,,,,,
0.0029980274848639965,,,,,,,,0.03456855192780495,0.0016172274481505156,0.008773980662226677,0.003066180506721139,-0.02739579975605011,,,,,,,,,,,,,,,,,,,,,,,,,,,,,1218.8416748046875,130.64764404296875,151.72984313964844,153.02484130859375,0.0,1654.2440185546875,1254.159423828125,1672.21337890625,,,,0.8972645998001099,0.0,,,,,,1654.2440185546875,153.02484130859375,1218.8416748046875,130.64764404296875,151.72984313964844,0.0,0.0,0.0,0.0025676759,0.0025834837,0.0,0.000532711,1254.159423828125,1672.21337890625,0.0,0.0,0.0,0.0,0.0,0.0,17.0,0.0,0.0,0.75,0.75,0.0,0.0,99.0,1.0,99.0,999.0,0.0,1.0,0.0,999.0,0.0,0.0,0.0,0.0,999.0,0.0,0.0,0.0,0.0,0.0,0.0,0.0,0.0,1.0,7.0,1940.0,12.0,2021.0,9.0,2101.0,12.0,0.0,0.0,999.0,1.0,31.0,21.0,15.0,1.0,0.0,0.0,0.0,2,2,2,4,,,4,0.8972645998001099,,,,,,,,,,0.04410500451922417,0.029088465496897697,,,,85.0,,0.0,0.0,1654.2440185546875,0.0,,,0.0,,1654.2440185546875,,-0.04879135638475418,,0.0,,,,,-0.0,,0.17097720503807068,,-5.073139667510986,,-0.06652556359767914,,-0.6150273084640503,,0.32061249017715454,,,,,,,,,,,,,,,,,,,,,,,,
0.0029980274848639965,,,,,,,,0.007409483660012484,-0.00037816300755366683,0.03961850702762604,0.025986043736338615,0.04111046716570854,,,,,,,,,,,,,,,,,,,,,,,,,,,,,1251.635009765625,134.16275024414062,155.81216430664062,157.1420135498047,0.0,1698.751953125,1254.159423828125,1672.21337890625,,,,0.888926088809967,0.0,,,,,,1698.751953125,157.1420135498047,1251.635009765625,134.16275024414062,155.81216430664062,0.0,0.0,0.0,0.0025676759,0.0025834837,0.0,0.000532711,1254.159423828125,1672.21337890625,0.0,0.0,0.0,0.0,0.0,0.0,17.0,0.0,0.0,0.75,0.75,0.0,0.0,99.0,1.0,99.0,999.0,0.0,1.0,0.0,999.0,0.0,0.0,0.0,0.0,999.0,0.0,0.0,0.0,0.0,0.0,0.0,0.0,0.0,1.0,7.0,1940.0,12.0,2021.0,9.0,2101.0,12.0,0.0,0.0,999.0,1.0,31.0,21.0,15.0,1.0,0.0,0.0,0.0,2,2,2,5,,,5,0.888926088809967,,,,,,,,,,0.04410490766167641,0.029088465496897697,,,,85.0,,0.0,0.0,1698.751953125,0.0,,,0.0,,1698.751953125,,0.0,,0.0,,,,,-0.0,,0.17394545674324036,,-5.025993824005127,,-0.06768057495355606,,-0.625705361366272,,0.3261789381504059,,,,,,,,,,,,,,,,,,,,,,,,
0.007852228358387947,,,,,,,,-0.00704338401556015,-0.0011157089611515403,-0.020132994279265404,0.0072140321135520935,0.021163810044527054,,,,,,,,,,,,,,,,,,,,,,,,,,,,,1257.713623046875,134.81431579589844,156.56887817382812,157.90518188476562,0.0,1707.0020751953125,1254.159423828125,1672.21337890625,,,,0.876377284526825,0.0,,,,,,1707.0020751953125,157.90518188476562,1257.713623046875,134.81431579589844,156.56887817382812,0.0,0.0,0.0,0.0025676759,0.0025834837,0.0,0.000532711,1254.159423828125,1672.21337890625,0.0,0.0,0.0,0.0,0.0,0.0,17.0,0.0,0.0,0.75,0.75,0.0,0.0,99.0,1.0,99.0,999.0,0.0,1.0,0.0,999.0,0.0,0.0,0.0,0.0,999.0,0.0,0.0,0.0,0.0,0.0,0.0,0.0,0.0,1.0,7.0,1940.0,12.0,2021.0,9.0,2101.0,12.0,0.0,0.0,999.0,1.0,31.0,21.0,15.0,1.0,0.0,0.0,0.0,2,2,2,6,,,6,0.876377284526825,,,,,,,,,,0.04410480335354805,0.029088463634252548,,,,85.0,,0.0,0.0,1707.0020751953125,0.0,,,0.0,,1707.0020751953125,,0.0,,0.0,,,,,-0.0,,0.17232249677181244,,-4.979285717010498,,-0.0673772394657135,,-0.6229010820388794,,0.32471707463264465,,,,,,,,,,,,,,,,,,,,,,,,
0.007852228358387947,,,,,,,,0.012617726810276508,0.0006924212793819606,0.04376957193017006,-0.005139503162354231,0.010912843979895115,,,,,,,,,,,,,,,,,,,,,,,,,,,,,1259.879150390625,135.04644775390625,156.83847045898438,158.17706298828125,0.0,1709.941162109375,1254.159423828125,1672.21337890625,,,,0.8640056252479553,0.0,,,,,,1709.941162109375,158.17706298828125,1259.879150390625,135.04644775390625,156.83847045898438,0.0,0.0,0.0,0.0025676759,0.0025834837,0.0,0.000532711,1254.159423828125,1672.21337890625,0.0,0.0,0.0,0.0,0.0,0.0,17.0,0.0,0.0,0.75,0.75,0.0,0.0,99.0,1.0,99.0,999.0,0.0,1.0,0.0,999.0,0.0,0.0,0.0,0.0,999.0,0.0,0.0,0.0,0.0,0.0,0.0,0.0,0.0,1.0,7.0,1940.0,12.0,2021.0,9.0,2101.0,12.0,0.0,0.0,999.0,1.0,31.0,21.0,15.0,1.0,0.0,0.0,0.0,2,2,2,7,,,7,0.8640056252479553,,,,,,,,,,0.04410478100180626,0.029088463634252548,,,,85.0,,0.0,0.0,1709.941162109375,0.0,,,0.0,,1709.941162109375,,0.0,,0.0,,,,,-0.0,,0.17018231749534607,,-4.908994197845459,,-0.06654046475887299,,-0.6151650547981262,,0.3206843137741089,,,,,,,,,,,,,,,,,,,,,,,,
0.007852228358387947,,,,,,,,-0.0003119810135103762,0.0017940932884812355,-0.06465668231248856,-0.04198639839887619,-0.061376579105854034,,,,,,,,,,,,,,,,,,,,,,,,,,,,,1208.305419921875,129.51824951171875,150.418212890625,151.70201110839844,0.0,1639.9439697265625,1254.159423828125,1672.21337890625,,,,0.8518086075782776,0.0,,,,,,1639.9439697265625,151.70201110839844,1208.305419921875,129.51824951171875,150.418212890625,0.0,0.0,0.0,0.0025676759,0.0025834837,0.0,0.000532711,1254.159423828125,1672.21337890625,0.0,0.0,0.0,0.0,0.0,0.0,17.0,0.0,0.0,0.75,0.75,0.0,0.0,99.0,1.0,99.0,999.0,0.0,1.0,0.0,999.0,0.0,0.0,0.0,0.0,999.0,0.0,0.0,0.0,0.0,0.0,0.0,0.0,0.0,1.0,7.0,1940.0,12.0,2021.0,9.0,2101.0,12.0,0.0,0.0,999.0,1.0,31.0,21.0,15.0,1.0,0.0,0.0,0.0,2,2,2,8,,,8,0.8518086075782776,,,,,,,,,,0.044104911386966705,0.029088465496897697,,,,85.0,,0.0,0.0,1639.9439697265625,0.0,,,0.0,,1639.9439697265625,,-0.21892793476581573,,0.0,,,,,-0.0,,0.16091203689575195,,-4.839694499969482,,-0.06291571259498596,,-0.5816543102264404,,0.3032152056694031,,,,,,,,,,,,,,,,,,,,,,,,
0.007852228358387947,,,,,,,,0.008100979030132294,0.002524974290281534,-0.1282806545495987,-0.03747403994202614,-0.08411584794521332,,,,,,,,,,,,,,,,,,,,,,,,,,,,,1155.790771484375,123.88921356201172,143.88082885742188,145.10882568359375,0.0,1568.669677734375,1254.159423828125,1672.21337890625,,,,0.8388898372650146,0.0,,,,,,1568.669677734375,145.10882568359375,1155.790771484375,123.88921356201172,143.88082885742188,0.0,0.0,0.0,0.0025676759,0.0025834837,0.0,0.000532711,1254.159423828125,1672.21337890625,0.0,0.0,0.0,0.0,0.0,0.0,17.0,0.0,0.0,0.75,0.75,0.0,0.0,99.0,1.0,99.0,999.0,0.0,1.0,0.0,999.0,0.0,0.0,0.0,0.0,999.0,0.0,0.0,0.0,0.0,0.0,0.0,0.0,0.0,1.0,7.0,1940.0,12.0,2021.0,9.0,2101.0,12.0,0.0,0.0,999.0,1.0,31.0,21.0,15.0,1.0,0.0,0.0,0.0,2,2,2,9,,,9,0.8388898372650146,,,,,,,,,,0.05587492510676384,0.029088467359542847,,,,85.0,,0.0,0.0,1568.669677734375,0.0,,,0.0,,1568.669677734375,,-0.6925618648529053,,0.0,,,,,-0.0,,0.043891046196222305,,-4.771373748779297,,-0.0593317374587059,,-0.26543179154396057,,0.2859426736831665,,,,,,,,,,,,,,,,,,,,,,,,
0.007852228358387947,,,,,,,,0.006562656722962856,0.00013521309301722795,-0.04532473534345627,0.08142676204442978,0.02489589713513851,,,,,,,,,,,,,,,,,,,,,,,,,,,,,1227.1009521484375,131.53294372558594,152.75799560546875,154.06178283691406,0.0,1665.4537353515625,1254.159423828125,1672.21337890625,,,,0.8261669874191284,0.0,,,,,,1665.4537353515625,154.06178283691406,1227.1009521484375,131.53294372558594,152.75799560546875,0.0,0.0,0.0,0.0025676759,0.0025834837,0.0,0.000532711,1254.159423828125,1672.21337890625,0.0,0.0,0.0,0.0,0.0,0.0,17.0,0.0,0.0,0.75,0.75,0.0,0.0,99.0,1.0,99.0,999.0,0.0,1.0,0.0,999.0,0.0,0.0,0.0,0.0,999.0,0.0,0.0,0.0,0.0,0.0,0.0,0.0,0.0,1.0,7.0,1940.0,12.0,2021.0,9.0,2101.0,12.0,0.0,0.0,999.0,1.0,31.0,21.0,15.0,1.0,0.0,0.0,0.0,2,2,2,10,,,10,0.8261669874191284,,,,,,,,,,0.05587483569979668,0.029088467359542847,,,,85.0,,0.0,0.0,1665.4537353515625,0.0,,,0.0,,1665.4537353515625,,-0.04452710226178169,,0.0,,,,,-0.0,,0.04589225351810455,,-4.699009418487549,,-0.06203703582286835,,-0.27753445506095886,,0.2989805340766907,,,,,,,,,,,,,,,,,,,,,,,,
0.007852228358387947,,,,,,,,0.005865094251930714,0.004437306895852089,-0.05024232715368271,-0.024325469508767128,-0.03828174248337746,,,,,,,,,,,,,,,,,,,,,,,,,,,,,1196.8070068359375,128.28573608398438,148.98680114746094,150.25839233398438,0.0,1624.337890625,1254.159423828125,1672.21337890625,,,,0.8136370778083801,0.0,,,,,,1624.337890625,150.25839233398438,1196.8070068359375,128.28573608398438,148.98680114746094,0.0,0.0,0.0,0.0025676759,0.0025834837,0.0,0.000532711,1254.159423828125,1672.21337890625,0.0,0.0,0.0,0.0,0.0,0.0,17.0,0.0,0.0,0.75,0.75,0.0,0.0,99.0,1.0,99.0,999.0,0.0,1.0,0.0,999.0,0.0,0.0,0.0,0.0,999.0,0.0,0.0,0.0,0.0,0.0,0.0,0.0,0.0,1.0,7.0,1940.0,12.0,2021.0,9.0,2101.0,12.0,0.0,0.0,999.0,1.0,31.0,21.0,15.0,1.0,0.0,0.0,0.0,2,2,2,11,,,11,0.8136370778083801,,,,,,,,,,0.05587464198470116,0.029088465496897697,,,,85.0,,0.0,0.0,1624.337890625,0.0,,,0.0,,1624.337890625,,-0.3105802834033966,,0.0,,,,,-0.0,,0.044080354273319244,,-4.627742767333984,,-0.05958785489201546,,-0.2665775716304779,,0.2871769666671753,,,,,,,,,,,,,,,,,,,,,,,,
0.007852228358387947,,,,,,,,0.030803462490439415,0.005689097102731466,-0.03333962336182594,0.009622893296182156,0.030447186902165413,,,,,,,,,,,,,,,,,,,,,,,,,,,,,1208.830810546875,129.57456970214844,150.48361206054688,151.76797485351562,0.0,1640.656982421875,1254.159423828125,1672.21337890625,,,,0.8013163208961487,0.0,,,,,,1640.656982421875,151.76797485351562,1208.830810546875,129.57456970214844,150.48361206054688,0.0,0.0,0.0,0.0025676759,0.0025834837,0.0,0.000532711,1254.159423828125,1672.21337890625,0.0,0.0,0.0,0.0,0.0,0.0,17.0,0.0,0.0,0.75,0.75,0.0,0.0,99.0,1.0,99.0,999.0,0.0,1.0,0.0,999.0,0.0,0.0,0.0,0.0,999.0,0.0,0.0,0.0,0.0,0.0,0.0,0.0,0.0,1.0,7.0,1940.0,12.0,2021.0,9.0,2101.0,12.0,0.0,0.0,999.0,1.0,31.0,21.0,15.0,1.0,0.0,0.0,0.0,2,2,2,12,,,12,0.8013163208961487,,,,,,,,,,0.05587472766637802,0.028826823458075523,,,,86.0,,0.0,0.0,1640.656982421875,0.0,,,0.0,,1640.656982421875,,-0.2016097456216812,,0.0,,,,,-0.0,,0.04370734095573425,,-4.557557106018066,,-0.05927370488643646,,-0.26517215371131897,,0.285662978887558,,,,,,,,,,,,,,,,,,,,,,,,
0.004219998139888048,,,,,,,,0.022202277556061745,0.004370744805783033,0.1306799054145813,0.057610925287008286,0.025475313887000084,,,,,,,,,,,,,,,,,,,,,,,,,,,,,1280.0731201171875,137.21102905273438,159.35235595703125,160.71240234375,0.0,1737.3489990234375,1254.159423828125,1672.21337890625,,,,0.7920713424682617,0.0,,,,,,1737.3489990234375,160.71240234375,1280.0731201171875,137.21102905273438,159.35235595703125,0.0,0.0,0.0,0.0025676759,0.0025834837,0.0,0.000532711,1254.159423828125,1672.21337890625,0.0,0.0,0.0,0.0,0.0,0.0,17.0,0.0,0.0,0.75,0.75,0.0,0.0,99.0,1.0,99.0,999.0,0.0,1.0,0.0,999.0,0.0,0.0,0.0,0.0,999.0,0.0,0.0,0.0,0.0,0.0,0.0,0.0,0.0,1.0,7.0,1940.0,12.0,2021.0,9.0,2101.0,12.0,0.0,0.0,999.0,1.0,31.0,21.0,15.0,1.0,0.0,0.0,0.0,2,2,3,1,,,1,0.7920713424682617,,,,,,,,,,0.055874332785606384,0.028826788067817688,,,,86.0,,0.0,0.0,1737.3489990234375,0.0,,,0.0,,1737.3489990234375,,0.0,,0.0,,,,,-0.0,,0.0457490049302578,,-3.6673943996429443,,-0.06181652843952179,,-0.27654796838760376,,0.29791781306266785,,,,,,,,,,,,,,,,,,,,,,,,
0.004219998139888048,,,,,,,,0.02087170071899891,0.0019622533582150936,-0.08001615852117538,-0.030944285914301872,-0.05557714030146599,,,,,,,,,,,,,,,,,,,,,,,,,,,,,1239.4439697265625,132.85598754882812,154.29454040527344,155.61143493652344,0.0,1682.2059326171875,1254.159423828125,1672.21337890625,,,,0.7829330563545227,0.0,,,,,,1682.2059326171875,155.61143493652344,1239.4439697265625,132.85598754882812,154.29454040527344,0.0,0.0,0.0,0.0025676759,0.0025834837,0.0,0.000532711,1254.159423828125,1672.21337890625,0.0,0.0,0.0,0.0,0.0,0.0,17.0,0.0,0.0,0.75,0.75,0.0,0.0,99.0,1.0,99.0,999.0,0.0,1.0,0.0,999.0,0.0,0.0,0.0,0.0,999.0,0.0,0.0,0.0,0.0,0.0,0.0,0.0,0.0,1.0,7.0,1940.0,12.0,2021.0,9.0,2101.0,12.0,0.0,0.0,999.0,1.0,31.0,21.0,15.0,1.0,0.0,0.0,0.0,2,2,3,2,,,2,0.7829330563545227,,,,,,,,,,0.055874187499284744,0.028826775029301643,,,,86.0,,0.0,0.0,1682.2059326171875,0.0,,,0.0,,1682.2059326171875,,0.0,,0.0,,,,,-0.0,,0.04378579184412956,,-3.6250827312469482,,-0.05916392803192139,,-0.2646810710430145,,0.2851339280605316,,,,,,,,,,,,,,,,,,,,,,,,
0.004219998139888048,,,,,,,,0.005865340121090412,0.004986525978893042,0.047523923218250275,0.031235896050930023,0.027578210458159447,,,,,,,,,,,,,,,,,,,,,,,,,,,,,1276.761962890625,136.85610961914062,158.94015502929688,160.29669189453125,0.0,1732.85498046875,1254.159423828125,1672.21337890625,,,,0.7739001512527466,0.0,,,,,,1732.85498046875,160.29669189453125,1276.761962890625,136.85610961914062,158.94015502929688,0.0,0.0,0.0,0.0025676759,0.0025834837,0.0,0.000532711,1254.159423828125,1672.21337890625,0.0,0.0,0.0,0.0,0.0,0.0,17.0,0.0,0.0,0.75,0.75,0.0,0.0,99.0,1.0,99.0,999.0,0.0,1.0,0.0,999.0,0.0,0.0,0.0,0.0,999.0,0.0,0.0,0.0,0.0,0.0,0.0,0.0,0.0,1.0,7.0,1940.0,12.0,2021.0,9.0,2101.0,12.0,0.0,0.0,999.0,1.0,31.0,21.0,15.0,1.0,0.0,0.0,0.0,2,2,3,3,,,3,0.7739001512527466,,,,,,,,,,0.05587420612573624,0.028826775029301643,,,,86.0,,0.0,0.0,1732.85498046875,0.0,,,0.0,,1732.85498046875,,0.0,,0.0,,,,,-0.0,,0.044583760201931,,-3.583259344100952,,-0.06024213880300522,,-0.2695046365261078,,0.2903302311897278,,,,,,,,,,,,,,,,,,,,,,,,
0.004219998139888048,,,,,,,,-0.006467685103416443,0.002404547994956374,0.019053710624575615,0.03772908076643944,0.009966934099793434,,,,,,,,,,,,,,,,,,,,,,,,,,,,,1315.00048828125,140.95489501953125,163.70034790039062,165.09750366210938,0.0,1784.753173828125,1254.159423828125,1672.21337890625,,,,0.7649715542793274,0.0,,,,,,1784.753173828125,165.09750366210938,1315.00048828125,140.95489501953125,163.70034790039062,0.0,0.0,0.0,0.0025676759,0.0025834837,0.0,0.000532711,1254.159423828125,1672.21337890625,0.0,0.0,0.0,0.0,0.0,0.0,17.0,0.0,0.0,0.75,0.75,0.0,0.0,99.0,1.0,99.0,999.0,0.0,1.0,0.0,999.0,0.0,0.0,0.0,0.0,999.0,0.0,0.0,0.0,0.0,0.0,0.0,0.0,0.0,1.0,7.0,1940.0,12.0,2021.0,9.0,2101.0,12.0,0.0,0.0,999.0,1.0,31.0,21.0,15.0,1.0,0.0,0.0,0.0,2,2,3,4,,,4,0.7649715542793274,,,,,,,,,,0.055873844772577286,0.028826743364334106,,,,86.0,,0.0,0.0,1784.753173828125,0.0,,,0.0,,1784.753173828125,,0.0,,0.0,,,,,-0.0,,0.045389026403427124,,-3.5419182777404785,,-0.06133052334189415,,-0.27437373995780945,,0.2955755591392517,,,,,,,,,,,,,,,,,,,,,,,,
0.004219998139888048,,,,,,,,0.009938579052686691,0.0019818763248622417,0.10487722605466843,0.046320412307977676,0.08178478479385376,,,,,,,,,,,,,,,,,,,,,,,,,,,,,1383.6151123046875,148.3096923828125,172.24197387695312,173.7120361328125,0.0,1877.87890625,1254.159423828125,1672.21337890625,,,,0.7561459541320801,0.0,,,,,,1877.87890625,173.7120361328125,1383.6151123046875,148.3096923828125,172.24197387695312,0.0,0.0,0.0,0.0025676759,0.0025834837,0.0,0.000532711,1254.159423828125,1672.21337890625,0.0,0.0,0.0,0.0,0.0,0.0,17.0,0.0,0.0,0.75,0.75,0.0,0.0,99.0,1.0,99.0,999.0,0.0,1.0,0.0,999.0,0.0,0.0,0.0,0.0,999.0,0.0,0.0,0.0,0.0,0.0,0.0,0.0,0.0,1.0,7.0,1940.0,12.0,2021.0,9.0,2101.0,12.0,0.0,0.0,999.0,1.0,31.0,21.0,15.0,1.0,0.0,0.0,0.0,2,2,3,5,,,5,0.7561459541320801,,,,,,,,,,0.055873338133096695,0.028826698660850525,,,,86.0,,0.0,0.0,1877.87890625,0.0,,,0.0,,1877.87890625,,0.0,,0.0,,,,,-0.0,,0.047206051647663116,,-3.501054525375366,,-0.06378614902496338,,-0.2853594422340393,,0.30741021037101746,,,,,,,,,,,,,,,,,,,,,,,,
0.00463054608553648,,,,,,,,0.01889330893754959,0.0013998838840052485,-0.013389221392571926,0.08285824209451675,0.10253944247961044,,,,,,,,,,,,,,,,,,,,,,,,,,,,,1486.053955078125,159.2901153564453,184.9942626953125,186.5731658935547,0.0,2016.91162109375,1254.159423828125,1672.21337890625,,,,0.7471140623092651,0.0,,,,,,2016.91162109375,186.5731658935547,1486.053955078125,159.2901153564453,184.9942626953125,0.0,0.0,0.0,0.0025676759,0.0025834837,0.0,0.000532711,1254.159423828125,1672.21337890625,0.0,0.0,0.0,0.0,0.0,0.0,17.0,0.0,0.0,0.75,0.75,0.0,0.0,99.0,1.0,99.0,999.0,0.0,1.0,0.0,999.0,0.0,0.0,0.0,0.0,999.0,0.0,0.0,0.0,0.0,0.0,0.0,0.0,0.0,1.0,7.0,1940.0,12.0,2021.0,9.0,2101.0,12.0,0.0,0.0,999.0,1.0,31.0,21.0,15.0,1.0,0.0,0.0,0.0,2,2,3,6,,,6,0.7471140623092651,,,,,,,,,,0.05587252974510193,0.028826624155044556,,,,86.0,,0.0,0.0,2016.91162109375,0.0,,,0.0,,2016.91162109375,,0.0,,0.0,,,,,-0.0,,0.05009489506483078,,-3.460662364959717,,-0.06771829724311829,,-0.3029506504535675,,0.3263607323169708,,,,,,,,,,,,,,,,,,,,,,,,
0.00463054608553648,,,,,,,,-0.019006328657269478,0.0030819810926914215,0.03695422410964966,-0.039614301174879074,-0.025518987327814102,,,,,,,,,,,,,,,,,,,,,,,,,,,,,1441.61279296875,154.52647399902344,179.46192932128906,180.9936065673828,0.0,1956.5948486328125,1254.159423828125,1672.21337890625,,,,0.7381901144981384,0.0,,,,,,1956.5948486328125,180.9936065673828,1441.61279296875,154.52647399902344,179.46192932128906,0.0,0.0,0.0,0.0025676759,0.0025834837,0.0,0.000532711,1254.159423828125,1672.21337890625,0.0,0.0,0.0,0.0,0.0,0.0,17.0,0.0,0.0,0.75,0.75,0.0,0.0,99.0,1.0,99.0,999.0,0.0,1.0,0.0,999.0,0.0,0.0,0.0,0.0,999.0,0.0,0.0,0.0,0.0,0.0,0.0,0.0,0.0,1.0,7.0,1940.0,12.0,2021.0,9.0,2101.0,12.0,0.0,0.0,999.0,1.0,31.0,21.0,15.0,1.0,0.0,0.0,0.0,2,2,3,7,,,7,0.7381901144981384,,,,,,,,,,0.05587225407361984,0.028826599940657616,,,,86.0,,0.0,0.0,1956.5948486328125,0.0,,,0.0,,1956.5948486328125,,0.0,,0.0,,,,,-0.0,,0.04801613837480545,,-3.4193263053894043,,-0.064908467233181,,-0.2903803586959839,,0.31281909346580505,,,,,,,,,,,,,,,,,,,,,,,,
0.00463054608553648,,,,,,,,-0.01470537856221199,0.005744015797972679,-0.061948057264089584,-0.07174690067768097,-0.13292813301086426,,,,,,,,,,,,,,,,,,,,,,,,,,,,,1342.541259765625,143.906982421875,167.12879943847656,168.55523681640625,0.0,1822.13232421875,1254.159423828125,1672.21337890625,,,,0.7293727397918701,0.0,,,,,,1822.13232421875,168.55523681640625,1342.541259765625,143.906982421875,167.12879943847656,0.0,0.0,0.0,0.0025676759,0.0025834837,0.0,0.000532711,1254.159423828125,1672.21337890625,0.0,0.0,0.0,0.0,0.0,0.0,17.0,0.0,0.0,0.75,0.75,0.0,0.0,99.0,1.0,99.0,999.0,0.0,1.0,0.0,999.0,0.0,0.0,0.0,0.0,999.0,0.0,0.0,0.0,0.0,0.0,0.0,0.0,0.0,1.0,7.0,1940.0,12.0,2021.0,9.0,2101.0,12.0,0.0,0.0,999.0,1.0,31.0,21.0,15.0,1.0,0.0,0.0,0.0,2,2,3,8,,,8,0.7293727397918701,,,,,,,,,,0.05587293580174446,0.02882666140794754,,,,86.0,,0.0,0.0,1822.13232421875,0.0,,,0.0,,1822.13232421875,,0.0,,0.0,,,,,-0.0,,0.04418262466788292,,-3.378483772277832,,-0.05972575768828392,,-0.2671945095062256,,0.2878415882587433,,,,,,,,,,,,,,,,,,,,,,,,
0.00463054608553648,,,,,,,,0.012522881850600243,0.0016967166448011994,0.03983845189213753,0.0905950516462326,0.05852556228637695,,,,,,,,,,,,,,,,,,,,,,,,,,,,,1449.324951171875,155.35313415527344,180.42198181152344,181.9618682861328,0.0,1967.06201171875,1254.159423828125,1672.21337890625,,,,0.7176761627197266,0.0,,,,,,1967.06201171875,181.9618682861328,1449.324951171875,155.35313415527344,180.42198181152344,0.0,0.0,0.0,0.0025676759,0.0025834837,0.0,0.000532711,1254.159423828125,1672.21337890625,0.0,0.0,0.0,0.0,0.0,0.0,17.0,0.0,0.0,0.75,0.75,0.0,0.0,99.0,1.0,99.0,999.0,0.0,1.0,0.0,999.0,0.0,0.0,0.0,0.0,999.0,0.0,0.0,0.0,0.0,0.0,0.0,0.0,0.0,1.0,7.0,1940.0,12.0,2021.0,9.0,2101.0,12.0,0.0,0.0,999.0,1.0,31.0,21.0,15.0,1.0,0.0,0.0,0.0,2,2,3,9,,,9,0.7176761627197266,,,,,,,,,,0.10033759474754333,0.028826657682657242,,,,86.0,,0.0,0.0,1967.06201171875,0.0,,,0.0,,1967.06201171875,,0.0,,0.0,,,,,-0.0,,0.0,,-3.3381290435791016,,-0.06370611488819122,,-0.7995344996452332,,0.30702444911003113,,,,,,,,,,,,,,,,,,,,,,,,
0.00463054608553648,,,,,,,,0.020670613273978233,0.005222938023507595,0.042165618389844894,0.07290783524513245,0.059110723435878754,,,,,,,,,,,,,,,,,,,,,,,,,,,,,1545.5802001953125,165.6707305908203,192.4044952392578,194.04666137695312,0.0,2097.7021484375,1254.159423828125,1672.21337890625,,,,0.7061669826507568,0.0,,,,,,2097.7021484375,194.04666137695312,1545.5802001953125,165.6707305908203,192.4044952392578,0.0,0.0,0.0,0.0025676759,0.0025834837,0.0,0.000532711,1254.159423828125,1672.21337890625,0.0,0.0,0.0,0.0,0.0,0.0,17.0,0.0,0.0,0.75,0.75,0.0,0.0,99.0,1.0,99.0,999.0,0.0,1.0,0.0,999.0,0.0,0.0,0.0,0.0,999.0,0.0,0.0,0.0,0.0,0.0,0.0,0.0,0.0,1.0,7.0,1940.0,12.0,2021.0,9.0,2101.0,12.0,0.0,0.0,999.0,1.0,31.0,21.0,15.0,1.0,0.0,0.0,0.0,2,2,3,10,,,10,0.7061669826507568,,,,,,,,,,0.10034023225307465,0.028826572000980377,,,,86.0,,0.0,0.0,2097.7021484375,0.0,,,0.0,,2097.7021484375,,0.0,,0.0,,,,,-0.0,,0.0,,-3.284597158432007,,-0.06684760749340057,,-0.8389614224433899,,0.3221645653247833,,,,,,,,,,,,,,,,,,,,,,,,
0.00463054608553648,,,,,,,,0.025764035061001778,0.0040549179539084435,0.06865415722131729,0.04086846113204956,0.08454433083534241,,,,,,,,,,,,,,,,,,,,,,,,,,,,,1617.648681640625,173.395751953125,201.37608337402344,203.0948028564453,0.0,2195.515380859375,1254.159423828125,1672.21337890625,,,,0.6948422193527222,0.0,,,,,,2195.515380859375,203.0948028564453,1617.648681640625,173.395751953125,201.37608337402344,0.0,0.0,0.0,0.0025676759,0.0025834837,0.0,0.000532711,1254.159423828125,1672.21337890625,0.0,0.0,0.0,0.0,0.0,0.0,17.0,0.0,0.0,0.75,0.75,0.0,0.0,99.0,1.0,99.0,999.0,0.0,1.0,0.0,999.0,0.0,0.0,0.0,0.0,999.0,0.0,0.0,0.0,0.0,0.0,0.0,0.0,0.0,1.0,7.0,1940.0,12.0,2021.0,9.0,2101.0,12.0,0.0,0.0,999.0,1.0,31.0,21.0,15.0,1.0,0.0,0.0,0.0,2,2,3,11,,,11,0.6948422193527222,,,,,,,,,,0.10034240782260895,0.028826499357819557,,,,86.0,,0.0,0.0,2195.515380859375,0.0,,,0.0,,2195.515380859375,,0.0,,0.0,,,,,-0.0,,0.0,,-3.2319231033325195,,-0.06884262710809708,,-0.863999605178833,,0.3317793011665344,,,,,,,,,,,,,,,,,,,,,,,,
0.00463054608553648,,,,,,,,-0.007112408056855202,0.0027348236180841923,0.16241449117660522,-0.015526887029409409,0.046356070786714554,,,,,,,,,,,,,,,,,,,,,,,,,,,,,1627.444091796875,174.4457244873047,202.59548950195312,204.32461547851562,0.0,2208.81005859375,1254.159423828125,1672.21337890625,,,,0.6842362880706787,0.0,,,,,,2208.81005859375,204.32461547851562,1627.444091796875,174.4457244873047,202.59548950195312,0.0,0.0,0.0,0.0025676759,0.0025834837,0.0,0.000532711,1254.159423828125,1672.21337890625,0.0,0.0,0.0,0.0,0.0,0.0,17.0,0.0,0.0,0.75,0.75,0.0,0.0,99.0,1.0,99.0,999.0,0.0,1.0,0.0,999.0,0.0,0.0,0.0,0.0,999.0,0.0,0.0,0.0,0.0,0.0,0.0,0.0,0.0,1.0,7.0,1940.0,12.0,2021.0,9.0,2101.0,12.0,0.0,0.0,999.0,1.0,31.0,21.0,15.0,1.0,0.0,0.0,0.0,2,2,3,12,,,12,0.6842362880706787,,,,,,,,,,0.10034347325563431,0.02057887800037861,,,,87.0,,0.0,0.0,2208.81005859375,0.0,,,0.0,,2208.81005859375,,0.0,,0.0,,,,,-0.0,,0.0,,-3.1800930500030518,,-0.06814878433942795,,-0.8552916646003723,,0.32843542098999023,,,,,,,,,,,,,,,,,,,,,,,,
0.0052205706015229225,,,,,,,,0.010396475903689861,0.0028491972479969263,0.10924306511878967,0.023550232872366905,-0.032634343951940536,,,,,,,,,,,,,,,,,,,,,,,,,,,,,1667.276611328125,178.71536254882812,207.55410766601562,209.3255615234375,0.0,2262.87158203125,1254.159423828125,1672.21337890625,,,,0.6733928322792053,0.0,,,,,,2262.87158203125,209.3255615234375,1667.276611328125,178.71536254882812,207.55410766601562,0.0,0.0,0.0,0.0025676759,0.0025834837,0.0,0.000532711,1254.159423828125,1672.21337890625,0.0,0.0,0.0,0.0,0.0,0.0,17.0,0.0,0.0,0.75,0.75,0.0,0.0,99.0,1.0,99.0,999.0,0.0,1.0,0.0,999.0,0.0,0.0,0.0,0.0,999.0,0.0,0.0,0.0,0.0,0.0,0.0,0.0,0.0,1.0,7.0,1940.0,12.0,2021.0,9.0,2101.0,12.0,0.0,0.0,999.0,1.0,31.0,21.0,15.0,1.0,0.0,0.0,0.0,2,2,4,1,,,1,0.6733928322792053,,,,,,,,,,0.10034411400556564,0.02057887800037861,,,,87.0,,0.0,0.0,2262.87158203125,0.0,,,0.0,,2262.87158203125,,0.0,,0.0,,,,,-0.0,,0.0,,-9.611068725585938,,-0.06875108927488327,,-0.8628507852554321,,0.33133816719055176,,,,,,,,,,,,,,,,,,,,,,,,
0.0052205706015229225,,,,,,,,0.019551705569028854,0.004506836179643869,0.15528620779514313,0.10563436895608902,0.10962017625570297,,,,,,,,,,,,,,,,,,,,,,,,,,,,,1846.62939453125,197.94020080566406,229.8811798095703,231.84320068359375,0.0,2506.2939453125,1254.159423828125,1672.21337890625,,,,0.6627210378646851,0.0,,,,,,2506.2939453125,231.84320068359375,1846.62939453125,197.94020080566406,229.8811798095703,0.0,0.0,0.0,0.0025676759,0.0025834837,0.0,0.000532711,1254.159423828125,1672.21337890625,0.0,0.0,0.0,0.0,0.0,0.0,17.0,0.0,0.0,0.75,0.75,0.0,0.0,99.0,1.0,99.0,999.0,0.0,1.0,0.0,999.0,0.0,0.0,0.0,0.0,999.0,0.0,0.0,0.0,0.0,0.0,0.0,0.0,0.0,1.0,7.0,1940.0,12.0,2021.0,9.0,2101.0,12.0,0.0,0.0,999.0,1.0,31.0,21.0,15.0,1.0,0.0,0.0,0.0,2,2,4,2,,,2,0.6627210378646851,,,,,,,,,,0.10034696012735367,0.020578881725668907,,,,87.0,,0.0,0.0,2506.2939453125,0.0,,,0.0,,2506.2939453125,,0.0,,0.0,,,,,-0.0,,0.0,,-9.458756446838379,,-0.07494006305932999,,-0.9405246376991272,,0.36116522550582886,,,,,,,,,,,,,,,,,,,,,,,,
0.0052205706015229225,,,,,,,,-0.005659373011440039,0.0032104812562465668,0.029652699828147888,-0.025678839534521103,0.014270787127315998,,,,,,,,,,,,,,,,,,,,,,,,,,,,,1817.604248046875,194.8289794921875,226.26792907714844,228.1990966796875,0.0,2466.900146484375,1254.159423828125,1672.21337890625,,,,0.652218222618103,0.0,,,,,,2466.900146484375,228.1990966796875,1817.604248046875,194.8289794921875,226.26792907714844,0.0,0.0,0.0,0.0025676759,0.0025834837,0.0,0.000532711,1254.159423828125,1672.21337890625,0.0,0.0,0.0,0.0,0.0,0.0,17.0,0.0,0.0,0.75,0.75,0.0,0.0,99.0,1.0,99.0,999.0,0.0,1.0,0.0,999.0,0.0,0.0,0.0,0.0,999.0,0.0,0.0,0.0,0.0,0.0,0.0,0.0,0.0,1.0,7.0,1940.0,12.0,2021.0,9.0,2101.0,12.0,0.0,0.0,999.0,1.0,31.0,21.0,15.0,1.0,0.0,0.0,0.0,2,2,4,3,,,3,0.652218222618103,,,,,,,,,,0.10034890472888947,0.020578885450959206,,,,87.0,,0.0,0.0,2466.900146484375,0.0,,,0.0,,2466.900146484375,,0.0,,0.0,,,,,-0.0,,0.0,,-9.308856010437012,,-0.07259318977594376,,-0.9110705256462097,,0.3498547375202179,,,,,,,,,,,,,,,,,,,,,,,,
0.0052205706015229225,,,,,,,,-0.006145679857581854,0.0030257150065153837,-0.019482368603348732,0.08153224736452103,0.0809037908911705,,,,,,,,,,,,,,,,,,,,,,,,,,,,,1941.1978759765625,208.07699584960938,241.65371704101562,243.71621704101562,0.0,2634.644775390625,1254.159423828125,1672.21337890625,,,,0.6418817639350891,0.0,,,,,,2634.644775390625,243.71621704101562,1941.1978759765625,208.07699584960938,241.65371704101562,0.0,0.0,0.0,0.0025676759,0.0025834837,0.0,0.000532711,1254.159423828125,1672.21337890625,0.0,0.0,0.0,0.0,0.0,0.0,17.0,0.0,0.0,0.75,0.75,0.0,0.0,99.0,1.0,99.0,999.0,0.0,1.0,0.0,999.0,0.0,0.0,0.0,0.0,999.0,0.0,0.0,0.0,0.0,0.0,0.0,0.0,0.0,1.0,7.0,1940.0,12.0,2021.0,9.0,2101.0,12.0,0.0,0.0,999.0,1.0,31.0,21.0,15.0,1.0,0.0,0.0,0.0,2,2,4,4,,,4,0.6418817639350891,,,,,,,,,,0.10035013407468796,0.020578885450959206,,,,87.0,,0.0,0.0,2634.644775390625,0.0,,,0.0,,2634.644775390625,,0.0,,0.0,,,,,-0.0,,0.0,,-9.16132926940918,,-0.07630070298910141,,-0.9576011300086975,,0.36772269010543823,,,,,,,,,,,,,,,,,,,,,,,,
0.0052205706015229225,,,,,,,,0.02529364451766014,0.003856019349768758,0.021091403439641,0.03433360531926155,0.013933345675468445,,,,,,,,,,,,,,,,,,,,,,,,,,,,,2001.0919189453125,214.49703979492188,249.1097412109375,251.23587036132812,0.0,2715.9345703125,1254.159423828125,1672.21337890625,,,,0.6317089796066284,0.0,,,,,,2715.9345703125,251.23587036132812,2001.0919189453125,214.49703979492188,249.1097412109375,0.0,0.0,0.0,0.0025676759,0.0025834837,0.0,0.000532711,1254.159423828125,1672.21337890625,0.0,0.0,0.0,0.0,0.0,0.0,17.0,0.0,0.0,0.75,0.75,0.0,0.0,99.0,1.0,99.0,999.0,0.0,1.0,0.0,999.0,0.0,0.0,0.0,0.0,999.0,0.0,0.0,0.0,0.0,0.0,0.0,0.0,0.0,1.0,7.0,1940.0,12.0,2021.0,9.0,2101.0,12.0,0.0,0.0,999.0,1.0,31.0,21.0,15.0,1.0,0.0,0.0,0.0,2,2,4,5,,,5,0.6317089796066284,,,,,,,,,,0.10035251080989838,0.020578889176249504,,,,87.0,,0.0,0.0,2715.9345703125,0.0,,,0.0,,2715.9345703125,,0.0,,0.0,,,,,-0.0,,0.0,,-9.016139030456543,,-0.07740836590528488,,-0.9715027213096619,,0.373060941696167,,,,,,,,,,,,,,,,,,,,,,,,
0.005169916898012161,,,,,,,,-0.0355122834444046,0.005269462708383799,-0.045003555715084076,-0.06952718645334244,-0.0690324530005455,,,,,,,,,,,,,,,,,,,,,,,,,,,,,1876.003662109375,201.0888214111328,233.5378875732422,235.53111267089844,0.0,2546.161376953125,1254.159423828125,1672.21337890625,,,,0.6217291951179504,0.0,,,,,,2546.161376953125,235.53111267089844,1876.003662109375,201.0888214111328,233.5378875732422,0.0,0.0,0.0,0.0025676759,0.0025834837,0.0,0.000532711,1254.159423828125,1672.21337890625,0.0,0.0,0.0,0.0,0.0,0.0,17.0,0.0,0.0,0.75,0.75,0.0,0.0,99.0,1.0,99.0,999.0,0.0,1.0,0.0,999.0,0.0,0.0,0.0,0.0,999.0,0.0,0.0,0.0,0.0,0.0,0.0,0.0,0.0,1.0,7.0,1940.0,12.0,2021.0,9.0,2101.0,12.0,0.0,0.0,999.0,1.0,31.0,21.0,15.0,1.0,0.0,0.0,0.0,2,2,4,6,,,6,0.6217291951179504,,,,,,,,,,0.10035166144371033,0.020578887313604355,,,,87.0,,0.0,0.0,2546.161376953125,0.0,,,0.0,,2546.161376953125,,0.0,,0.0,,,,,-0.0,,0.0,,-8.873248100280762,,-0.07141945511102676,,-0.8963397741317749,,0.344198077917099,,,,,,,,,,,,,,,,,,,,,,,,
0.005169916898012161,,,,,,,,0.014738391153514385,0.0020727706141769886,0.049175772815942764,0.10438427329063416,0.12721334397792816,,,,,,,,,,,,,,,,,,,,,,,,,,,,,2061.0302734375,220.9218292236328,256.5712890625,258.7611083984375,0.0,2797.28466796875,1254.159423828125,1672.21337890625,,,,0.6119069457054138,0.0,,,,,,2797.28466796875,258.7611083984375,2061.0302734375,220.9218292236328,256.5712890625,0.0,0.0,0.0,0.0025676759,0.0025834837,0.0,0.000532711,1254.159423828125,1672.21337890625,0.0,0.0,0.0,0.0,0.0,0.0,17.0,0.0,0.0,0.75,0.75,0.0,0.0,99.0,1.0,99.0,999.0,0.0,1.0,0.0,999.0,0.0,0.0,0.0,0.0,999.0,0.0,0.0,0.0,0.0,0.0,0.0,0.0,0.0,1.0,7.0,1940.0,12.0,2021.0,9.0,2101.0,12.0,0.0,0.0,999.0,1.0,31.0,21.0,15.0,1.0,0.0,0.0,0.0,2,2,4,7,,,7,0.6119069457054138,,,,,,,,,,0.100352443754673,0.020578889176249504,,,,87.0,,0.0,0.0,2797.28466796875,0.0,,,0.0,,2797.28466796875,,0.0,,0.0,,,,,-0.0,,0.0,,-8.733067512512207,,-0.07722384482622147,,-0.9691869020462036,,0.37217167019844055,,,,,,,,,,,,,,,,,,,,,,,,
0.005169916898012161,,,,,,,,-0.02153635397553444,0.004513570107519627,-0.05531483143568039,-0.0672195553779602,-0.09266963601112366,,,,,,,,,,,,,,,,,,,,,,,,,,,,,1932.33984375,207.12750244140625,240.55101013183594,242.60409545898438,0.0,2622.62255859375,1254.159423828125,1672.21337890625,,,,0.6022398471832275,0.0,,,,,,2622.62255859375,242.60409545898438,1932.33984375,207.12750244140625,240.55101013183594,0.0,0.0,0.0,0.0025676759,0.0025834837,0.0,0.000532711,1254.159423828125,1672.21337890625,0.0,0.0,0.0,0.0,0.0,0.0,17.0,0.0,0.0,0.75,0.75,0.0,0.0,99.0,1.0,99.0,999.0,0.0,1.0,0.0,999.0,0.0,0.0,0.0,0.0,999.0,0.0,0.0,0.0,0.0,0.0,0.0,0.0,0.0,1.0,7.0,1940.0,12.0,2021.0,9.0,2101.0,12.0,0.0,0.0,999.0,1.0,31.0,21.0,15.0,1.0,0.0,0.0,0.0,2,2,4,8,,,8,0.6022398471832275,,,,,,,,,,0.1003531739115715,0.020578891038894653,,,,87.0,,0.0,0.0,2622.62255859375,0.0,,,0.0,,2622.62255859375,,0.0,,0.0,,,,,-0.0,,0.0,,-8.595100402832031,,-0.07125817984342575,,-0.8943156003952026,,0.3434208035469055,,,,,,,,,,,,,,,,,,,,,,,,
0.005169916898012161,,,,,,,,-0.013867040164768696,0.002143715973943472,0.07923735678195953,-0.10626427829265594,-0.05298108607530594,,,,,,,,,,,,,,,,,,,,,,,,,,,,,1789.3997802734375,191.80575561523438,222.75685119628906,224.65806579589844,0.0,2428.62060546875,1254.159423828125,1672.21337890625,,,,0.5927457809448242,0.0,,,,,,2428.62060546875,224.65806579589844,1789.3997802734375,191.80575561523438,222.75685119628906,0.0,0.0,0.0,0.0025676759,0.0025834837,0.0,0.000532711,1254.159423828125,1672.21337890625,0.0,0.0,0.0,0.0,0.0,0.0,17.0,0.0,0.0,0.75,0.75,0.0,0.0,99.0,1.0,99.0,999.0,0.0,1.0,0.0,999.0,0.0,0.0,0.0,0.0,999.0,0.0,0.0,0.0,0.0,0.0,0.0,0.0,0.0,1.0,7.0,1940.0,12.0,2021.0,9.0,2101.0,12.0,0.0,0.0,999.0,1.0,31.0,21.0,15.0,1.0,0.0,0.0,0.0,2,2,4,9,,,9,0.5927457809448242,,,,,,,,,,0.09999234229326248,0.020578885450959206,,,,87.0,,0.0,0.0,2428.62060546875,0.0,,,0.0,,2428.62060546875,,0.0,,0.0,,,,,-0.0,,0.0,,-8.459312438964844,,-0.0649445503950119,,-0.7866566181182861,,0.31299296021461487,,,,,,,,,,,,,,,,,,,,,,,,
0.005169916898012161,,,,,,,,0.0032167318277060986,0.0025388121139258146,0.04722519963979721,-0.020300235599279404,-0.008598399348556995,,,,,,,,,,,,,,,,,,,,,,,,,,,,,1768.4866943359375,189.5640869140625,220.1534423828125,222.0324249267578,0.0,2400.23681640625,1254.159423828125,1672.21337890625,,,,0.5834013223648071,0.0,,,,,,2400.23681640625,222.0324249267578,1768.4866943359375,189.5640869140625,220.1534423828125,0.0,0.0,0.0,0.0025676759,0.0025834837,0.0,0.000532711,1254.159423828125,1672.21337890625,0.0,0.0,0.0,0.0,0.0,0.0,17.0,0.0,0.0,0.75,0.75,0.0,0.0,99.0,1.0,99.0,999.0,0.0,1.0,0.0,999.0,0.0,0.0,0.0,0.0,999.0,0.0,0.0,0.0,0.0,0.0,0.0,0.0,0.0,1.0,7.0,1940.0,12.0,2021.0,9.0,2101.0,12.0,0.0,0.0,999.0,1.0,31.0,21.0,15.0,1.0,0.0,0.0,0.0,2,2,4,10,,,10,0.5834013223648071,,,,,,,,,,0.0999932512640953,0.020578883588314056,,,,87.0,,0.0,0.0,2400.23681640625,0.0,,,0.0,,2400.23681640625,,0.0,,0.0,,,,,-0.0,,0.0,,-8.32595443725586,,-0.06317366659641266,,-0.7652063369750977,,0.3044584095478058,,,,,,,,,,,,,,,,,,,,,,,,
0.005169916898012161,,,,,,,,0.018943456932902336,0.002819111105054617,-0.012646453455090523,0.06893520802259445,0.056112922728061676,,,,,,,,,,,,,,,,,,,,,,,,,,,,,1871.8111572265625,200.63943481445312,233.0159912109375,235.0047607421875,0.0,2540.471435546875,1254.159423828125,1672.21337890625,,,,0.57420414686203,0.0,,,,,,2540.471435546875,235.0047607421875,1871.8111572265625,200.63943481445312,233.0159912109375,0.0,0.0,0.0,0.0025676759,0.0025834837,0.0,0.000532711,1254.159423828125,1672.21337890625,0.0,0.0,0.0,0.0,0.0,0.0,17.0,0.0,0.0,0.75,0.75,0.0,0.0,99.0,1.0,99.0,999.0,0.0,1.0,0.0,999.0,0.0,0.0,0.0,0.0,999.0,0.0,0.0,0.0,0.0,0.0,0.0,0.0,0.0,1.0,7.0,1940.0,12.0,2021.0,9.0,2101.0,12.0,0.0,0.0,999.0,1.0,31.0,21.0,15.0,1.0,0.0,0.0,0.0,2,2,4,11,,,11,0.57420414686203,,,,,,,,,,0.0999927967786789,0.020578883588314056,,,,87.0,,0.0,0.0,2540.471435546875,0.0,,,0.0,,2540.471435546875,,0.0,,0.0,,,,,-0.0,,0.0,,-8.194698333740234,,-0.06581050902605057,,-0.7971457839012146,,0.31716635823249817,,,,,,,,,,,,,,,,,,,,,,,,
0.005169916898012161,,,,,,,,0.0198324304074049,0.0016108814161270857,0.004369710572063923,0.010423433966934681,0.033649545162916183,,,,,,,,,,,,,,,,,,,,,,,,,,,,,1895.8446044921875,203.215576171875,236.00784301757812,238.0221405029297,0.0,2573.09033203125,1254.159423828125,1672.21337890625,,,,0.5651075839996338,0.0,,,,,,2573.09033203125,238.0221405029297,1895.8446044921875,203.215576171875,236.00784301757812,0.0,0.0,0.0,0.0025676759,0.0025834837,0.0,0.000532711,1254.159423828125,1672.21337890625,0.0,0.0,0.0,0.0,0.0,0.0,17.0,0.0,0.0,0.75,0.75,0.0,0.0,99.0,1.0,99.0,999.0,0.0,1.0,0.0,999.0,0.0,0.0,0.0,0.0,999.0,0.0,0.0,0.0,0.0,0.0,0.0,0.0,0.0,1.0,7.0,1940.0,12.0,2021.0,9.0,2101.0,12.0,0.0,0.0,999.0,1.0,31.0,21.0,15.0,1.0,0.0,0.0,0.0,2,2,4,12,,,12,0.5651075839996338,,,,,,,,,,0.09999208897352219,0.021409058943390846,,,,88.0,,0.0,0.0,2573.09033203125,0.0,,,0.0,,2573.09033203125,,0.0,,0.0,,,,,-0.0,,0.0,,-8.065511703491211,,-0.06560469418764114,,-0.7946527600288391,,0.3161744475364685,,,,,,,,,,,,,,,,,,,,,,,,
0.01119015272706747,,,,,,,,-0.004226781893521547,0.005846533924341202,-0.0017783240182325244,0.0739053264260292,0.0738920345902443,,,,,,,,,,,,,,,,,,,,,,,,,,,,,2014.8861083984375,215.9756317138672,250.8269500732422,252.9677276611328,0.0,2734.656494140625,1254.159423828125,1672.21337890625,,,,0.552789568901062,0.0,,,,,,2734.656494140625,252.9677276611328,2014.8861083984375,215.9756317138672,250.8269500732422,0.0,0.0,0.0,0.0025676759,0.0025834837,0.0,0.000532711,1254.159423828125,1672.21337890625,0.0,0.0,0.0,0.0,0.0,0.0,17.0,0.0,0.0,0.75,0.75,0.0,0.0,99.0,1.0,99.0,999.0,0.0,1.0,0.0,999.0,0.0,0.0,0.0,0.0,999.0,0.0,0.0,0.0,0.0,0.0,0.0,0.0,0.0,1.0,7.0,1940.0,12.0,2021.0,9.0,2101.0,12.0,0.0,0.0,999.0,1.0,31.0,21.0,15.0,1.0,0.0,0.0,0.0,2,2,5,1,,,1,0.552789568901062,,,,,,,,,,0.09999129176139832,0.02140914462506771,,,,88.0,,0.0,0.0,2734.656494140625,0.0,,,0.0,,2734.656494140625,,0.0,,0.0,,,,,-0.0,,0.0,,-7.912527084350586,,-0.0686194896697998,,-0.8311702013015747,,0.3307039141654968,,,,,,,,,,,,,,,,,,,,,,,,
0.01119015272706747,,,,,,,,0.011886756867170334,0.004912282340228558,-0.04150425270199776,-0.035396020859479904,-0.01875131018459797,,,,,,,,,,,,,,,,,,,,,,,,,,,,,1955.162841796875,209.5738983154297,243.39218139648438,245.46951293945312,0.0,2653.5986328125,1254.159423828125,1672.21337890625,,,,0.5407400727272034,0.0,,,,,,2653.5986328125,245.46951293945312,1955.162841796875,209.5738983154297,243.39218139648438,0.0,0.0,0.0,0.0025676759,0.0025834837,0.0,0.000532711,1254.159423828125,1672.21337890625,0.0,0.0,0.0,0.0,0.0,0.0,17.0,0.0,0.0,0.75,0.75,0.0,0.0,99.0,1.0,99.0,999.0,0.0,1.0,0.0,999.0,0.0,0.0,0.0,0.0,999.0,0.0,0.0,0.0,0.0,0.0,0.0,0.0,0.0,1.0,7.0,1940.0,12.0,2021.0,9.0,2101.0,12.0,0.0,0.0,999.0,1.0,31.0,21.0,15.0,1.0,0.0,0.0,0.0,2,2,5,2,,,2,0.5407400727272034,,,,,,,,,,0.09999096393585205,0.021409178152680397,,,,88.0,,0.0,0.0,2653.5986328125,0.0,,,0.0,,2653.5986328125,,0.0,,0.0,,,,,-0.0,,0.0,,-7.740052700042725,,-0.06513413041830063,,-0.7889528870582581,,0.31390661001205444,,,,,,,,,,,,,,,,,,,,,,,,
0.01119015272706747,,,,,,,,0.032189153134822845,0.0010003026109188795,0.057792555540800095,0.04142089933156967,0.0675259679555893,,,,,,,,,,,,,,,,,,,,,,,,,,,,,2043.276123046875,219.0187530517578,254.3611297607422,256.5320739746094,0.0,2773.188232421875,1254.159423828125,1672.21337890625,,,,0.5289531946182251,0.0,,,,,,2773.188232421875,256.5320739746094,2043.276123046875,219.0187530517578,254.3611297607422,0.0,0.0,0.0,0.0025676759,0.0025834837,0.0,0.000532711,1254.159423828125,1672.21337890625,0.0,0.0,0.0,0.0,0.0,0.0,17.0,0.0,0.0,0.75,0.75,0.0,0.0,99.0,1.0,99.0,999.0,0.0,1.0,0.0,999.0,0.0,0.0,0.0,0.0,999.0,0.0,0.0,0.0,0.0,0.0,0.0,0.0,0.0,1.0,7.0,1940.0,12.0,2021.0,9.0,2101.0,12.0,0.0,0.0,999.0,1.0,31.0,21.0,15.0,1.0,0.0,0.0,0.0,2,2,5,3,,,3,0.5289531946182251,,,,,,,,,,0.09999080747365952,0.02140919491648674,,,,88.0,,0.0,0.0,2773.188232421875,0.0,,,0.0,,2773.188232421875,,0.0,,0.0,,,,,-0.0,,0.0,,-7.571337699890137,,-0.06658577173948288,,-0.8065363168716431,,0.32090264558792114,,,,,,,,,,,,,,,,,,,,,,,,
0.01119015272706747,,,,,,,,-0.0009880620054900646,0.0021009657066315413,-0.005892471875995398,-0.09574664384126663,-0.05128515884280205,,,,,,,,,,,,,,,,,,,,,,,,,,,,,1894.9051513671875,203.11488342285156,235.89088439941406,237.90419006347656,0.0,2571.815185546875,1254.159423828125,1672.21337890625,,,,0.5174232721328735,0.0,,,,,,2571.815185546875,237.90419006347656,1894.9051513671875,203.11488342285156,235.89088439941406,0.0,0.0,0.0,0.0025676759,0.0025834837,0.0,0.000532711,1254.159423828125,1672.21337890625,0.0,0.0,0.0,0.0,0.0,0.0,17.0,0.0,0.0,0.75,0.75,0.0,0.0,99.0,1.0,99.0,999.0,0.0,1.0,0.0,999.0,0.0,0.0,0.0,0.0,999.0,0.0,0.0,0.0,0.0,0.0,0.0,0.0,0.0,1.0,7.0,1940.0,12.0,2021.0,9.0,2101.0,12.0,0.0,0.0,999.0,1.0,31.0,21.0,15.0,1.0,0.0,0.0,0.0,2,2,5,4,,,4,0.5174232721328735,,,,,,,,,,0.09999114274978638,0.021409159526228905,,,,88.0,,0.0,0.0,2571.815185546875,0.0,,,0.0,,2571.815185546875,,0.0,,0.0,,,,,-0.0,,0.0,,-7.4063005447387695,,-0.06040467694401741,,-0.7316663265228271,,0.29111355543136597,,,,,,,,,,,,,,,,,,,,,,,,
0.01119015272706747,,,,,,,,-0.0071220360696315765,-0.0015062070451676846,-0.09759221225976944,0.03133399039506912,0.000912243383936584,,,,,,,,,,,,,,,,,,,,,,,,,,,,,1923.9302978515625,206.22608947753906,239.50413513183594,241.5482940673828,0.0,2611.208984375,1254.159423828125,1672.21337890625,,,,0.506144642829895,0.0,,,,,,2611.208984375,241.5482940673828,1923.9302978515625,206.22608947753906,239.50413513183594,0.0,0.0,0.0,0.0025676759,0.0025834837,0.0,0.000532711,1254.159423828125,1672.21337890625,0.0,0.0,0.0,0.0,0.0,0.0,17.0,0.0,0.0,0.75,0.75,0.0,0.0,99.0,1.0,99.0,999.0,0.0,1.0,0.0,999.0,0.0,0.0,0.0,0.0,999.0,0.0,0.0,0.0,0.0,0.0,0.0,0.0,0.0,1.0,7.0,1940.0,12.0,2021.0,9.0,2101.0,12.0,0.0,0.0,999.0,1.0,31.0,21.0,15.0,1.0,0.0,0.0,0.0,2,2,5,5,,,5,0.506144642829895,,,,,,,,,,0.0999918058514595,0.021409090608358383,,,,88.0,,0.0,0.0,2611.208984375,0.0,,,0.0,,2611.208984375,,0.0,,0.0,,,,,-0.0,,0.0,,-7.244860649108887,,-0.05999307706952095,,-0.7266806960105896,,0.28912991285324097,,,,,,,,,,,,,,,,,,,,,,,,
0.01057019829750061,,,,,,,,0.008317862637341022,0.002105536637827754,0.00018526329949963838,0.03825095668435097,-0.0036912120413035154,,,,,,,,,,,,,,,,,,,,,,,,,,,,,1979.6414794921875,212.19775390625,246.43943786621094,248.5427703857422,0.0,2686.821533203125,1254.159423828125,1672.21337890625,,,,0.4954223036766052,0.0,,,,,,2686.821533203125,248.5427703857422,1979.6414794921875,212.19775390625,246.43943786621094,0.0,0.0,0.0,0.0025676759,0.0025834837,0.0,0.000532711,1254.159423828125,1672.21337890625,0.0,0.0,0.0,0.0,0.0,0.0,17.0,0.0,0.0,0.75,0.75,0.0,0.0,99.0,1.0,99.0,999.0,0.0,1.0,0.0,999.0,0.0,0.0,0.0,0.0,999.0,0.0,0.0,0.0,0.0,0.0,0.0,0.0,0.0,1.0,7.0,1940.0,12.0,2021.0,9.0,2101.0,12.0,0.0,0.0,999.0,1.0,31.0,21.0,15.0,1.0,0.0,0.0,0.0,2,2,5,6,,,6,0.4954223036766052,,,,,,,,,,0.0999913290143013,0.021409139037132263,,,,88.0,,0.0,0.0,2686.821533203125,0.0,,,0.0,,2686.821533203125,,0.0,,0.0,,,,,-0.0,,0.0,,-7.086939334869385,,-0.060384709388017654,,-0.7314244508743286,,0.2910173535346985,,,,,,,,,,,,,,,,,,,,,,,,
0.01057019829750061,,,,,,,,0.05571327731013298,0.0034350710920989513,0.07311771810054779,0.015320409089326859,0.01622464880347252,,,,,,,,,,,,,,,,,,,,,,,,,,,,,2027.04541015625,217.2789764404297,252.34060668945312,254.4943084716797,0.0,2751.159423828125,1254.159423828125,1672.21337890625,,,,0.48492711782455444,0.0,,,,,,2751.159423828125,254.4943084716797,2027.04541015625,217.2789764404297,252.34060668945312,0.0,0.0,0.0,0.0025676759,0.0025834837,0.0,0.000532711,1254.159423828125,1672.21337890625,0.0,0.0,0.0,0.0,0.0,0.0,17.0,0.0,0.0,0.75,0.75,0.0,0.0,99.0,1.0,99.0,999.0,0.0,1.0,0.0,999.0,0.0,0.0,0.0,0.0,999.0,0.0,0.0,0.0,0.0,0.0,0.0,0.0,0.0,1.0,7.0,1940.0,12.0,2021.0,9.0,2101.0,12.0,0.0,0.0,999.0,1.0,31.0,21.0,15.0,1.0,0.0,0.0,0.0,2,2,5,7,,,7,0.48492711782455444,,,,,,,,,,0.09999075531959534,0.021409200504422188,,,,88.0,,0.0,0.0,2751.159423828125,0.0,,,0.0,,2751.159423828125,,0.0,,0.0,,,,,-0.0,,0.0,,-6.936807155609131,,-0.060520824044942856,,-0.7330731749534607,,0.29167333245277405,,,,,,,,,,,,,,,,,,,,,,,,
0.01057019829750061,,,,,,,,5.792472165921936e-06,0.0017487448640167713,-0.11860577762126923,0.003569918219000101,-0.03854846954345703,,,,,,,,,,,,,,,,,,,,,,,,,,,,,2007.02001953125,215.13246154785156,249.84771728515625,251.98013305664062,0.0,2723.98046875,1254.159423828125,1672.21337890625,,,,0.47465425729751587,0.0,,,,,,2723.98046875,251.98013305664062,2007.02001953125,215.13246154785156,249.84771728515625,0.0,0.0,0.0,0.0025676759,0.0025834837,0.0,0.000532711,1254.159423828125,1672.21337890625,0.0,0.0,0.0,0.0,0.0,0.0,17.0,0.0,0.0,0.75,0.75,0.0,0.0,99.0,1.0,99.0,999.0,0.0,1.0,0.0,999.0,0.0,0.0,0.0,0.0,999.0,0.0,0.0,0.0,0.0,0.0,0.0,0.0,0.0,1.0,7.0,1940.0,12.0,2021.0,9.0,2101.0,12.0,0.0,0.0,999.0,1.0,31.0,21.0,15.0,1.0,0.0,0.0,0.0,2,2,5,8,,,8,0.47465425729751587,,,,,,,,,,0.0999906063079834,0.02140921726822853,,,,88.0,,0.0,0.0,2723.98046875,0.0,,,0.0,,2723.98046875,,0.0,,0.0,,,,,-0.0,,0.0,,-6.78985595703125,,-0.05865350738167763,,-0.7104548215866089,,0.28267398476600647,,,,,,,,,,,,,,,,,,,,,,,,
0.01057019829750061,,,,,,,,0.027363693341612816,0.002498810878023505,0.09111418575048447,0.07404153794050217,0.08310561627149582,,,,,,,,,,,,,,,,,,,,,,,,,,,,,2156.424560546875,231.14715576171875,268.4466247558594,270.73779296875,0.0,2926.75634765625,1254.159423828125,1672.21337890625,,,,0.4642842411994934,0.0,,,,,,2926.75634765625,270.73779296875,2156.424560546875,231.14715576171875,268.4466247558594,0.0,0.0,0.0,0.0025676759,0.0025834837,0.0,0.000532711,1254.159423828125,1672.21337890625,0.0,0.0,0.0,0.0,0.0,0.0,17.0,0.0,0.0,0.75,0.75,0.0,0.0,99.0,1.0,99.0,999.0,0.0,1.0,0.0,999.0,0.0,0.0,0.0,0.0,999.0,0.0,0.0,0.0,0.0,0.0,0.0,0.0,0.0,1.0,7.0,1940.0,12.0,2021.0,9.0,2101.0,12.0,0.0,0.0,999.0,1.0,31.0,21.0,15.0,1.0,0.0,0.0,0.0,2,2,5,9,,,9,0.4642842411994934,,,,,,,,,,0.10710791498422623,0.0214092917740345,,,,88.0,,0.0,0.0,2926.75634765625,0.0,,,0.0,,2926.75634765625,,0.0,,0.0,,,,,-0.0,,0.0,,-6.646017551422119,,-0.061684705317020416,,-0.4712350070476532,,0.29728251695632935,,,,,,,,,,,,,,,,,,,,,,,,
0.01057019829750061,,,,,,,,0.035040974617004395,0.0034745812881737947,-0.07524645328521729,-0.02260739915072918,-0.02747710794210434,,,,,,,,,,,,,,,,,,,,,,,,,,,,,2109.86181640625,226.1560821533203,262.6501770019531,264.8918762207031,0.0,2863.56005859375,1254.159423828125,1672.21337890625,,,,0.4541407525539398,0.0,,,,,,2863.56005859375,264.8918762207031,2109.86181640625,226.1560821533203,262.6501770019531,0.0,0.0,0.0,0.0025676759,0.0025834837,0.0,0.000532711,1254.159423828125,1672.21337890625,0.0,0.0,0.0,0.0,0.0,0.0,17.0,0.0,0.0,0.75,0.75,0.0,0.0,99.0,1.0,99.0,999.0,0.0,1.0,0.0,999.0,0.0,0.0,0.0,0.0,999.0,0.0,0.0,0.0,0.0,0.0,0.0,0.0,0.0,1.0,7.0,1940.0,12.0,2021.0,9.0,2101.0,12.0,0.0,0.0,999.0,1.0,31.0,21.0,15.0,1.0,0.0,0.0,0.0,2,2,5,10,,,10,0.4541407525539398,,,,,,,,,,0.1071084588766098,0.021409353241324425,,,,88.0,,0.0,0.0,2863.56005859375,0.0,,,0.0,,2863.56005859375,,0.0,,0.0,,,,,-0.0,,0.0,,-6.500818252563477,,-0.05903421342372894,,-0.4509868025779724,,0.2845087945461273,,,,,,,,,,,,,,,,,,,,,,,,
0.01057019829750061,,,,,,,,0.014641712419688702,0.0020766493398696184,-0.051224563270807266,0.006354881450533867,0.02219734713435173,,,,,,,,,,,,,,,,,,,,,,,,,,,,,2118.2177734375,227.0517578125,263.6903991699219,265.9409484863281,0.0,2874.90087890625,1254.159423828125,1672.21337890625,,,,0.44421887397766113,0.0,,,,,,2874.90087890625,265.9409484863281,2118.2177734375,227.0517578125,263.6903991699219,0.0,0.0,0.0,0.0025676759,0.0025834837,0.0,0.000532711,1254.159423828125,1672.21337890625,0.0,0.0,0.0,0.0,0.0,0.0,17.0,0.0,0.0,0.75,0.75,0.0,0.0,99.0,1.0,99.0,999.0,0.0,1.0,0.0,999.0,0.0,0.0,0.0,0.0,999.0,0.0,0.0,0.0,0.0,0.0,0.0,0.0,0.0,1.0,7.0,1940.0,12.0,2021.0,9.0,2101.0,12.0,0.0,0.0,999.0,1.0,31.0,21.0,15.0,1.0,0.0,0.0,0.0,2,2,5,11,,,11,0.44421887397766113,,,,,,,,,,0.10710825771093369,0.021409330889582634,,,,88.0,,0.0,0.0,2874.90087890625,0.0,,,0.0,,2874.90087890625,,0.0,,0.0,,,,,-0.0,,0.0,,-6.358791351318359,,-0.05797315016388893,,-0.44288089871406555,,0.27939510345458984,,,,,,,,,,,,,,,,,,,,,,,,
0.01057019829750061,,,,,,,,-0.01163428369909525,0.0028484605718404055,0.12077673524618149,0.1268366128206253,0.06493747979402542,,,,,,,,,,,,,,,,,,,,,,,,,,,,,2361.009033203125,253.0765380859375,293.9147033691406,296.4232482910156,0.0,3204.423583984375,1254.159423828125,1672.21337890625,,,,0.4343574047088623,0.0,,,,,,3204.423583984375,296.4232482910156,2361.009033203125,253.0765380859375,293.9147033691406,0.0,0.0,0.0,0.0025676759,0.0025834837,0.0,0.000532711,1254.159423828125,1672.21337890625,0.0,0.0,0.0,0.0,0.0,0.0,17.0,0.0,0.0,0.75,0.75,0.0,0.0,99.0,1.0,99.0,999.0,0.0,1.0,0.0,999.0,0.0,0.0,0.0,0.0,999.0,0.0,0.0,0.0,0.0,0.0,0.0,0.0,0.0,1.0,7.0,1940.0,12.0,2021.0,9.0,2101.0,12.0,0.0,0.0,999.0,1.0,31.0,21.0,15.0,1.0,0.0,0.0,0.0,2,2,5,12,,,12,0.4343574047088623,,,,,,,,,,0.10710957646369934,0.0251645315438509,,,,89.0,,0.0,0.0,3204.423583984375,0.0,,,0.0,,3204.423583984375,,0.0,,0.0,,,,,-0.0,,0.0,,-6.21986722946167,,-0.06320631504058838,,-0.48285919427871704,,0.30461573600769043,,,,,,,,,,,,,,,,,,,,,,,,
0.018173417076468468,,,,,,,,0.0039027833845466375,0.0021575524006038904,-0.07705504447221756,-0.09059447050094604,-0.11077054589986801,,,,,,,,,,,,,,,,,,,,,,,,,,,,,2174.1904296875,233.0514678955078,270.6582336425781,272.9682922363281,0.0,2950.868408203125,1254.159423828125,1672.21337890625,,,,0.4214511215686798,0.0,,,,,,2950.868408203125,272.9682922363281,2174.1904296875,233.0514678955078,270.6582336425781,0.0,0.0,0.0,0.0025676759,0.0025834837,0.0,0.000532711,1254.159423828125,1672.21337890625,0.0,0.0,0.0,0.0,0.0,0.0,17.0,0.0,0.0,0.75,0.75,0.0,0.0,99.0,1.0,99.0,999.0,0.0,1.0,0.0,999.0,0.0,0.0,0.0,0.0,999.0,0.0,0.0,0.0,0.0,0.0,0.0,0.0,0.0,1.0,7.0,1940.0,12.0,2021.0,9.0,2101.0,12.0,0.0,0.0,999.0,1.0,31.0,21.0,15.0,1.0,0.0,0.0,0.0,2,2,6,1,,,1,0.4214511215686798,,,,,,,,,,0.10710987448692322,0.025164518505334854,,,,89.0,,0.0,0.0,2950.868408203125,0.0,,,0.0,,2950.868408203125,,0.0,,0.0,,,,,-0.0,,0.0,,-2.3501057624816895,,-0.05691288784146309,,-0.43478110432624817,,0.27428528666496277,,,,,,,,,,,,,,,,,,,,,,,,
0.018173417076468468,,,,,,,,0.009783719666302204,0.003878949675709009,-0.08184172213077545,-0.03245202824473381,-0.03481997922062874,,,,,,,,,,,,,,,,,,,,,,,,,,,,,2104.245361328125,225.55404663085938,261.95098876953125,264.18670654296875,0.0,2855.93701171875,1254.159423828125,1672.21337890625,,,,0.40892836451530457,0.0,,,,,,2855.93701171875,264.18670654296875,2104.245361328125,225.55404663085938,261.95098876953125,0.0,0.0,0.0,0.0025676759,0.0025834837,0.0,0.000532711,1254.159423828125,1672.21337890625,0.0,0.0,0.0,0.0,0.0,0.0,17.0,0.0,0.0,0.75,0.75,0.0,0.0,99.0,1.0,99.0,999.0,0.0,1.0,0.0,999.0,0.0,0.0,0.0,0.0,999.0,0.0,0.0,0.0,0.0,0.0,0.0,0.0,0.0,1.0,7.0,1940.0,12.0,2021.0,9.0,2101.0,12.0,0.0,0.0,999.0,1.0,31.0,21.0,15.0,1.0,0.0,0.0,0.0,2,2,6,2,,,2,0.40892836451530457,,,,,,,,,,0.10710852593183517,0.025164572522044182,,,,89.0,,0.0,0.0,2855.93701171875,0.0,,,0.0,,2855.93701171875,,0.0,,0.0,,,,,-0.0,,0.0,,-2.280275821685791,,-0.05344528332352638,,-0.40829065442085266,,0.25757354497909546,,,,,,,,,,,,,,,,,,,,,,,,
0.018173417076468468,,,,,,,,-0.02956877090036869,0.0027476565446704626,0.09273695200681686,-0.0061399322003126144,-0.03572319075465202,,,,,,,,,,,,,,,,,,,,,,,,,,,,,2098.0078125,224.8854522705078,261.1745300292969,263.40362548828125,0.0,2847.471435546875,1254.159423828125,1672.21337890625,,,,0.3967777490615845,0.0,,,,,,2847.471435546875,263.40362548828125,2098.0078125,224.8854522705078,261.1745300292969,0.0,0.0,0.0,0.0025676759,0.0025834837,0.0,0.000532711,1254.159423828125,1672.21337890625,0.0,0.0,0.0,0.0,0.0,0.0,17.0,0.0,0.0,0.75,0.75,0.0,0.0,99.0,1.0,99.0,999.0,0.0,1.0,0.0,999.0,0.0,0.0,0.0,0.0,999.0,0.0,0.0,0.0,0.0,0.0,0.0,0.0,0.0,1.0,7.0,1940.0,12.0,2021.0,9.0,2101.0,12.0,0.0,0.0,999.0,1.0,31.0,21.0,15.0,1.0,0.0,0.0,0.0,2,2,6,3,,,3,0.3967777490615845,,,,,,,,,,0.10710812360048294,0.025164589285850525,,,,89.0,,0.0,0.0,2847.471435546875,0.0,,,0.0,,2847.471435546875,,0.0,,0.0,,,,,-0.0,,0.0,,-2.2125210762023926,,-0.05170352756977081,,-0.3949846625328064,,0.24917936325073242,,,,,,,,,,,,,,,,,,,,,,,,
0.018173417076468468,,,,,,,,-0.0072770449332892895,0.003140049520879984,-0.05155510827898979,0.02021857537329197,0.00844131875783205,,,,,,,,,,,,,,,,,,,,,,,,,,,,,2121.021484375,227.35226440429688,264.0393981933594,266.2929382324219,0.0,2878.7060546875,1254.159423828125,1672.21337890625,,,,0.3849881589412689,0.0,,,,,,2878.7060546875,266.2929382324219,2121.021484375,227.35226440429688,264.0393981933594,0.0,0.0,0.0,0.0025676759,0.0025834837,0.0,0.000532711,1254.159423828125,1672.21337890625,0.0,0.0,0.0,0.0,0.0,0.0,17.0,0.0,0.0,0.75,0.75,0.0,0.0,99.0,1.0,99.0,999.0,0.0,1.0,0.0,999.0,0.0,0.0,0.0,0.0,999.0,0.0,0.0,0.0,0.0,0.0,0.0,0.0,0.0,1.0,7.0,1940.0,12.0,2021.0,9.0,2101.0,12.0,0.0,0.0,999.0,1.0,31.0,21.0,15.0,1.0,0.0,0.0,0.0,2,2,6,4,,,4,0.3849881589412689,,,,,,,,,,0.1071082130074501,0.025164585560560226,,,,89.0,,0.0,0.0,2878.7060546875,0.0,,,0.0,,2878.7060546875,,0.0,,0.0,,,,,-0.0,,0.0,,-2.146779775619507,,-0.050717540085315704,,-0.38745227456092834,,0.24442748725414276,,,,,,,,,,,,,,,,,,,,,,,,
0.018173417076468468,,,,,,,,0.0056358627043664455,0.004155869595706463,0.08875118941068649,0.055214736610651016,0.025556636974215508,,,,,,,,,,,,,,,,,,,,,,,,,,,,,2230.946533203125,239.13514709472656,277.7236328125,280.093994140625,0.0,3027.8994140625,1254.159423828125,1672.21337890625,,,,0.37354883551597595,0.0,,,,,,3027.8994140625,280.093994140625,2230.946533203125,239.13514709472656,277.7236328125,0.0,0.0,0.0,0.0025676759,0.0025834837,0.0,0.000532711,1254.159423828125,1672.21337890625,0.0,0.0,0.0,0.0,0.0,0.0,17.0,0.0,0.0,0.75,0.75,0.0,0.0,99.0,1.0,99.0,999.0,0.0,1.0,0.0,999.0,0.0,0.0,0.0,0.0,999.0,0.0,0.0,0.0,0.0,0.0,0.0,0.0,0.0,1.0,7.0,1940.0,12.0,2021.0,9.0,2101.0,12.0,0.0,0.0,999.0,1.0,31.0,21.0,15.0,1.0,0.0,0.0,0.0,2,2,6,5,,,5,0.37354883551597595,,,,,,,,,,0.10710890591144562,0.025164557620882988,,,,89.0,,0.0,0.0,3027.8994140625,0.0,,,0.0,,3027.8994140625,,0.0,,0.0,,,,,-0.0,,0.0,,-2.082991600036621,,-0.0517609640955925,,-0.39542341232299805,,0.24945615231990814,,,,,,,,,,,,,,,,,,,,,,,,
0.018423469737172127,,,,,,,,0.019850444048643112,0.0021985394414514303,-0.13137058913707733,0.01827975921332836,-0.011421311646699905,,,,,,,,,,,,,,,,,,,,,,,,,,,,,2240.91064453125,240.2032012939453,278.96405029296875,281.344970703125,0.0,3041.423095703125,1254.159423828125,1672.21337890625,,,,0.36235707998275757,0.0,,,,,,3041.423095703125,281.344970703125,2240.91064453125,240.2032012939453,278.96405029296875,0.0,0.0,0.0,0.0025676759,0.0025834837,0.0,0.000532711,1254.159423828125,1672.21337890625,0.0,0.0,0.0,0.0,0.0,0.0,17.0,0.0,0.0,0.75,0.75,0.0,0.0,99.0,1.0,99.0,999.0,0.0,1.0,0.0,999.0,0.0,0.0,0.0,0.0,999.0,0.0,0.0,0.0,0.0,0.0,0.0,0.0,0.0,1.0,7.0,1940.0,12.0,2021.0,9.0,2101.0,12.0,0.0,0.0,999.0,1.0,31.0,21.0,15.0,1.0,0.0,0.0,0.0,2,2,6,6,,,6,0.36235707998275757,,,,,,,,,,0.10710953921079636,0.025164533406496048,,,,89.0,,0.0,0.0,3041.423095703125,0.0,,,0.0,,3041.423095703125,,0.0,,0.0,,,,,-0.0,,0.0,,-2.0210988521575928,,-0.05044728145003319,,-0.385387659072876,,0.24312500655651093,,,,,,,,,,,,,,,,,,,,,,,,
0.018423469737172127,,,,,,,,-0.024193840101361275,0.004331234842538834,0.051890160888433456,0.01081467978656292,-0.026702383533120155,,,,,,,,,,,,,,,,,,,,,,,,,,,,,2257.4326171875,241.9741973876953,281.02081298828125,283.4193115234375,0.0,3063.84716796875,1254.159423828125,1672.21337890625,,,,0.35150066018104553,0.0,,,,,,3063.84716796875,283.4193115234375,2257.4326171875,241.9741973876953,281.02081298828125,0.0,0.0,0.0,0.0025676759,0.0025834837,0.0,0.000532711,1254.159423828125,1672.21337890625,0.0,0.0,0.0,0.0,0.0,0.0,17.0,0.0,0.0,0.75,0.75,0.0,0.0,99.0,1.0,99.0,999.0,0.0,1.0,0.0,999.0,0.0,0.0,0.0,0.0,999.0,0.0,0.0,0.0,0.0,0.0,0.0,0.0,0.0,1.0,7.0,1940.0,12.0,2021.0,9.0,2101.0,12.0,0.0,0.0,999.0,1.0,31.0,21.0,15.0,1.0,0.0,0.0,0.0,2,2,6,7,,,7,0.35150066018104553,,,,,,,,,,0.1071096807718277,0.0251645278185606,,,,89.0,,0.0,0.0,3063.84716796875,0.0,,,0.0,,3063.84716796875,,0.0,,0.0,,,,,-0.0,,0.0,,-1.960545539855957,,-0.049296651035547256,,-0.37659749388694763,,0.23757967352867126,,,,,,,,,,,,,,,,,,,,,,,,
0.018423469737172127,,,,,,,,0.019610455259680748,0.002716842805966735,0.06040586531162262,0.03642990440130234,0.0043071964755654335,,,,,,,,,,,,,,,,,,,,,,,,,,,,,2334.7705078125,250.26405334472656,290.64837646484375,293.1290283203125,0.0,3168.812255859375,1254.159423828125,1672.21337890625,,,,0.3409694731235504,0.0,,,,,,3168.812255859375,293.1290283203125,2334.7705078125,250.26405334472656,290.64837646484375,0.0,0.0,0.0,0.0025676759,0.0025834837,0.0,0.000532711,1254.159423828125,1672.21337890625,0.0,0.0,0.0,0.0,0.0,0.0,17.0,0.0,0.0,0.75,0.75,0.0,0.0,99.0,1.0,99.0,999.0,0.0,1.0,0.0,999.0,0.0,0.0,0.0,0.0,999.0,0.0,0.0,0.0,0.0,0.0,0.0,0.0,0.0,1.0,7.0,1940.0,12.0,2021.0,9.0,2101.0,12.0,0.0,0.0,999.0,1.0,31.0,21.0,15.0,1.0,0.0,0.0,0.0,2,2,6,8,,,8,0.3409694731235504,,,,,,,,,,0.1071101725101471,0.02516450732946396,,,,89.0,,0.0,0.0,3168.812255859375,0.0,,,0.0,,3168.812255859375,,0.0,,0.0,,,,,-0.0,,0.0,,-1.9018064737319946,,-0.049457959830760956,,-0.37782981991767883,,0.2383570820093155,,,,,,,,,,,,,,,,,,,,,,,,
0.018423469737172127,,,,,,,,0.026049582287669182,0.004109719768166542,-0.029377248138189316,0.05726155266165733,0.04440995305776596,,,,,,,,,,,,,,,,,,,,,,,,,,,,,2445.709716796875,262.1556091308594,304.4588317871094,307.0573425292969,0.0,3319.381591796875,1254.159423828125,1672.21337890625,,,,0.3311154544353485,0.0,,,,,,3319.381591796875,307.0573425292969,2445.709716796875,262.1556091308594,304.4588317871094,0.0,0.0,0.0,0.0025676759,0.0025834837,0.0,0.000532711,1254.159423828125,1672.21337890625,0.0,0.0,0.0,0.0,0.0,0.0,17.0,0.0,0.0,0.75,0.75,0.0,0.0,99.0,1.0,99.0,999.0,0.0,1.0,0.0,999.0,0.0,0.0,0.0,0.0,999.0,0.0,0.0,0.0,0.0,0.0,0.0,0.0,0.0,1.0,7.0,1940.0,12.0,2021.0,9.0,2101.0,12.0,0.0,0.0,999.0,1.0,31.0,21.0,15.0,1.0,0.0,0.0,0.0,2,2,6,9,,,9,0.3311154544353485,,,,,,,,,,0.0956561341881752,0.025164468213915825,,,,89.0,,0.0,0.0,3319.381591796875,0.0,,,0.0,,3319.381591796875,,0.0,,0.0,,,,,-0.0,,0.0,,-1.8448270559310913,,-0.050255801528692245,,-0.24473823606967926,,0.24220220744609833,,,,,,,,,,,,,,,,,,,,,,,,
0.018423469737172127,,,,,,,,-0.00822464283555746,0.003063575830310583,0.0908416286110878,0.03226734697818756,0.06611029803752899,,,,,,,,,,,,,,,,,,,,,,,,,,,,,2536.103759765625,271.8449401855469,315.7117004394531,318.4062805175781,0.0,3442.066650390625,1254.159423828125,1672.21337890625,,,,0.32154616713523865,0.0,,,,,,3442.066650390625,318.4062805175781,2536.103759765625,271.8449401855469,315.7117004394531,0.0,0.0,0.0,0.0025676759,0.0025834837,0.0,0.000532711,1254.159423828125,1672.21337890625,0.0,0.0,0.0,0.0,0.0,0.0,17.0,0.0,0.0,0.75,0.75,0.0,0.0,99.0,1.0,99.0,999.0,0.0,1.0,0.0,999.0,0.0,0.0,0.0,0.0,999.0,0.0,0.0,0.0,0.0,0.0,0.0,0.0,0.0,1.0,7.0,1940.0,12.0,2021.0,9.0,2101.0,12.0,0.0,0.0,999.0,1.0,31.0,21.0,15.0,1.0,0.0,0.0,0.0,2,2,6,10,,,10,0.32154616713523865,,,,,,,,,,0.09565793722867966,0.025164425373077393,,,,89.0,,0.0,0.0,3442.066650390625,0.0,,,0.0,,3442.066650390625,,0.0,,0.0,,,,,-0.0,,0.0,,-1.7915116548538208,,-0.05060719698667526,,-0.24644947052001953,,0.24389570951461792,,,,,,,,,,,,,,,,,,,,,,,,
0.018423469737172127,,,,,,,,0.006859415210783482,0.003927712328732014,-0.09892462939023972,-0.06801456212997437,-0.06768810749053955,,,,,,,,,,,,,,,,,,,,,,,,,,,,,2380.250244140625,255.13902282714844,296.30999755859375,298.8389892578125,0.0,3230.538330078125,1254.159423828125,1672.21337890625,,,,0.3122534453868866,0.0,,,,,,3230.538330078125,298.8389892578125,2380.250244140625,255.13902282714844,296.30999755859375,0.0,0.0,0.0,0.0025676759,0.0025834837,0.0,0.000532711,1254.159423828125,1672.21337890625,0.0,0.0,0.0,0.0,0.0,0.0,17.0,0.0,0.0,0.75,0.75,0.0,0.0,99.0,1.0,99.0,999.0,0.0,1.0,0.0,999.0,0.0,0.0,0.0,0.0,999.0,0.0,0.0,0.0,0.0,0.0,0.0,0.0,0.0,1.0,7.0,1940.0,12.0,2021.0,9.0,2101.0,12.0,0.0,0.0,999.0,1.0,31.0,21.0,15.0,1.0,0.0,0.0,0.0,2,2,6,11,,,11,0.3122534453868866,,,,,,,,,,0.0956573486328125,0.025164438411593437,,,,89.0,,0.0,0.0,3230.538330078125,0.0,,,0.0,,3230.538330078125,,0.0,,0.0,,,,,-0.0,,0.0,,-1.7397366762161255,,-0.04612451046705246,,-0.22461947798728943,,0.22229191660881042,,,,,,,,,,,,,,,,,,,,,,,,
0.018423469737172127,,,,,,,,-0.04199112206697464,0.002590911230072379,-0.02085612341761589,-0.031841546297073364,-0.04857732355594635,,,,,,,,,,,,,,,,,,,,,,,,,,,,,2301.505615234375,246.69837951660156,286.50732421875,288.95263671875,0.0,3123.6640625,1254.159423828125,1672.21337890625,,,,0.3032088577747345,0.0,,,,,,3123.6640625,288.95263671875,2301.505615234375,246.69837951660156,286.50732421875,0.0,0.0,0.0,0.0025676759,0.0025834837,0.0,0.000532711,1254.159423828125,1672.21337890625,0.0,0.0,0.0,0.0,0.0,0.0,17.0,0.0,0.0,0.75,0.75,0.0,0.0,99.0,1.0,99.0,999.0,0.0,1.0,0.0,999.0,0.0,0.0,0.0,0.0,999.0,0.0,0.0,0.0,0.0,0.0,0.0,0.0,0.0,1.0,7.0,1940.0,12.0,2021.0,9.0,2101.0,12.0,0.0,0.0,999.0,1.0,31.0,21.0,15.0,1.0,0.0,0.0,0.0,2,2,6,12,,,12,0.3032088577747345,,,,,,,,,,0.09565524756908417,0.025877665728330612,,,,90.0,,0.0,0.0,3123.6640625,0.0,,,0.0,,3123.6640625,,0.0,,0.0,,,,,-0.0,,0.0,,-1.6894581317901611,,-0.04330969229340553,,-0.21091172099113464,,0.2087262123823166,,,,,,,,,,,,,,,,,,,,,,,,
0.010206105187535286,,,,,,,,0.0070540690794587135,0.0031777152325958014,-0.0449710376560688,-0.03251204267144203,-0.028029130771756172,,,,,,,,,,,,,,,,,,,,,,,,,,,,,2234.458251953125,239.51156616210938,278.1607971191406,280.5348815917969,0.0,3032.66552734375,1254.159423828125,1672.21337890625,,,,0.29689109325408936,0.0,,,,,,3032.66552734375,280.5348815917969,2234.458251953125,239.51156616210938,278.1607971191406,0.0,0.0,0.0,0.0025676759,0.0025834837,0.0,0.000532711,1254.159423828125,1672.21337890625,0.0,0.0,0.0,0.0,0.0,0.0,17.0,0.0,0.0,0.75,0.75,0.0,0.0,99.0,1.0,99.0,999.0,0.0,1.0,0.0,999.0,0.0,0.0,0.0,0.0,999.0,0.0,0.0,0.0,0.0,0.0,0.0,0.0,0.0,1.0,7.0,1940.0,12.0,2021.0,9.0,2101.0,12.0,0.0,0.0,999.0,1.0,31.0,21.0,15.0,1.0,0.0,0.0,0.0,2,2,7,1,,,1,0.29689109325408936,,,,,,,,,,0.09565393626689911,0.02587767131626606,,,,90.0,,0.0,0.0,3032.66552734375,0.0,,,0.0,,3032.66552734375,,0.0,,0.0,,,,,-0.0,,0.0,,-2.7816200256347656,,-0.04083005338907242,,-0.19883623719215393,,0.19677585363388062,,,,,,,,,,,,,,,,,,,,,,,,
0.010206105187535286,,,,,,,,0.006967625580728054,0.00458081578835845,-0.14270761609077454,-0.08262530714273453,-0.05062228441238403,,,,,,,,,,,,,,,,,,,,,,,,,,,,,2071.31005859375,222.02371215820312,257.8509826660156,260.05169677734375,0.0,2811.236328125,1254.159423828125,1672.21337890625,,,,0.29070502519607544,0.0,,,,,,2811.236328125,260.05169677734375,2071.31005859375,222.02371215820312,257.8509826660156,0.0,0.0,0.0,0.0025676759,0.0025834837,0.0,0.000532711,1254.159423828125,1672.21337890625,0.0,0.0,0.0,0.0,0.0,0.0,17.0,0.0,0.0,0.75,0.75,0.0,0.0,99.0,1.0,99.0,999.0,0.0,1.0,0.0,999.0,0.0,0.0,0.0,0.0,999.0,0.0,0.0,0.0,0.0,0.0,0.0,0.0,0.0,1.0,7.0,1940.0,12.0,2021.0,9.0,2101.0,12.0,0.0,0.0,999.0,1.0,31.0,21.0,15.0,1.0,0.0,0.0,0.0,2,2,7,2,,,2,0.29070502519607544,,,,,,,,,,0.09565187245607376,0.025877682492136955,,,,90.0,,0.0,0.0,2811.236328125,0.0,,,0.0,,2811.236328125,,0.0,,0.0,,,,,-0.0,,0.0,,-2.723661184310913,,-0.03706022724509239,,-0.18047775328159332,,0.17860759794712067,,,,,,,,,,,,,,,,,,,,,,,,
0.010206105187535286,,,,,,,,0.033692412078380585,0.002958908211439848,-0.04868574067950249,0.01672085002064705,-0.02653532847762108,,,,,,,,,,,,,,,,,,,,,,,,,,,,,2090.40966796875,224.07101440429688,260.2286376953125,262.4496765136719,0.0,2837.1591796875,1254.159423828125,1672.21337890625,,,,0.2846478819847107,0.0,,,,,,2837.1591796875,262.4496765136719,2090.40966796875,224.07101440429688,260.2286376953125,0.0,0.0,0.0,0.0025676759,0.0025834837,0.0,0.000532711,1254.159423828125,1672.21337890625,0.0,0.0,0.0,0.0,0.0,0.0,17.0,0.0,0.0,0.75,0.75,0.0,0.0,99.0,1.0,99.0,999.0,0.0,1.0,0.0,999.0,0.0,0.0,0.0,0.0,999.0,0.0,0.0,0.0,0.0,0.0,0.0,0.0,0.0,1.0,7.0,1940.0,12.0,2021.0,9.0,2101.0,12.0,0.0,0.0,999.0,1.0,31.0,21.0,15.0,1.0,0.0,0.0,0.0,2,2,7,3,,,3,0.2846478819847107,,,,,,,,,,0.0956505835056305,0.025877689942717552,,,,90.0,,0.0,0.0,2837.1591796875,0.0,,,0.0,,2837.1591796875,,0.0,,0.0,,,,,-0.0,,0.0,,-2.666910409927368,,-0.03662265092134476,,-0.17834682762622833,,0.17649875581264496,,,,,,,,,,,,,,,,,,,,,,,,
0.010206105187535286,,,,,,,,0.0013723154552280903,0.008134470321238041,-0.02571053057909012,0.06783676892518997,-0.019359683617949486,,,,,,,,,,,,,,,,,,,,,,,,,,,,,2190.44482421875,234.7937774658203,272.68170166015625,275.009033203125,0.0,2972.929443359375,1254.159423828125,1672.21337890625,,,,0.27871692180633545,0.0,,,,,,2972.929443359375,275.009033203125,2190.44482421875,234.7937774658203,272.68170166015625,0.0,0.0,0.0,0.0025676759,0.0025834837,0.0,0.000532711,1254.159423828125,1672.21337890625,0.0,0.0,0.0,0.0,0.0,0.0,17.0,0.0,0.0,0.75,0.75,0.0,0.0,99.0,1.0,99.0,999.0,0.0,1.0,0.0,999.0,0.0,0.0,0.0,0.0,999.0,0.0,0.0,0.0,0.0,0.0,0.0,0.0,0.0,1.0,7.0,1940.0,12.0,2021.0,9.0,2101.0,12.0,0.0,0.0,999.0,1.0,31.0,21.0,15.0,1.0,0.0,0.0,0.0,2,2,7,4,,,4,0.27871692180633545,,,,,,,,,,0.09565164893865585,0.025877684354782104,,,,90.0,,0.0,0.0,2972.929443359375,0.0,,,0.0,,2972.929443359375,,0.0,,0.0,,,,,-0.0,,0.0,,-2.611342668533325,,-0.037575613707304,,-0.18298761546611786,,0.18109145760536194,,,,,,,,,,,,,,,,,,,,,,,,
0.010206105187535286,,,,,,,,0.022411976009607315,0.0063811964355409145,-0.020189881324768066,0.008017213083803654,0.008922087028622627,,,,,,,,,,,,,,,,,,,,,,,,,,,,,2205.896240234375,236.45001220703125,274.605224609375,276.9489440917969,0.0,2993.900634765625,1254.159423828125,1672.21337890625,,,,0.2729094922542572,0.0,,,,,,2993.900634765625,276.9489440917969,2205.896240234375,236.45001220703125,274.605224609375,0.0,0.0,0.0,0.0025676759,0.0025834837,0.0,0.000532711,1254.159423828125,1672.21337890625,0.0,0.0,0.0,0.0,0.0,0.0,17.0,0.0,0.0,0.75,0.75,0.0,0.0,99.0,1.0,99.0,999.0,0.0,1.0,0.0,999.0,0.0,0.0,0.0,0.0,999.0,0.0,0.0,0.0,0.0,0.0,0.0,0.0,0.0,1.0,7.0,1940.0,12.0,2021.0,9.0,2101.0,12.0,0.0,0.0,999.0,1.0,31.0,21.0,15.0,1.0,0.0,0.0,0.0,2,2,7,5,,,5,0.2729094922542572,,,,,,,,,,0.09565268456935883,0.025877678766846657,,,,90.0,,0.0,0.0,2993.900634765625,0.0,,,0.0,,2993.900634765625,,0.0,,0.0,,,,,-0.0,,0.0,,-2.5569324493408203,,-0.0370522178709507,,-0.18043875694274902,,0.1785690188407898,,,,,,,,,,,,,,,,,,,,,,,,
0.015022042207419872,,,,,,,,0.01489620003849268,0.003155119949951768,-0.04724369943141937,0.05796245485544205,0.057654157280921936,,,,,,,,,,,,,,,,,,,,,,,,,,,,,2309.419921875,247.54672241210938,287.4925537109375,289.9462890625,0.0,3134.40576171875,1254.159423828125,1672.21337890625,,,,0.265922874212265,0.0,,,,,,3134.40576171875,289.9462890625,2309.419921875,247.54672241210938,287.4925537109375,0.0,0.0,0.0,0.0025676759,0.0025834837,0.0,0.000532711,1254.159423828125,1672.21337890625,0.0,0.0,0.0,0.0,0.0,0.0,17.0,0.0,0.0,0.75,0.75,0.0,0.0,99.0,1.0,99.0,999.0,0.0,1.0,0.0,999.0,0.0,0.0,0.0,0.0,999.0,0.0,0.0,0.0,0.0,0.0,0.0,0.0,0.0,1.0,7.0,1940.0,12.0,2021.0,9.0,2101.0,12.0,0.0,0.0,999.0,1.0,31.0,21.0,15.0,1.0,0.0,0.0,0.0,2,2,7,6,,,6,0.265922874212265,,,,,,,,,,0.09565375745296478,0.02587767317891121,,,,90.0,,0.0,0.0,3134.40576171875,0.0,,,0.0,,3134.40576171875,,0.0,,0.0,,,,,-0.0,,0.0,,-2.503655433654785,,-0.03798283636569977,,-0.18497073650360107,,0.18305401504039764,,,,,,,,,,,,,,,,,,,,,,,,
0.015022042207419872,,,,,,,,-0.024194292724132538,0.0033403479028493166,0.12076705694198608,0.020848942920565605,0.008169719949364662,,,,,,,,,,,,,,,,,,,,,,,,,,,,,2364.802490234375,253.483154296875,294.3869323730469,296.8995056152344,0.0,3209.572021484375,1254.159423828125,1672.21337890625,,,,0.259115070104599,0.0,,,,,,3209.572021484375,296.8995056152344,2364.802490234375,253.483154296875,294.3869323730469,0.0,0.0,0.0,0.0025676759,0.0025834837,0.0,0.000532711,1254.159423828125,1672.21337890625,0.0,0.0,0.0,0.0,0.0,0.0,17.0,0.0,0.0,0.75,0.75,0.0,0.0,99.0,1.0,99.0,999.0,0.0,1.0,0.0,999.0,0.0,0.0,0.0,0.0,999.0,0.0,0.0,0.0,0.0,0.0,0.0,0.0,0.0,1.0,7.0,1940.0,12.0,2021.0,9.0,2101.0,12.0,0.0,0.0,999.0,1.0,31.0,21.0,15.0,1.0,0.0,0.0,0.0,2,2,7,7,,,7,0.259115070104599,,,,,,,,,,0.0956551805138588,0.025877665728330612,,,,90.0,,0.0,0.0,3209.572021484375,0.0,,,0.0,,3209.572021484375,,0.0,,0.0,,,,,-0.0,,0.0,,-2.439560651779175,,-0.03789800405502319,,-0.18455761671066284,,0.18264518678188324,,,,,,,,,,,,,,,,,,,,,,,,
0.015022042207419872,,,,,,,,0.0020261926110833883,0.005089642480015755,-0.04141700640320778,-0.0008721309714019299,-0.01199099700897932,,,,,,,,,,,,,,,,,,,,,,,,,,,,,2353.057861328125,252.22425842285156,292.9248962402344,295.42498779296875,0.0,3193.632080078125,1254.159423828125,1672.21337890625,,,,0.25248152017593384,0.0,,,,,,3193.632080078125,295.42498779296875,2353.057861328125,252.22425842285156,292.9248962402344,0.0,0.0,0.0,0.0025676759,0.0025834837,0.0,0.000532711,1254.159423828125,1672.21337890625,0.0,0.0,0.0,0.0,0.0,0.0,17.0,0.0,0.0,0.75,0.75,0.0,0.0,99.0,1.0,99.0,999.0,0.0,1.0,0.0,999.0,0.0,0.0,0.0,0.0,999.0,0.0,0.0,0.0,0.0,0.0,0.0,0.0,0.0,1.0,7.0,1940.0,12.0,2021.0,9.0,2101.0,12.0,0.0,0.0,999.0,1.0,31.0,21.0,15.0,1.0,0.0,0.0,0.0,2,2,7,8,,,8,0.25248152017593384,,,,,,,,,,0.09565556794404984,0.025877663865685463,,,,90.0,,0.0,0.0,3193.632080078125,0.0,,,0.0,,3193.632080078125,,0.0,,0.0,,,,,-0.0,,0.0,,-2.377106189727783,,-0.03674439340829849,,-0.17893968522548676,,0.17708547413349152,,,,,,,,,,,,,,,,,,,,,,,,
0.015022042207419872,,,,,,,,0.01333331037312746,0.007970612496137619,0.01804298348724842,0.04912537708878517,0.037915781140327454,,,,,,,,,,,,,,,,,,,,,,,,,,,,,2454.471435546875,263.09478759765625,305.549560546875,308.1573791503906,0.0,3331.273193359375,1254.159423828125,1672.21337890625,,,,0.24601779878139496,0.0,,,,,,3331.273193359375,308.1573791503906,2454.471435546875,263.09478759765625,305.549560546875,0.0,0.0,0.0,0.0025676759,0.0025834837,0.0,0.000532711,1254.159423828125,1672.21337890625,0.0,0.0,0.0,0.0,0.0,0.0,17.0,0.0,0.0,0.75,0.75,0.0,0.0,99.0,1.0,99.0,999.0,0.0,1.0,0.0,999.0,0.0,0.0,0.0,0.0,999.0,0.0,0.0,0.0,0.0,0.0,0.0,0.0,0.0,1.0,7.0,1940.0,12.0,2021.0,9.0,2101.0,12.0,0.0,0.0,999.0,1.0,31.0,21.0,15.0,1.0,0.0,0.0,0.0,2,2,7,9,,,9,0.24601779878139496,,,,,,,,,,0.0956563726067543,0.025877658277750015,,,,90.0,,0.0,0.0,3331.273193359375,0.0,,,0.0,,3331.273193359375,,0.0,,0.0,,,,,-0.0,,0.0,,-2.3162505626678467,,-0.03734679892659187,,-0.18187333643436432,,0.17998871207237244,,,,,,,,,,,,,,,,,,,,,,,,
0.015022042207419872,,,,,,,,0.017713136970996857,0.0057633789256215096,0.00968679878860712,-0.046442627906799316,-0.061790935695171356,,,,,,,,,,,,,,,,,,,,,,,,,,,,,2364.348388671875,253.4344940185547,294.3304138183594,296.8424987792969,0.0,3208.955810546875,1254.159423828125,1672.21337890625,,,,0.23971955478191376,0.0,,,,,,3208.955810546875,296.8424987792969,2364.348388671875,253.4344940185547,294.3304138183594,0.0,0.0,0.0,0.0025676759,0.0025834837,0.0,0.000532711,1254.159423828125,1672.21337890625,0.0,0.0,0.0,0.0,0.0,0.0,17.0,0.0,0.0,0.75,0.75,0.0,0.0,99.0,1.0,99.0,999.0,0.0,1.0,0.0,999.0,0.0,0.0,0.0,0.0,999.0,0.0,0.0,0.0,0.0,0.0,0.0,0.0,0.0,1.0,7.0,1940.0,12.0,2021.0,9.0,2101.0,12.0,0.0,0.0,999.0,1.0,31.0,21.0,15.0,1.0,0.0,0.0,0.0,2,2,7,10,,,10,0.23971955478191376,,,,,,,,,,0.09565647691488266,0.025877658277750015,,,,90.0,,0.0,0.0,3208.955810546875,0.0,,,0.0,,3208.955810546875,,0.0,,0.0,,,,,-0.0,,0.0,,-2.2569527626037598,,-0.03505450487136841,,-0.17071019113063812,,0.16894124448299408,,,,,,,,,,,,,,,,,,,,,,,,
0.015022042207419872,,,,,,,,-0.004761899821460247,0.0043794699013233185,0.04791588336229324,-0.02887854166328907,-0.03525848314166069,,,,,,,,,,,,,,,,,,,,,,,,,,,,,2314.874755859375,248.1314239501953,288.1716003417969,290.6311340332031,0.0,3141.80908203125,1254.159423828125,1672.21337890625,,,,0.23358257114887238,0.0,,,,,,3141.80908203125,290.6311340332031,2314.874755859375,248.1314239501953,288.1716003417969,0.0,0.0,0.0,0.0025676759,0.0025834837,0.0,0.000532711,1254.159423828125,1672.21337890625,0.0,0.0,0.0,0.0,0.0,0.0,17.0,0.0,0.0,0.75,0.75,0.0,0.0,99.0,1.0,99.0,999.0,0.0,1.0,0.0,999.0,0.0,0.0,0.0,0.0,999.0,0.0,0.0,0.0,0.0,0.0,0.0,0.0,0.0,1.0,7.0,1940.0,12.0,2021.0,9.0,2101.0,12.0,0.0,0.0,999.0,1.0,31.0,21.0,15.0,1.0,0.0,0.0,0.0,2,2,7,11,,,11,0.23358257114887238,,,,,,,,,,0.09565522521734238,0.025877665728330612,,,,90.0,,0.0,0.0,3141.80908203125,0.0,,,0.0,,3141.80908203125,,0.0,,0.0,,,,,-0.0,,0.0,,-2.1991729736328125,,-0.03344234824180603,,-0.1628592312335968,,0.16117165982723236,,,,,,,,,,,,,,,,,,,,,,,,
0.015022042207419872,,,,,,,,0.017358409240841866,0.005462238099426031,0.08873251080513,0.046277862042188644,0.02934674359858036,,,,,,,,,,,,,,,,,,,,,,,,,,,,,2422.176025390625,259.6330261230469,301.5292053222656,304.10272216796875,0.0,3287.44091796875,1254.159423828125,1672.21337890625,,,,0.22764593362808228,0.0,,,,,,3287.44091796875,304.10272216796875,2422.176025390625,259.6330261230469,301.5292053222656,0.0,0.0,0.0,0.0025676759,0.0025834837,0.0,0.000532711,1254.159423828125,1672.21337890625,0.0,0.0,0.0,0.0,0.0,0.0,17.0,0.0,0.0,0.75,0.75,0.0,0.0,99.0,1.0,99.0,999.0,0.0,1.0,0.0,999.0,0.0,0.0,0.0,0.0,999.0,0.0,0.0,0.0,0.0,0.0,0.0,0.0,0.0,1.0,7.0,1940.0,12.0,2021.0,9.0,2101.0,12.0,0.0,0.0,999.0,1.0,31.0,21.0,15.0,1.0,0.0,0.0,0.0,2,2,7,12,,,12,0.22764593362808228,,,,,,,,,,0.09565574675798416,0.023872027173638344,,,,91.0,,0.0,0.0,3287.44091796875,0.0,,,0.0,,3287.44091796875,,0.0,,0.0,,,,,-0.0,,0.0,,-2.1428725719451904,,-0.03409666568040848,,-0.1660456657409668,,0.1643250584602356,,,,,,,,,,,,,,,,,,,,,,,,
0.007195997983217239,,,,,,,,-0.0062201558612287045,0.004599716514348984,-0.0441434383392334,-0.06667384505271912,-0.029809415340423584,,,,,,,,,,,,,,,,,,,,,,,,,,,,,2290.398193359375,245.5077667236328,285.12457275390625,287.5580749511719,0.0,3108.588623046875,1254.159423828125,1672.21337890625,,,,0.22362296283245087,0.0,,,,,,3108.588623046875,287.5580749511719,2290.398193359375,245.5077667236328,285.12457275390625,0.0,0.0,0.0,0.0025676759,0.0025834837,0.0,0.000532711,1254.159423828125,1672.21337890625,0.0,0.0,0.0,0.0,0.0,0.0,17.0,0.0,0.0,0.75,0.75,0.0,0.0,99.0,1.0,99.0,999.0,0.0,1.0,0.0,999.0,0.0,0.0,0.0,0.0,999.0,0.0,0.0,0.0,0.0,0.0,0.0,0.0,0.0,1.0,7.0,1940.0,12.0,2021.0,9.0,2101.0,12.0,0.0,0.0,999.0,1.0,31.0,21.0,15.0,1.0,0.0,0.0,0.0,2,2,8,1,,,1,0.22362296283245087,,,,,,,,,,0.09565552324056625,0.023871980607509613,,,,91.0,,0.0,0.0,3108.588623046875,0.0,,,0.0,,3108.588623046875,,0.0,,0.0,,,,,-0.0,,0.0,,-1.4804350137710571,,-0.031422208994627,,-0.1530214548110962,,0.15143580734729767,,,,,,,,,,,,,,,,,,,,,,,,
0.007195997983217239,,,,,,,,0.022684473544359207,0.0032734207343310118,-0.05479735508561134,0.027647715061903,-0.00561419315636158,,,,,,,,,,,,,,,,,,,,,,,,,,,,,2331.24365234375,249.88600158691406,290.2093200683594,292.68621826171875,0.0,3164.025146484375,1254.159423828125,1672.21337890625,,,,0.2196711152791977,0.0,,,,,,3164.025146484375,292.68621826171875,2331.24365234375,249.88600158691406,290.2093200683594,0.0,0.0,0.0,0.0025676759,0.0025834837,0.0,0.000532711,1254.159423828125,1672.21337890625,0.0,0.0,0.0,0.0,0.0,0.0,17.0,0.0,0.0,0.75,0.75,0.0,0.0,99.0,1.0,99.0,999.0,0.0,1.0,0.0,999.0,0.0,0.0,0.0,0.0,999.0,0.0,0.0,0.0,0.0,0.0,0.0,0.0,0.0,1.0,7.0,1940.0,12.0,2021.0,9.0,2101.0,12.0,0.0,0.0,999.0,1.0,31.0,21.0,15.0,1.0,0.0,0.0,0.0,2,2,8,2,,,2,0.2196711152791977,,,,,,,,,,0.09565471112728119,0.023871807381510735,,,,91.0,,0.0,0.0,3164.025146484375,0.0,,,0.0,,3164.025146484375,,0.0,,0.0,,,,,-0.0,,0.0,,-1.4542726278305054,,-0.031417373567819595,,-0.1529979109764099,,0.15141251683235168,,,,,,,,,,,,,,,,,,,,,,,,
0.007195997983217239,,,,,,,,-0.011691862717270851,0.0033742852974683046,-0.15470485389232635,-0.03942403569817543,-0.05889538303017616,,,,,,,,,,,,,,,,,,,,,,,,,,,,,2223.239501953125,238.30905151367188,276.76422119140625,279.1263732910156,0.0,3017.439453125,1254.159423828125,1672.21337890625,,,,0.21578910946846008,0.0,,,,,,3017.439453125,279.1263732910156,2223.239501953125,238.30905151367188,276.76422119140625,0.0,0.0,0.0,0.0025676759,0.0025834837,0.0,0.000532711,1254.159423828125,1672.21337890625,0.0,0.0,0.0,0.0,0.0,0.0,17.0,0.0,0.0,0.75,0.75,0.0,0.0,99.0,1.0,99.0,999.0,0.0,1.0,0.0,999.0,0.0,0.0,0.0,0.0,999.0,0.0,0.0,0.0,0.0,0.0,0.0,0.0,0.0,1.0,7.0,1940.0,12.0,2021.0,9.0,2101.0,12.0,0.0,0.0,999.0,1.0,31.0,21.0,15.0,1.0,0.0,0.0,0.0,2,2,8,3,,,3,0.21578910946846008,,,,,,,,,,0.09565410763025284,0.02387167699635029,,,,91.0,,0.0,0.0,3017.439453125,0.0,,,0.0,,3017.439453125,,0.0,,0.0,,,,,-0.0,,0.0,,-1.4285728931427002,,-0.029432356357574463,,-0.14333117008209229,,0.1418459415435791,,,,,,,,,,,,,,,,,,,,,,,,
0.007195997983217239,,,,,,,,0.021555257961153984,0.0063333939760923386,0.018994919955730438,0.05239705368876457,0.07732836902141571,,,,,,,,,,,,,,,,,,,,,,,,,,,,,2335.09814453125,250.29917907714844,290.6891784667969,293.170166015625,0.0,3169.2568359375,1254.159423828125,1672.21337890625,,,,0.21197570860385895,0.0,,,,,,3169.2568359375,293.170166015625,2335.09814453125,250.29917907714844,290.6891784667969,0.0,0.0,0.0,0.0025676759,0.0025834837,0.0,0.000532711,1254.159423828125,1672.21337890625,0.0,0.0,0.0,0.0,0.0,0.0,17.0,0.0,0.0,0.75,0.75,0.0,0.0,99.0,1.0,99.0,999.0,0.0,1.0,0.0,999.0,0.0,0.0,0.0,0.0,999.0,0.0,0.0,0.0,0.0,0.0,0.0,0.0,0.0,1.0,7.0,1940.0,12.0,2021.0,9.0,2101.0,12.0,0.0,0.0,999.0,1.0,31.0,21.0,15.0,1.0,0.0,0.0,0.0,2,2,8,4,,,4,0.21197570860385895,,,,,,,,,,0.09565413743257523,0.023871684446930885,,,,91.0,,0.0,0.0,3169.2568359375,0.0,,,0.0,,3169.2568359375,,0.0,,0.0,,,,,-0.0,,0.0,,-1.403327226638794,,-0.03036690317094326,,-0.14788226783275604,,0.14634987711906433,,,,,,,,,,,,,,,,,,,,,,,,
0.007195997983217239,,,,,,,,0.014878234826028347,0.00358980568125844,-0.03157021850347519,0.059984251856803894,0.05366012081503868,,,,,,,,,,,,,,,,,,,,,,,,,,,,,2450.24462890625,262.6417236328125,305.02337646484375,307.626708984375,0.0,3325.53662109375,1254.159423828125,1672.21337890625,,,,0.2082296460866928,0.0,,,,,,3325.53662109375,307.626708984375,2450.24462890625,262.6417236328125,305.02337646484375,0.0,0.0,0.0,0.0025676759,0.0025834837,0.0,0.000532711,1254.159423828125,1672.21337890625,0.0,0.0,0.0,0.0,0.0,0.0,17.0,0.0,0.0,0.75,0.75,0.0,0.0,99.0,1.0,99.0,999.0,0.0,1.0,0.0,999.0,0.0,0.0,0.0,0.0,999.0,0.0,0.0,0.0,0.0,0.0,0.0,0.0,0.0,1.0,7.0,1940.0,12.0,2021.0,9.0,2101.0,12.0,0.0,0.0,999.0,1.0,31.0,21.0,15.0,1.0,0.0,0.0,0.0,2,2,8,5,,,5,0.2082296460866928,,,,,,,,,,0.09565617889165878,0.023872120305895805,,,,91.0,,0.0,0.0,3325.53662109375,0.0,,,0.0,,3325.53662109375,,0.0,,0.0,,,,,-0.0,,0.0,,-1.3785277605056763,,-0.03130122646689415,,-0.15243229269981384,,0.1508527547121048,,,,,,,,,,,,,,,,,,,,,,,,
0.00863291323184967,,,,,,,,-0.016631651669740677,0.0033602421171963215,0.07406643778085709,0.04933995380997658,0.09828589856624603,,,,,,,,,,,,,,,,,,,,,,,,,,,,,2575.348388671875,276.05157470703125,320.59716796875,323.33343505859375,0.0,3495.33056640625,1254.159423828125,1672.21337890625,,,,0.204253688454628,0.0,,,,,,3495.33056640625,323.33343505859375,2575.348388671875,276.05157470703125,320.59716796875,0.0,0.0,0.0,0.0025676759,0.0025834837,0.0,0.000532711,1254.159423828125,1672.21337890625,0.0,0.0,0.0,0.0,0.0,0.0,17.0,0.0,0.0,0.75,0.75,0.0,0.0,99.0,1.0,99.0,999.0,0.0,1.0,0.0,999.0,0.0,0.0,0.0,0.0,999.0,0.0,0.0,0.0,0.0,0.0,0.0,0.0,0.0,1.0,7.0,1940.0,12.0,2021.0,9.0,2101.0,12.0,0.0,0.0,999.0,1.0,31.0,21.0,15.0,1.0,0.0,0.0,0.0,2,2,8,6,,,6,0.204253688454628,,,,,,,,,,0.0956583321094513,0.023872580379247665,,,,91.0,,0.0,0.0,3495.33056640625,0.0,,,0.0,,3495.33056640625,,0.0,,0.0,,,,,-0.0,,0.0,,-1.3541662693023682,,-0.03231799229979515,,-0.1573837846517563,,0.15575294196605682,,,,,,,,,,,,,,,,,,,,,,,,
0.00863291323184967,,,,,,,,0.012160622514784336,0.0031757268588989973,0.01614517532289028,0.026358729228377342,0.0009440581197850406,,,,,,,,,,,,,,,,,,,,,,,,,,,,,2631.910888671875,282.114501953125,327.6384582519531,330.434814453125,0.0,3572.0986328125,1254.159423828125,1672.21337890625,,,,0.20035360753536224,0.0,,,,,,3572.0986328125,330.434814453125,2631.910888671875,282.114501953125,327.6384582519531,0.0,0.0,0.0,0.0025676759,0.0025834837,0.0,0.000532711,1254.159423828125,1672.21337890625,0.0,0.0,0.0,0.0,0.0,0.0,17.0,0.0,0.0,0.75,0.75,0.0,0.0,99.0,1.0,99.0,999.0,0.0,1.0,0.0,999.0,0.0,0.0,0.0,0.0,999.0,0.0,0.0,0.0,0.0,0.0,0.0,0.0,0.0,1.0,7.0,1940.0,12.0,2021.0,9.0,2101.0,12.0,0.0,0.0,999.0,1.0,31.0,21.0,15.0,1.0,0.0,0.0,0.0,2,2,8,7,,,7,0.20035360753536224,,,,,,,,,,0.09565996378660202,0.023872926831245422,,,,91.0,,0.0,0.0,3572.0986328125,0.0,,,0.0,,3572.0986328125,,0.0,,0.0,,,,,-0.0,,0.0,,-1.3283096551895142,,-0.032397158443927765,,-0.1577693074941635,,0.1561344712972641,,,,,,,,,,,,,,,,,,,,,,,,
0.00863291323184967,,,,,,,,-0.020345201715826988,0.0033859459217637777,0.07719137519598007,-0.0033187218941748142,0.0264214389026165,,,,,,,,,,,,,,,,,,,,,,,,,,,,,2643.1572265625,283.32000732421875,329.0384826660156,331.8468017578125,0.0,3587.36279296875,1254.159423828125,1672.21337890625,,,,0.19652797281742096,0.0,,,,,,3587.36279296875,331.8468017578125,2643.1572265625,283.32000732421875,329.0384826660156,0.0,0.0,0.0,0.0025676759,0.0025834837,0.0,0.000532711,1254.159423828125,1672.21337890625,0.0,0.0,0.0,0.0,0.0,0.0,17.0,0.0,0.0,0.75,0.75,0.0,0.0,99.0,1.0,99.0,999.0,0.0,1.0,0.0,999.0,0.0,0.0,0.0,0.0,999.0,0.0,0.0,0.0,0.0,0.0,0.0,0.0,0.0,1.0,7.0,1940.0,12.0,2021.0,9.0,2101.0,12.0,0.0,0.0,999.0,1.0,31.0,21.0,15.0,1.0,0.0,0.0,0.0,2,2,8,8,,,8,0.19652797281742096,,,,,,,,,,0.09566056728363037,0.02387305721640587,,,,91.0,,0.0,0.0,3587.36279296875,0.0,,,0.0,,3587.36279296875,,0.0,,0.0,,,,,-0.0,,0.0,,-1.3029465675354004,,-0.031914349645376205,,-0.15541809797286987,,0.1538076251745224,,,,,,,,,,,,,,,,,,,,,,,,
0.00863291323184967,,,,,,,,-0.02063121274113655,0.0024939076974987984,0.017836926504969597,-0.03616794943809509,0.008131245151162148,,,,,,,,,,,,,,,,,,,,,,,,,,,,,2574.1689453125,275.9251708984375,320.4503479003906,323.18536376953125,0.0,3493.72998046875,1254.159423828125,1672.21337890625,,,,0.1927754133939743,0.0,,,,,,3493.72998046875,323.18536376953125,2574.1689453125,275.9251708984375,320.4503479003906,0.0,0.0,0.0,0.0025676759,0.0025834837,0.0,0.000532711,1254.159423828125,1672.21337890625,0.0,0.0,0.0,0.0,0.0,0.0,17.0,0.0,0.0,0.75,0.75,0.0,0.0,99.0,1.0,99.0,999.0,0.0,1.0,0.0,999.0,0.0,0.0,0.0,0.0,999.0,0.0,0.0,0.0,0.0,0.0,0.0,0.0,0.0,1.0,7.0,1940.0,12.0,2021.0,9.0,2101.0,12.0,0.0,0.0,999.0,1.0,31.0,21.0,15.0,1.0,0.0,0.0,0.0,2,2,8,9,,,9,0.1927754133939743,,,,,,,,,,0.09566005319356918,0.023872947320342064,,,,91.0,,0.0,0.0,3493.72998046875,0.0,,,0.0,,3493.72998046875,,0.0,,0.0,,,,,-0.0,,0.0,,-1.2780675888061523,,-0.03048788197338581,,-0.1484714299440384,,0.1469329297542572,,,,,,,,,,,,,,,,,,,,,,,,
0.00863291323184967,,,,,,,,0.04626829922199249,0.0016006255755200982,0.07439675182104111,-0.013329057022929192,-0.048647478222846985,,,,,,,,,,,,,,,,,,,,,,,,,,,,,2564.271240234375,274.8642272949219,319.21820068359375,321.94268798828125,0.0,3480.29638671875,1254.159423828125,1672.21337890625,,,,0.18909451365470886,0.0,,,,,,3480.29638671875,321.94268798828125,2564.271240234375,274.8642272949219,319.21820068359375,0.0,0.0,0.0,0.0025676759,0.0025834837,0.0,0.000532711,1254.159423828125,1672.21337890625,0.0,0.0,0.0,0.0,0.0,0.0,17.0,0.0,0.0,0.75,0.75,0.0,0.0,99.0,1.0,99.0,999.0,0.0,1.0,0.0,999.0,0.0,0.0,0.0,0.0,999.0,0.0,0.0,0.0,0.0,0.0,0.0,0.0,0.0,1.0,7.0,1940.0,12.0,2021.0,9.0,2101.0,12.0,0.0,0.0,999.0,1.0,31.0,21.0,15.0,1.0,0.0,0.0,0.0,2,2,8,10,,,10,0.18909451365470886,,,,,,,,,,0.09565934538841248,0.023872796446084976,,,,91.0,,0.0,0.0,3480.29638671875,0.0,,,0.0,,3480.29638671875,,0.0,,0.0,,,,,-0.0,,0.0,,-1.2536637783050537,,-0.02979074791073799,,-0.14507648348808289,,0.14357316493988037,,,,,,,,,,,,,,,,,,,,,,,,
0.00863291323184967,,,,,,,,0.01630157046020031,0.005019812844693661,0.02558489330112934,-0.007359155919402838,-0.019689947366714478,,,,,,,,,,,,,,,,,,,,,,,,,,,,,2554.42919921875,273.80926513671875,317.99298095703125,320.70703125,0.0,3466.9384765625,1254.159423828125,1672.21337890625,,,,0.1854839026927948,0.0,,,,,,3466.9384765625,320.70703125,2554.42919921875,273.80926513671875,317.99298095703125,0.0,0.0,0.0,0.0025676759,0.0025834837,0.0,0.000532711,1254.159423828125,1672.21337890625,0.0,0.0,0.0,0.0,0.0,0.0,17.0,0.0,0.0,0.75,0.75,0.0,0.0,99.0,1.0,99.0,999.0,0.0,1.0,0.0,999.0,0.0,0.0,0.0,0.0,999.0,0.0,0.0,0.0,0.0,0.0,0.0,0.0,0.0,1.0,7.0,1940.0,12.0,2021.0,9.0,2101.0,12.0,0.0,0.0,999.0,1.0,31.0,21.0,15.0,1.0,0.0,0.0,0.0,2,2,8,11,,,11,0.1854839026927948,,,,,,,,,,0.09565916657447815,0.023872757330536842,,,,91.0,,0.0,0.0,3466.9384765625,0.0,,,0.0,,3466.9384765625,,0.0,,0.0,,,,,-0.0,,0.0,,-1.2297260761260986,,-0.029109759256243706,,-0.14176017045974731,,0.1402912139892578,,,,,,,,,,,,,,,,,,,,,,,,
0.00863291323184967,,,,,,,,0.0006219641072675586,0.005958498455584049,0.07302408665418625,-0.006221742834895849,0.008247495628893375,,,,,,,,,,,,,,,,,,,,,,,,,,,,,2559.574951171875,274.36083984375,318.6335754394531,321.35308837890625,0.0,3473.922607421875,1254.159423828125,1672.21337890625,,,,0.18196584284305573,0.0,,,,,,3473.922607421875,321.35308837890625,2559.574951171875,274.36083984375,318.6335754394531,0.0,0.0,0.0,0.0025676759,0.0025834837,0.0,0.000532711,1254.159423828125,1672.21337890625,0.0,0.0,0.0,0.0,0.0,0.0,17.0,0.0,0.0,0.75,0.75,0.0,0.0,99.0,1.0,99.0,999.0,0.0,1.0,0.0,999.0,0.0,0.0,0.0,0.0,999.0,0.0,0.0,0.0,0.0,0.0,0.0,0.0,0.0,1.0,7.0,1940.0,12.0,2021.0,9.0,2101.0,12.0,0.0,0.0,999.0,1.0,31.0,21.0,15.0,1.0,0.0,0.0,0.0,2,2,8,12,,,12,0.18196584284305573,,,,,,,,,,0.09565912187099457,0.022500503808259964,,,,92.0,,0.0,0.0,3473.922607421875,0.0,,,0.0,,3473.922607421875,,0.0,,0.0,,,,,-0.0,,0.0,,-1.2062454223632812,,-0.028611453250050545,,-0.13933350145816803,,0.13788968324661255,,,,,,,,,,,,,,,,,,,,,,,,
0.009657288901507854,,,,,,,,0.003012801753357053,0.002976738614961505,-0.13450612127780914,-0.06244694069027901,-0.06963526457548141,,,,,,,,,,,,,,,,,,,,,,,,,,,,,2404.372802734375,257.7247009277344,299.3129577636719,301.8675537109375,0.0,3263.278076171875,1254.159423828125,1672.21337890625,,,,0.17833007872104645,0.0,,,,,,3263.278076171875,301.8675537109375,2404.372802734375,257.7247009277344,299.3129577636719,0.0,0.0,0.0,0.0025676759,0.0025834837,0.0,0.000532711,1254.159423828125,1672.21337890625,0.0,0.0,0.0,0.0,0.0,0.0,17.0,0.0,0.0,0.75,0.75,0.0,0.0,99.0,1.0,99.0,999.0,0.0,1.0,0.0,999.0,0.0,0.0,0.0,0.0,999.0,0.0,0.0,0.0,0.0,0.0,0.0,0.0,0.0,1.0,7.0,1940.0,12.0,2021.0,9.0,2101.0,12.0,0.0,0.0,999.0,1.0,31.0,21.0,15.0,1.0,0.0,0.0,0.0,2,2,9,1,,,1,0.17833007872104645,,,,,,,,,,0.09565778076648712,0.022500503808259964,,,,92.0,,0.0,0.0,3263.278076171875,0.0,,,0.0,,3263.278076171875,,0.0,,0.0,,,,,-0.0,,0.0,,-1.0535764694213867,,-0.026366805657744408,,-0.12840239703655243,,0.12707185745239258,,,,,,,,,,,,,,,,,,,,,,,,
0.009657288901507854,,,,,,,,-0.011183058843016624,0.00502747530117631,-0.0015747570432722569,-0.016641966998577118,-0.02039455994963646,,,,,,,,,,,,,,,,,,,,,,,,,,,,,2367.40087890625,253.76168823242188,294.7104187011719,297.2257385253906,0.0,3213.098876953125,1254.159423828125,1672.21337890625,,,,0.17476698756217957,0.0,,,,,,3213.098876953125,297.2257385253906,2367.40087890625,253.76168823242188,294.7104187011719,0.0,0.0,0.0,0.0025676759,0.0025834837,0.0,0.000532711,1254.159423828125,1672.21337890625,0.0,0.0,0.0,0.0,0.0,0.0,17.0,0.0,0.0,0.75,0.75,0.0,0.0,99.0,1.0,99.0,999.0,0.0,1.0,0.0,999.0,0.0,0.0,0.0,0.0,999.0,0.0,0.0,0.0,0.0,0.0,0.0,0.0,0.0,1.0,7.0,1940.0,12.0,2021.0,9.0,2101.0,12.0,0.0,0.0,999.0,1.0,31.0,21.0,15.0,1.0,0.0,0.0,0.0,2,2,9,2,,,2,0.17476698756217957,,,,,,,,,,0.09565605223178864,0.022500503808259964,,,,92.0,,0.0,0.0,3213.098876953125,0.0,,,0.0,,3213.098876953125,,0.0,,0.0,,,,,-0.0,,0.0,,-1.0325254201889038,,-0.025442643091082573,,-0.1239018663764,,0.12261796742677689,,,,,,,,,,,,,,,,,,,,,,,,
0.009657288901507854,,,,,,,,0.017585810273885727,0.0029468447901308537,-0.10326788574457169,0.053440582007169724,0.0385810062289238,,,,,,,,,,,,,,,,,,,,,,,,,,,,,2456.70556640625,263.3342590332031,305.82769775390625,308.4378967285156,0.0,3334.305419921875,1254.159423828125,1672.21337890625,,,,0.1712750941514969,0.0,,,,,,3334.305419921875,308.4378967285156,2456.70556640625,263.3342590332031,305.82769775390625,0.0,0.0,0.0,0.0025676759,0.0025834837,0.0,0.000532711,1254.159423828125,1672.21337890625,0.0,0.0,0.0,0.0,0.0,0.0,17.0,0.0,0.0,0.75,0.75,0.0,0.0,99.0,1.0,99.0,999.0,0.0,1.0,0.0,999.0,0.0,0.0,0.0,0.0,999.0,0.0,0.0,0.0,0.0,0.0,0.0,0.0,0.0,1.0,7.0,1940.0,12.0,2021.0,9.0,2101.0,12.0,0.0,0.0,999.0,1.0,31.0,21.0,15.0,1.0,0.0,0.0,0.0,2,2,9,3,,,3,0.1712750941514969,,,,,,,,,,0.09565652161836624,0.022500503808259964,,,,92.0,,0.0,0.0,3334.305419921875,0.0,,,0.0,,3334.305419921875,,0.0,,0.0,,,,,-0.0,,0.0,,-1.0118952989578247,,-0.025874881073832512,,-0.12600679695606232,,0.12470108270645142,,,,,,,,,,,,,,,,,,,,,,,,
0.009657288901507854,,,,,,,,-0.0016505150124430656,0.00477938586845994,-0.09203627705574036,-0.02428717166185379,-0.05186526104807854,,,,,,,,,,,,,,,,,,,,,,,,,,,,,2383.935791015625,255.53407287597656,296.768798828125,299.30169677734375,0.0,3235.54052734375,1254.159423828125,1672.21337890625,,,,0.1678529530763626,0.0,,,,,,3235.54052734375,299.30169677734375,2383.935791015625,255.53407287597656,296.768798828125,0.0,0.0,0.0,0.0025676759,0.0025834837,0.0,0.000532711,1254.159423828125,1672.21337890625,0.0,0.0,0.0,0.0,0.0,0.0,17.0,0.0,0.0,0.75,0.75,0.0,0.0,99.0,1.0,99.0,999.0,0.0,1.0,0.0,999.0,0.0,0.0,0.0,0.0,999.0,0.0,0.0,0.0,0.0,0.0,0.0,0.0,0.0,1.0,7.0,1940.0,12.0,2021.0,9.0,2101.0,12.0,0.0,0.0,999.0,1.0,31.0,21.0,15.0,1.0,0.0,0.0,0.0,2,2,9,4,,,4,0.1678529530763626,,,,,,,,,,0.09565667062997818,0.022500503808259964,,,,92.0,,0.0,0.0,3235.54052734375,0.0,,,0.0,,3235.54052734375,,0.0,,0.0,,,,,-0.0,,0.0,,-0.9916772246360779,,-0.024606768041849136,,-0.11983127892017365,,0.11858955770730972,,,,,,,,,,,,,,,,,,,,,,,,
0.009657288901507854,,,,,,,,0.008847787976264954,0.007560347206890583,-0.0381692536175251,0.02664993889629841,-0.004234611056745052,,,,,,,,,,,,,,,,,,,,,,,,,,,,,2424.837890625,259.9183654785156,301.8605651855469,304.4369201660156,0.0,3291.0537109375,1254.159423828125,1672.21337890625,,,,0.1644991934299469,0.0,,,,,,3291.0537109375,304.4369201660156,2424.837890625,259.9183654785156,301.8605651855469,0.0,0.0,0.0,0.0025676759,0.0025834837,0.0,0.000532711,1254.159423828125,1672.21337890625,0.0,0.0,0.0,0.0,0.0,0.0,17.0,0.0,0.0,0.75,0.75,0.0,0.0,99.0,1.0,99.0,999.0,0.0,1.0,0.0,999.0,0.0,0.0,0.0,0.0,999.0,0.0,0.0,0.0,0.0,0.0,0.0,0.0,0.0,1.0,7.0,1940.0,12.0,2021.0,9.0,2101.0,12.0,0.0,0.0,999.0,1.0,31.0,21.0,15.0,1.0,0.0,0.0,0.0,2,2,9,5,,,5,0.1644991934299469,,,,,,,,,,0.0956563875079155,0.022500503808259964,,,,92.0,,0.0,0.0,3291.0537109375,0.0,,,0.0,,3291.0537109375,,0.0,,0.0,,,,,-0.0,,0.0,,-0.9718631505966187,,-0.02452886663377285,,-0.11945191025733948,,0.11821412295103073,,,,,,,,,,,,,,,,,,,,,,,,
0.009227349422872066,,,,,,,,0.03065144084393978,0.005016264505684376,0.18704277276992798,0.07790679484605789,0.11238907277584076,,,,,,,,,,,,,,,,,,,,,,,,,,,,,2641.849609375,283.17987060546875,328.8757019042969,331.6826171875,0.0,3585.587890625,1254.159423828125,1672.21337890625,,,,0.16128239035606384,0.0,,,,,,3585.587890625,331.6826171875,2641.849609375,283.17987060546875,328.8757019042969,0.0,0.0,0.0,0.0025676759,0.0025834837,0.0,0.000532711,1254.159423828125,1672.21337890625,0.0,0.0,0.0,0.0,0.0,0.0,17.0,0.0,0.0,0.75,0.75,0.0,0.0,99.0,1.0,99.0,999.0,0.0,1.0,0.0,999.0,0.0,0.0,0.0,0.0,999.0,0.0,0.0,0.0,0.0,0.0,0.0,0.0,0.0,1.0,7.0,1940.0,12.0,2021.0,9.0,2101.0,12.0,0.0,0.0,999.0,1.0,31.0,21.0,15.0,1.0,0.0,0.0,0.0,2,2,9,6,,,6,0.16128239035606384,,,,,,,,,,0.09565869718790054,0.022500503808259964,,,,92.0,,0.0,0.0,3585.587890625,0.0,,,0.0,,3585.587890625,,0.0,,0.0,,,,,-0.0,,0.0,,-0.9524450302124023,,-0.026190131902694702,,-0.12754201889038086,,0.12622040510177612,,,,,,,,,,,,,,,,,,,,,,,,
0.009227349422872066,,,,,,,,-0.0104824835434556,0.007223079446703196,0.05472545698285103,0.048452068120241165,0.022716306149959564,,,,,,,,,,,,,,,,,,,,,,,,,,,,,2752.64697265625,295.05621337890625,342.66851806640625,345.5931701660156,0.0,3735.965087890625,1254.159423828125,1672.21337890625,,,,0.15812845528125763,0.0,,,,,,3735.965087890625,345.5931701660156,2752.64697265625,295.05621337890625,342.66851806640625,0.0,0.0,0.0,0.0025676759,0.0025834837,0.0,0.000532711,1254.159423828125,1672.21337890625,0.0,0.0,0.0,0.0,0.0,0.0,17.0,0.0,0.0,0.75,0.75,0.0,0.0,99.0,1.0,99.0,999.0,0.0,1.0,0.0,999.0,0.0,0.0,0.0,0.0,999.0,0.0,0.0,0.0,0.0,0.0,0.0,0.0,0.0,1.0,7.0,1940.0,12.0,2021.0,9.0,2101.0,12.0,0.0,0.0,999.0,1.0,31.0,21.0,15.0,1.0,0.0,0.0,0.0,2,2,9,7,,,7,0.15812845528125763,,,,,,,,,,0.09566164016723633,0.022500503808259964,,,,92.0,,0.0,0.0,3735.965087890625,0.0,,,0.0,,3735.965087890625,,0.0,,0.0,,,,,-0.0,,0.0,,-0.9338198304176331,,-0.026754897087812424,,-0.13029234111309052,,0.12894222140312195,,,,,,,,,,,,,,,,,,,,,,,,
0.009227349422872066,,,,,,,,0.013827147893607616,0.0019350288202986121,-0.010767114348709583,0.011663383804261684,0.024407489225268364,,,,,,,,,,,,,,,,,,,,,,,,,,,,,2783.29638671875,298.3415222167969,346.4839782714844,349.441162109375,0.0,3777.563232421875,1254.159423828125,1672.21337890625,,,,0.15503618121147156,0.0,,,,,,3777.563232421875,349.441162109375,2783.29638671875,298.3415222167969,346.4839782714844,0.0,0.0,0.0,0.0025676759,0.0025834837,0.0,0.000532711,1254.159423828125,1672.21337890625,0.0,0.0,0.0,0.0,0.0,0.0,17.0,0.0,0.0,0.75,0.75,0.0,0.0,99.0,1.0,99.0,999.0,0.0,1.0,0.0,999.0,0.0,0.0,0.0,0.0,999.0,0.0,0.0,0.0,0.0,0.0,0.0,0.0,0.0,1.0,7.0,1940.0,12.0,2021.0,9.0,2101.0,12.0,0.0,0.0,999.0,1.0,31.0,21.0,15.0,1.0,0.0,0.0,0.0,2,2,9,8,,,8,0.15503618121147156,,,,,,,,,,0.0956629067659378,0.022500503808259964,,,,92.0,,0.0,0.0,3777.563232421875,0.0,,,0.0,,3777.563232421875,,0.0,,0.0,,,,,-0.0,,0.0,,-0.9155586361885071,,-0.02652377262711525,,-0.12916681170463562,,0.12782834470272064,,,,,,,,,,,,,,,,,,,,,,,,
0.009227349422872066,,,,,,,,0.00808707531541586,0.0017029412556439638,0.02468125708401203,0.029128236696124077,-0.06324353814125061,,,,,,,,,,,,,,,,,,,,,,,,,,,,,2835.236328125,303.9089660644531,352.9498291015625,355.96221923828125,0.0,3848.057373046875,1254.159423828125,1672.21337890625,,,,0.15200436115264893,0.0,,,,,,3848.057373046875,355.96221923828125,2835.236328125,303.9089660644531,352.9498291015625,0.0,0.0,0.0,0.0025676759,0.0025834837,0.0,0.000532711,1254.159423828125,1672.21337890625,0.0,0.0,0.0,0.0,0.0,0.0,17.0,0.0,0.0,0.75,0.75,0.0,0.0,99.0,1.0,99.0,999.0,0.0,1.0,0.0,999.0,0.0,0.0,0.0,0.0,999.0,0.0,0.0,0.0,0.0,0.0,0.0,0.0,0.0,1.0,7.0,1940.0,12.0,2021.0,9.0,2101.0,12.0,0.0,0.0,999.0,1.0,31.0,21.0,15.0,1.0,0.0,0.0,0.0,2,2,9,9,,,9,0.15200436115264893,,,,,,,,,,0.0956636518239975,0.022500503808259964,,,,92.0,,0.0,0.0,3848.057373046875,0.0,,,0.0,,3848.057373046875,,0.0,,0.0,,,,,-0.0,,0.0,,-0.8976544737815857,,-0.026490377262234688,,-0.12900416553020477,,0.1276673972606659,,,,,,,,,,,,,,,,,,,,,,,,
0.009227349422872066,,,,,,,,0.010507539846003056,0.003631087951362133,0.07613475620746613,0.05517915263772011,0.03735938295722008,,,,,,,,,,,,,,,,,,,,,,,,,,,,,2983.485595703125,319.7998046875,371.4049072265625,374.5747985839844,0.0,4049.265380859375,1254.159423828125,1672.21337890625,,,,0.14903180301189423,0.0,,,,,,4049.265380859375,374.5747985839844,2983.485595703125,319.7998046875,371.4049072265625,0.0,0.0,0.0,0.0025676759,0.0025834837,0.0,0.000532711,1254.159423828125,1672.21337890625,0.0,0.0,0.0,0.0,0.0,0.0,17.0,0.0,0.0,0.75,0.75,0.0,0.0,99.0,1.0,99.0,999.0,0.0,1.0,0.0,999.0,0.0,0.0,0.0,0.0,999.0,0.0,0.0,0.0,0.0,0.0,0.0,0.0,0.0,1.0,7.0,1940.0,12.0,2021.0,9.0,2101.0,12.0,0.0,0.0,999.0,1.0,31.0,21.0,15.0,1.0,0.0,0.0,0.0,2,2,9,10,,,10,0.14903180301189423,,,,,,,,,,0.09566544741392136,0.022500503808259964,,,,92.0,,0.0,0.0,4049.265380859375,0.0,,,0.0,,4049.265380859375,,0.0,,0.0,,,,,-0.0,,0.0,,-0.8801003098487854,,-0.027330389246344566,,-0.1330949068069458,,0.13171574473381042,,,,,,,,,,,,,,,,,,,,,,,,
0.009227349422872066,,,,,,,,-0.033070117235183716,0.0014191727386787534,-0.11049846559762955,-0.014611605554819107,-0.022616766393184662,,,,,,,,,,,,,,,,,,,,,,,,,,,,,2911.22607421875,312.0542907714844,362.4095153808594,365.5026550292969,0.0,3951.192626953125,1254.159423828125,1672.21337890625,,,,0.14611735939979553,0.0,,,,,,3951.192626953125,365.5026550292969,2911.22607421875,312.0542907714844,362.4095153808594,0.0,0.0,0.0,0.0025676759,0.0025834837,0.0,0.000532711,1254.159423828125,1672.21337890625,0.0,0.0,0.0,0.0,0.0,0.0,17.0,0.0,0.0,0.75,0.75,0.0,0.0,99.0,1.0,99.0,999.0,0.0,1.0,0.0,999.0,0.0,0.0,0.0,0.0,999.0,0.0,0.0,0.0,0.0,0.0,0.0,0.0,0.0,1.0,7.0,1940.0,12.0,2021.0,9.0,2101.0,12.0,0.0,0.0,999.0,1.0,31.0,21.0,15.0,1.0,0.0,0.0,0.0,2,2,9,11,,,11,0.14611735939979553,,,,,,,,,,0.09566612541675568,0.022500503808259964,,,,92.0,,0.0,0.0,3951.192626953125,0.0,,,0.0,,3951.192626953125,,0.0,,0.0,,,,,-0.0,,0.0,,-0.8628893494606018,,-0.02614692784845829,,-0.12733162939548492,,0.1260121911764145,,,,,,,,,,,,,,,,,,,,,,,,
0.009227349422872066,,,,,,,,-0.010077486746013165,-0.000637003977317363,0.02791663445532322,0.01629258692264557,0.0994546040892601,,,,,,,,,,,,,,,,,,,,,,,,,,,,,2977.549072265625,319.1634826660156,370.6658935546875,373.8294982910156,0.0,4041.208251953125,1254.159423828125,1672.21337890625,,,,0.14327651262283325,0.0,,,,,,4041.208251953125,373.8294982910156,2977.549072265625,319.1634826660156,370.6658935546875,0.0,0.0,0.0,0.0025676759,0.0025834837,0.0,0.000532711,1254.159423828125,1672.21337890625,0.0,0.0,0.0,0.0,0.0,0.0,17.0,0.0,0.0,0.75,0.75,0.0,0.0,99.0,1.0,99.0,999.0,0.0,1.0,0.0,999.0,0.0,0.0,0.0,0.0,999.0,0.0,0.0,0.0,0.0,0.0,0.0,0.0,0.0,1.0,7.0,1940.0,12.0,2021.0,9.0,2101.0,12.0,0.0,0.0,999.0,1.0,31.0,21.0,15.0,1.0,0.0,0.0,0.0,2,2,9,12,,,12,0.14327651262283325,,,,,,,,,,0.0956660732626915,0.021274061873555183,,,,93.0,,0.0,0.0,4041.208251953125,0.0,,,0.0,,4041.208251953125,,0.0,,0.0,,,,,-0.0,,0.0,,-0.8460148572921753,,-0.026219632476568222,,-0.12768568098545074,,0.12636257708072662,,,,,,,,,,,,,,,,,,,,,,,,
0.018423469737172127,,,,,,,,0.0018418957479298115,0.004922001156955957,0.05252163112163544,-0.0761381983757019,-0.07087402045726776,,,,,,,,,,,,,,,,,,,,,,,,,,,,,2810.611572265625,301.2694396972656,349.88433837890625,352.8705749511719,0.0,3814.635986328125,1254.159423828125,1672.21337890625,,,,0.13918691873550415,0.0,,,,,,3814.635986328125,352.8705749511719,2810.611572265625,301.2694396972656,349.88433837890625,0.0,0.0,0.0,0.0025676759,0.0025834837,0.0,0.000532711,1254.159423828125,1672.21337890625,0.0,0.0,0.0,0.0,0.0,0.0,17.0,0.0,0.0,0.75,0.75,0.0,0.0,99.0,1.0,99.0,999.0,0.0,1.0,0.0,999.0,0.0,0.0,0.0,0.0,999.0,0.0,0.0,0.0,0.0,0.0,0.0,0.0,0.0,1.0,7.0,1940.0,12.0,2021.0,9.0,2101.0,12.0,0.0,0.0,999.0,1.0,31.0,21.0,15.0,1.0,0.0,0.0,0.0,2,2,10,1,,,1,0.13918691873550415,,,,,,,,,,0.09566517174243927,0.02127406746149063,,,,93.0,,0.0,0.0,3814.635986328125,0.0,,,0.0,,3814.635986328125,,0.0,,0.0,,,,,-0.0,,0.0,,-1.114946722984314,,-0.02426842972636223,,-0.11818362027406693,,0.11695897579193115,,,,,,,,,,,,,,,,,,,,,,,,
0.018423469737172127,,,,,,,,-0.006640303879976273,0.005844436585903168,-0.008820106275379658,-0.03828301653265953,-0.033459339290857315,,,,,,,,,,,,,,,,,,,,,,,,,,,,,2720.093017578125,291.5667419433594,338.615966796875,341.5060119628906,0.0,3691.78173828125,1254.159423828125,1672.21337890625,,,,0.13521406054496765,0.0,,,,,,3691.78173828125,341.5060119628906,2720.093017578125,291.5667419433594,338.615966796875,0.0,0.0,0.0,0.0025676759,0.0025834837,0.0,0.000532711,1254.159423828125,1672.21337890625,0.0,0.0,0.0,0.0,0.0,0.0,17.0,0.0,0.0,0.75,0.75,0.0,0.0,99.0,1.0,99.0,999.0,0.0,1.0,0.0,999.0,0.0,0.0,0.0,0.0,999.0,0.0,0.0,0.0,0.0,0.0,0.0,0.0,0.0,1.0,7.0,1940.0,12.0,2021.0,9.0,2101.0,12.0,0.0,0.0,999.0,1.0,31.0,21.0,15.0,1.0,0.0,0.0,0.0,2,2,10,2,,,2,0.13521406054496765,,,,,,,,,,0.09566286206245422,0.021274080500006676,,,,93.0,,0.0,0.0,3691.78173828125,0.0,,,0.0,,3691.78173828125,,0.0,,0.0,,,,,-0.0,,0.0,,-1.0831223726272583,,-0.02281644381582737,,-0.11111266911029816,,0.10996129363775253,,,,,,,,,,,,,,,,,,,,,,,,
0.018423469737172127,,,,,,,,-0.00994618609547615,0.003986953292042017,-0.09161676466464996,-0.0748211219906807,-0.05821385979652405,,,,,,,,,,,,,,,,,,,,,,,,,,,,,2539.658935546875,272.2260437011719,316.154296875,318.8526306152344,0.0,3446.89208984375,1254.159423828125,1672.21337890625,,,,0.13135464489459991,0.0,,,,,,3446.89208984375,318.8526306152344,2539.658935546875,272.2260437011719,316.154296875,0.0,0.0,0.0,0.0025676759,0.0025834837,0.0,0.000532711,1254.159423828125,1672.21337890625,0.0,0.0,0.0,0.0,0.0,0.0,17.0,0.0,0.0,0.75,0.75,0.0,0.0,99.0,1.0,99.0,999.0,0.0,1.0,0.0,999.0,0.0,0.0,0.0,0.0,999.0,0.0,0.0,0.0,0.0,0.0,0.0,0.0,0.0,1.0,7.0,1940.0,12.0,2021.0,9.0,2101.0,12.0,0.0,0.0,999.0,1.0,31.0,21.0,15.0,1.0,0.0,0.0,0.0,2,2,10,3,,,3,0.13135464489459991,,,,,,,,,,0.09566043317317963,0.02127409353852272,,,,93.0,,0.0,0.0,3446.89208984375,0.0,,,0.0,,3446.89208984375,,0.0,,0.0,,,,,-0.0,,0.0,,-1.0522065162658691,,-0.02069488912820816,,-0.10078100860118866,,0.09973669797182083,,,,,,,,,,,,,,,,,,,,,,,,
0.018423469737172127,,,,,,,,-0.012396198697388172,0.006645163521170616,0.08244694769382477,0.027123305946588516,0.06298897415399551,,,,,,,,,,,,,,,,,,,,,,,,,,,,,2620.031005859375,280.8410949707031,326.1595458984375,328.94329833984375,0.0,3555.974853515625,1254.159423828125,1672.21337890625,,,,0.1276054084300995,0.0,,,,,,3555.974853515625,328.94329833984375,2620.031005859375,280.8410949707031,326.1595458984375,0.0,0.0,0.0,0.0025676759,0.0025834837,0.0,0.000532711,1254.159423828125,1672.21337890625,0.0,0.0,0.0,0.0,0.0,0.0,17.0,0.0,0.0,0.75,0.75,0.0,0.0,99.0,1.0,99.0,999.0,0.0,1.0,0.0,999.0,0.0,0.0,0.0,0.0,999.0,0.0,0.0,0.0,0.0,0.0,0.0,0.0,0.0,1.0,7.0,1940.0,12.0,2021.0,9.0,2101.0,12.0,0.0,0.0,999.0,1.0,31.0,21.0,15.0,1.0,0.0,0.0,0.0,2,2,10,4,,,4,0.1276054084300995,,,,,,,,,,0.0956595316529274,0.021274099126458168,,,,93.0,,0.0,0.0,3555.974853515625,0.0,,,0.0,,3555.974853515625,,0.0,,0.0,,,,,-0.0,,0.0,,-1.0221734046936035,,-0.02074042707681656,,-0.1010027751326561,,0.09995616227388382,,,,,,,,,,,,,,,,,,,,,,,,
0.018423469737172127,,,,,,,,0.0043980455957353115,0.004764027893543243,-0.01197120826691389,0.058675747364759445,-0.0008660849998705089,,,,,,,,,,,,,,,,,,,,,,,,,,,,,2734.49853515625,293.1108703613281,340.4092712402344,343.3146057128906,0.0,3711.333251953125,1254.159423828125,1672.21337890625,,,,0.12396314740180969,0.0,,,,,,3711.333251953125,343.3146057128906,2734.49853515625,293.1108703613281,340.4092712402344,0.0,0.0,0.0,0.0025676759,0.0025834837,0.0,0.000532711,1254.159423828125,1672.21337890625,0.0,0.0,0.0,0.0,0.0,0.0,17.0,0.0,0.0,0.75,0.75,0.0,0.0,99.0,1.0,99.0,999.0,0.0,1.0,0.0,999.0,0.0,0.0,0.0,0.0,999.0,0.0,0.0,0.0,0.0,0.0,0.0,0.0,0.0,1.0,7.0,1940.0,12.0,2021.0,9.0,2101.0,12.0,0.0,0.0,999.0,1.0,31.0,21.0,15.0,1.0,0.0,0.0,0.0,2,2,10,5,,,5,0.12396314740180969,,,,,,,,,,0.09566128253936768,0.021274089813232422,,,,93.0,,0.0,0.0,3711.333251953125,0.0,,,0.0,,3711.333251953125,,0.0,,0.0,,,,,-0.0,,0.0,,-0.9929975271224976,,-0.021028706803917885,,-0.10240665823221207,,0.101345494389534,,,,,,,,,,,,,,,,,,,,,,,,
0.009718969464302063,,,,,,,,0.019678447395563126,0.0009796397062018514,-0.04300837218761444,-0.039928797632455826,-0.0832756981253624,,,,,,,,,,,,,,,,,,,,,,,,,,,,,2630.964599609375,282.0130920410156,327.5206604003906,330.3160095214844,0.0,3570.814453125,1254.159423828125,1672.21337890625,,,,0.12149276584386826,0.0,,,,,,3570.814453125,330.3160095214844,2630.964599609375,282.0130920410156,327.5206604003906,0.0,0.0,0.0,0.0025676759,0.0025834837,0.0,0.000532711,1254.159423828125,1672.21337890625,0.0,0.0,0.0,0.0,0.0,0.0,17.0,0.0,0.0,0.75,0.75,0.0,0.0,99.0,1.0,99.0,999.0,0.0,1.0,0.0,999.0,0.0,0.0,0.0,0.0,999.0,0.0,0.0,0.0,0.0,0.0,0.0,0.0,0.0,1.0,7.0,1940.0,12.0,2021.0,9.0,2101.0,12.0,0.0,0.0,999.0,1.0,31.0,21.0,15.0,1.0,0.0,0.0,0.0,2,2,10,6,,,6,0.12149276584386826,,,,,,,,,,0.09566137939691544,0.021274087950587273,,,,93.0,,0.0,0.0,3570.814453125,0.0,,,0.0,,3570.814453125,,0.0,,0.0,,,,,-0.0,,0.0,,-0.9646543264389038,,-0.01965501718223095,,-0.09571699053049088,,0.09472515434026718,,,,,,,,,,,,,,,,,,,,,,,,
0.009718969464302063,,,,,,,,0.022904464974999428,0.004729430191218853,-0.041006430983543396,-0.05390171706676483,-0.04128606244921684,,,,,,,,,,,,,,,,,,,,,,,,,,,,,2516.2314453125,269.71484375,313.2378845214844,315.9113464355469,0.0,3415.095703125,1254.159423828125,1672.21337890625,,,,0.11907164007425308,0.0,,,,,,3415.095703125,315.9113464355469,2516.2314453125,269.71484375,313.2378845214844,0.0,0.0,0.0,0.0025676759,0.0025834837,0.0,0.000532711,1254.159423828125,1672.21337890625,0.0,0.0,0.0,0.0,0.0,0.0,17.0,0.0,0.0,0.75,0.75,0.0,0.0,99.0,1.0,99.0,999.0,0.0,1.0,0.0,999.0,0.0,0.0,0.0,0.0,999.0,0.0,0.0,0.0,0.0,0.0,0.0,0.0,0.0,1.0,7.0,1940.0,12.0,2021.0,9.0,2101.0,12.0,0.0,0.0,999.0,1.0,31.0,21.0,15.0,1.0,0.0,0.0,0.0,2,2,10,7,,,7,0.11907164007425308,,,,,,,,,,0.09565941989421844,0.021274099126458168,,,,93.0,,0.0,0.0,3415.095703125,0.0,,,0.0,,3415.095703125,,0.0,,0.0,,,,,-0.0,,0.0,,-0.945430338382721,,-0.018423276022076607,,-0.08971859514713287,,0.08878891170024872,,,,,,,,,,,,,,,,,,,,,,,,
0.009718969464302063,,,,,,,,-0.00031638299697078764,0.004206017591059208,-0.009578000754117966,0.0767998918890953,0.07589064538478851,,,,,,,,,,,,,,,,,,,,,,,,,,,,,2679.876708984375,287.2559814453125,333.60955810546875,336.4569091796875,0.0,3637.19921875,1254.159423828125,1672.21337890625,,,,0.11669875681400299,0.0,,,,,,3637.19921875,336.4569091796875,2679.876708984375,287.2559814453125,333.60955810546875,0.0,0.0,0.0,0.0025676759,0.0025834837,0.0,0.000532711,1254.159423828125,1672.21337890625,0.0,0.0,0.0,0.0,0.0,0.0,17.0,0.0,0.0,0.75,0.75,0.0,0.0,99.0,1.0,99.0,999.0,0.0,1.0,0.0,999.0,0.0,0.0,0.0,0.0,999.0,0.0,0.0,0.0,0.0,0.0,0.0,0.0,0.0,1.0,7.0,1940.0,12.0,2021.0,9.0,2101.0,12.0,0.0,0.0,999.0,1.0,31.0,21.0,15.0,1.0,0.0,0.0,0.0,2,2,10,8,,,8,0.11669875681400299,,,,,,,,,,0.09565985947847366,0.02127409726381302,,,,93.0,,0.0,0.0,3637.19921875,0.0,,,0.0,,3637.19921875,,0.0,,0.0,,,,,-0.0,,0.0,,-0.9265896677970886,,-0.019230429083108902,,-0.09364931285381317,,0.09267889708280563,,,,,,,,,,,,,,,,,,,,,,,,
0.009718969464302063,,,,,,,,0.011085888370871544,0.004556786734610796,-0.10213582217693329,0.04289256036281586,0.01050674356520176,,,,,,,,,,,,,,,,,,,,,,,,,,,,,2750.62939453125,294.8399658203125,342.4173583984375,345.33984375,0.0,3733.226806640625,1254.159423828125,1672.21337890625,,,,0.11437314003705978,0.0,,,,,,3733.226806640625,345.33984375,2750.62939453125,294.8399658203125,342.4173583984375,0.0,0.0,0.0,0.0025676759,0.0025834837,0.0,0.000532711,1254.159423828125,1672.21337890625,0.0,0.0,0.0,0.0,0.0,0.0,17.0,0.0,0.0,0.75,0.75,0.0,0.0,99.0,1.0,99.0,999.0,0.0,1.0,0.0,999.0,0.0,0.0,0.0,0.0,999.0,0.0,0.0,0.0,0.0,0.0,0.0,0.0,0.0,1.0,7.0,1940.0,12.0,2021.0,9.0,2101.0,12.0,0.0,0.0,999.0,1.0,31.0,21.0,15.0,1.0,0.0,0.0,0.0,2,2,10,9,,,9,0.11437314003705978,,,,,,,,,,0.095661960542202,0.021274086087942123,,,,93.0,,0.0,0.0,3733.226806640625,0.0,,,0.0,,3733.226806640625,,0.0,,0.0,,,,,-0.0,,0.0,,-0.9081243872642517,,-0.019344795495271683,,-0.09420625865459442,,0.09323006868362427,,,,,,,,,,,,,,,,,,,,,,,,
0.009718969464302063,,,,,,,,0.0029725825879722834,0.006094668991863728,0.021031424403190613,0.010687451809644699,-0.0004256819956935942,,,,,,,,,,,,,,,,,,,,,,,,,,,,,2777.07470703125,297.67462158203125,345.7094421386719,348.6600341796875,0.0,3769.118896484375,1254.159423828125,1672.21337890625,,,,0.11209385842084885,0.0,,,,,,3769.118896484375,348.6600341796875,2777.07470703125,297.67462158203125,345.7094421386719,0.0,0.0,0.0,0.0025676759,0.0025834837,0.0,0.000532711,1254.159423828125,1672.21337890625,0.0,0.0,0.0,0.0,0.0,0.0,17.0,0.0,0.0,0.75,0.75,0.0,0.0,99.0,1.0,99.0,999.0,0.0,1.0,0.0,999.0,0.0,0.0,0.0,0.0,999.0,0.0,0.0,0.0,0.0,0.0,0.0,0.0,0.0,1.0,7.0,1940.0,12.0,2021.0,9.0,2101.0,12.0,0.0,0.0,999.0,1.0,31.0,21.0,15.0,1.0,0.0,0.0,0.0,2,2,10,10,,,10,0.11209385842084885,,,,,,,,,,0.09566283226013184,0.021274080500006676,,,,93.0,,0.0,0.0,3769.118896484375,0.0,,,0.0,,3769.118896484375,,0.0,,0.0,,,,,-0.0,,0.0,,-0.8900269269943237,,-0.019141564145684242,,-0.09321655333042145,,0.09225062280893326,,,,,,,,,,,,,,,,,,,,,,,,
0.009718969464302063,,,,,,,,0.0032469897996634245,0.0016644565621390939,0.13228176534175873,-0.028503449633717537,-0.06777212023735046,,,,,,,,,,,,,,,,,,,,,,,,,,,,,2734.151123046875,293.0736389160156,340.36602783203125,343.2710266113281,0.0,3710.86181640625,1254.159423828125,1672.21337890625,,,,0.10985999554395676,0.0,,,,,,3710.86181640625,343.2710266113281,2734.151123046875,293.0736389160156,340.36602783203125,0.0,0.0,0.0,0.0025676759,0.0025834837,0.0,0.000532711,1254.159423828125,1672.21337890625,0.0,0.0,0.0,0.0,0.0,0.0,17.0,0.0,0.0,0.75,0.75,0.0,0.0,99.0,1.0,99.0,999.0,0.0,1.0,0.0,999.0,0.0,0.0,0.0,0.0,999.0,0.0,0.0,0.0,0.0,0.0,0.0,0.0,0.0,1.0,7.0,1940.0,12.0,2021.0,9.0,2101.0,12.0,0.0,0.0,999.0,1.0,31.0,21.0,15.0,1.0,0.0,0.0,0.0,2,2,10,11,,,11,0.10985999554395676,,,,,,,,,,0.0956626906991005,0.021274080500006676,,,,93.0,,0.0,0.0,3710.86181640625,0.0,,,0.0,,3710.86181640625,,0.0,,0.0,,,,,-0.0,,0.0,,-0.8722900152206421,,-0.01847013831138611,,-0.08994680643081665,,0.08901476114988327,,,,,,,,,,,,,,,,,,,,,,,,
0.009718969464302063,,,,,,,,-0.009891379624605179,0.003173450008034706,-0.07195654511451721,-0.0019410280510783195,-0.049934983253479004,,,,,,,,,,,,,,,,,,,,,,,,,,,,,2699.966552734375,289.4093933105469,336.1105041503906,338.9791564941406,0.0,3664.4658203125,1254.159423828125,1672.21337890625,,,,0.10761920362710953,0.0,,,,,,3664.4658203125,338.9791564941406,2699.966552734375,289.4093933105469,336.1105041503906,0.0,0.0,0.0,0.0025676759,0.0025834837,0.0,0.000532711,1254.159423828125,1672.21337890625,0.0,0.0,0.0,0.0,0.0,0.0,17.0,0.0,0.0,0.75,0.75,0.0,0.0,99.0,1.0,99.0,999.0,0.0,1.0,0.0,999.0,0.0,0.0,0.0,0.0,999.0,0.0,0.0,0.0,0.0,0.0,0.0,0.0,0.0,1.0,7.0,1940.0,12.0,2021.0,9.0,2101.0,12.0,0.0,0.0,999.0,1.0,31.0,21.0,15.0,1.0,0.0,0.0,0.0,2,2,10,12,,,12,0.10761920362710953,,,,,,,,,,0.09566199779510498,0.02632518857717514,,,,94.0,,0.0,0.0,3664.4658203125,0.0,,,0.0,,3664.4658203125,,0.0,,0.0,,,,,-0.0,,0.0,,-0.8549066185951233,,-0.017875730991363525,,-0.0870521292090416,,0.08615007996559143,,,,,,,,,,,,,,,,,,,,,,,,
0.018423469737172127,,,,,,,,0.014468650333583355,0.006767484825104475,0.006729118060320616,-0.02672695182263851,-0.003980438224971294,,,,,,,,,,,,,,,,,,,,,,,,,,,,,2651.027099609375,284.1636047363281,330.0181884765625,332.8348388671875,0.0,3598.0439453125,1254.159423828125,1672.21337890625,,,,0.10449745506048203,0.0,,,,,,3598.0439453125,332.8348388671875,2651.027099609375,284.1636047363281,330.0181884765625,0.0,0.0,0.0,0.0025676759,0.0025834837,0.0,0.000532711,1254.159423828125,1672.21337890625,0.0,0.0,0.0,0.0,0.0,0.0,17.0,0.0,0.0,0.75,0.75,0.0,0.0,99.0,1.0,99.0,999.0,0.0,1.0,0.0,999.0,0.0,0.0,0.0,0.0,999.0,0.0,0.0,0.0,0.0,0.0,0.0,0.0,0.0,1.0,7.0,1940.0,12.0,2021.0,9.0,2101.0,12.0,0.0,0.0,999.0,1.0,31.0,21.0,15.0,1.0,0.0,0.0,0.0,2,2,11,1,,,1,0.10449745506048203,,,,,,,,,,0.09566125273704529,0.026325182989239693,,,,94.0,,0.0,0.0,3598.0439453125,0.0,,,0.0,,3598.0439453125,,0.0,,0.0,,,,,-0.0,,0.0,,-1.22219979763031,,-0.017193717882037163,,-0.08373083174228668,,0.08286318928003311,,,,,,,,,,,,,,,,,,,,,,,,
0.018423469737172127,,,,,,,,-0.01748216338455677,0.002256371546536684,-0.08421705663204193,-0.030407704412937164,-0.03904803469777107,,,,,,,,,,,,,,,,,,,,,,,,,,,,,2561.5029296875,274.5674743652344,318.8735656738281,321.5951232910156,0.0,3476.5390625,1254.159423828125,1672.21337890625,,,,0.10146627575159073,0.0,,,,,,3476.5390625,321.5951232910156,2561.5029296875,274.5674743652344,318.8735656738281,0.0,0.0,0.0,0.0025676759,0.0025834837,0.0,0.000532711,1254.159423828125,1672.21337890625,0.0,0.0,0.0,0.0,0.0,0.0,17.0,0.0,0.0,0.75,0.75,0.0,0.0,99.0,1.0,99.0,999.0,0.0,1.0,0.0,999.0,0.0,0.0,0.0,0.0,999.0,0.0,0.0,0.0,0.0,0.0,0.0,0.0,0.0,1.0,7.0,1940.0,12.0,2021.0,9.0,2101.0,12.0,0.0,0.0,999.0,1.0,31.0,21.0,15.0,1.0,0.0,0.0,0.0,2,2,11,2,,,2,0.10146627575159073,,,,,,,,,,0.0956600084900856,0.026325173676013947,,,,94.0,,0.0,0.0,3476.5390625,0.0,,,0.0,,3476.5390625,,0.0,,0.0,,,,,-0.0,,0.0,,-1.1867470741271973,,-0.016131188720464706,,-0.07855647802352905,,0.07774245738983154,,,,,,,,,,,,,,,,,,,,,,,,
0.018423469737172127,,,,,,,,0.011795790866017342,0.0017973703797906637,-0.06691478192806244,-0.07518662512302399,0.005639291368424892,,,,,,,,,,,,,,,,,,,,,,,,,,,,,2415.33203125,258.8994445800781,300.6772155761719,303.24346923828125,0.0,3278.15234375,1254.159423828125,1672.21337890625,,,,0.09852303564548492,0.0,,,,,,3278.15234375,303.24346923828125,2415.33203125,258.8994445800781,300.6772155761719,0.0,0.0,0.0,0.0025676759,0.0025834837,0.0,0.000532711,1254.159423828125,1672.21337890625,0.0,0.0,0.0,0.0,0.0,0.0,17.0,0.0,0.0,0.75,0.75,0.0,0.0,99.0,1.0,99.0,999.0,0.0,1.0,0.0,999.0,0.0,0.0,0.0,0.0,999.0,0.0,0.0,0.0,0.0,0.0,0.0,0.0,0.0,1.0,7.0,1940.0,12.0,2021.0,9.0,2101.0,12.0,0.0,0.0,999.0,1.0,31.0,21.0,15.0,1.0,0.0,0.0,0.0,2,2,11,3,,,3,0.09852303564548492,,,,,,,,,,0.09565789252519608,0.026325158774852753,,,,94.0,,0.0,0.0,3278.15234375,0.0,,,0.0,,3278.15234375,,0.0,,0.0,,,,,-0.0,,0.0,,-1.152322769165039,,-0.014769451692700386,,-0.07192502170801163,,0.07117971777915955,,,,,,,,,,,,,,,,,,,,,,,,
0.018423469737172127,,,,,,,,0.018239077180624008,0.0058216433972120285,-0.07012125849723816,0.0685848593711853,0.07592542469501495,,,,,,,,,,,,,,,,,,,,,,,,,,,,,2549.790283203125,273.31201171875,317.4154968261719,320.1246032714844,0.0,3460.642333984375,1254.159423828125,1672.21337890625,,,,0.09566517174243927,0.0,,,,,,3460.642333984375,320.1246032714844,2549.790283203125,273.31201171875,317.4154968261719,0.0,0.0,0.0,0.0025676759,0.0025834837,0.0,0.000532711,1254.159423828125,1672.21337890625,0.0,0.0,0.0,0.0,0.0,0.0,17.0,0.0,0.0,0.75,0.75,0.0,0.0,99.0,1.0,99.0,999.0,0.0,1.0,0.0,999.0,0.0,0.0,0.0,0.0,999.0,0.0,0.0,0.0,0.0,0.0,0.0,0.0,0.0,1.0,7.0,1940.0,12.0,2021.0,9.0,2101.0,12.0,0.0,0.0,999.0,1.0,31.0,21.0,15.0,1.0,0.0,0.0,0.0,2,2,11,4,,,4,0.09566517174243927,,,,,,,,,,0.09565778821706772,0.026325158774852753,,,,94.0,,0.0,0.0,3460.642333984375,0.0,,,0.0,,3460.642333984375,,0.0,,0.0,,,,,-0.0,,0.0,,-1.1188973188400269,,-0.015139378607273102,,-0.07372650504112244,,0.07296253740787506,,,,,,,,,,,,,,,,,,,,,,,,
0.018423469737172127,,,,,,,,0.004064624197781086,0.004873483907431364,0.09282223135232925,0.03093182109296322,0.015169568359851837,,,,,,,,,,,,,,,,,,,,,,,,,,,,,2632.364990234375,282.1631774902344,327.6949768066406,330.4918212890625,0.0,3572.71484375,1254.159423828125,1672.21337890625,,,,0.0928901880979538,0.0,,,,,,3572.71484375,330.4918212890625,2632.364990234375,282.1631774902344,327.6949768066406,0.0,0.0,0.0,0.0025676759,0.0025834837,0.0,0.000532711,1254.159423828125,1672.21337890625,0.0,0.0,0.0,0.0,0.0,0.0,17.0,0.0,0.0,0.75,0.75,0.0,0.0,99.0,1.0,99.0,999.0,0.0,1.0,0.0,999.0,0.0,0.0,0.0,0.0,999.0,0.0,0.0,0.0,0.0,0.0,0.0,0.0,0.0,1.0,7.0,1940.0,12.0,2021.0,9.0,2101.0,12.0,0.0,0.0,999.0,1.0,31.0,21.0,15.0,1.0,0.0,0.0,0.0,2,2,11,5,,,5,0.0928901880979538,,,,,,,,,,0.09565973281860352,0.026325171813368797,,,,94.0,,0.0,0.0,3572.71484375,0.0,,,0.0,,3572.71484375,,0.0,,0.0,,,,,-0.0,,0.0,,-1.0864413976669312,,-0.015176295302808285,,-0.07390628755092621,,0.073140449821949,,,,,,,,,,,,,,,,,,,,,,,,
0.018423469737172127,,,,,,,,0.033395688980817795,0.003876392962411046,0.13062763214111328,0.07507713884115219,0.03804728016257286,,,,,,,,,,,,,,,,,,,,,,,,,,,,,2829.617919921875,303.3067321777344,352.2503662109375,355.2568054199219,0.0,3840.431884765625,1254.159423828125,1672.21337890625,,,,0.0901956856250763,0.0,,,,,,3840.431884765625,355.2568054199219,2829.617919921875,303.3067321777344,352.2503662109375,0.0,0.0,0.0,0.0025676759,0.0025834837,0.0,0.000532711,1254.159423828125,1672.21337890625,0.0,0.0,0.0,0.0,0.0,0.0,17.0,0.0,0.0,0.75,0.75,0.0,0.0,99.0,1.0,99.0,999.0,0.0,1.0,0.0,999.0,0.0,0.0,0.0,0.0,999.0,0.0,0.0,0.0,0.0,0.0,0.0,0.0,0.0,1.0,7.0,1940.0,12.0,2021.0,9.0,2101.0,12.0,0.0,0.0,999.0,1.0,31.0,21.0,15.0,1.0,0.0,0.0,0.0,2,2,11,6,,,6,0.0901956856250763,,,,,,,,,,0.09566224366426468,0.02632519043982029,,,,94.0,,0.0,0.0,3840.431884765625,0.0,,,0.0,,3840.431884765625,,0.0,,0.0,,,,,-0.0,,0.0,,-1.0549267530441284,,-0.015840301290154457,,-0.07713989913463593,,0.07634055614471436,,,,,,,,,,,,,,,,,,,,,,,,
0.018423469737172127,,,,,,,,-0.0005761259817518294,0.00817445944994688,-0.10481363534927368,-0.10056470334529877,-0.027755066752433777,,,,,,,,,,,,,,,,,,,,,,,,,,,,,2600.100341796875,278.7047424316406,323.6784362792969,326.4410095214844,0.0,3528.924560546875,1254.159423828125,1672.21337890625,,,,0.08757933974266052,0.0,,,,,,3528.924560546875,326.4410095214844,2600.100341796875,278.7047424316406,323.6784362792969,0.0,0.0,0.0,0.0025676759,0.0025834837,0.0,0.000532711,1254.159423828125,1672.21337890625,0.0,0.0,0.0,0.0,0.0,0.0,17.0,0.0,0.0,0.75,0.75,0.0,0.0,99.0,1.0,99.0,999.0,0.0,1.0,0.0,999.0,0.0,0.0,0.0,0.0,999.0,0.0,0.0,0.0,0.0,0.0,0.0,0.0,0.0,1.0,7.0,1940.0,12.0,2021.0,9.0,2101.0,12.0,0.0,0.0,999.0,1.0,31.0,21.0,15.0,1.0,0.0,0.0,0.0,2,2,11,7,,,7,0.08757933974266052,,,,,,,,,,0.0956619530916214,0.02632518857717514,,,,94.0,,0.0,0.0,3528.924560546875,0.0,,,0.0,,3528.924560546875,,0.0,,0.0,,,,,-0.0,,0.0,,-1.024325966835022,,-0.014133237302303314,,-0.06882674992084503,,0.0681135505437851,,,,,,,,,,,,,,,,,,,,,,,,
0.018423469737172127,,,,,,,,0.006314793135970831,0.00229515228420496,-0.008947114460170269,-0.004516812972724438,-0.05598535016179085,,,,,,,,,,,,,,,,,,,,,,,,,,,,,2577.621337890625,276.29522705078125,320.880126953125,323.6188049316406,0.0,3498.41552734375,1254.159423828125,1672.21337890625,,,,0.08503890037536621,0.0,,,,,,3498.41552734375,323.6188049316406,2577.621337890625,276.29522705078125,320.880126953125,0.0,0.0,0.0,0.0025676759,0.0025834837,0.0,0.000532711,1254.159423828125,1672.21337890625,0.0,0.0,0.0,0.0,0.0,0.0,17.0,0.0,0.0,0.75,0.75,0.0,0.0,99.0,1.0,99.0,999.0,0.0,1.0,0.0,999.0,0.0,0.0,0.0,0.0,999.0,0.0,0.0,0.0,0.0,0.0,0.0,0.0,0.0,1.0,7.0,1940.0,12.0,2021.0,9.0,2101.0,12.0,0.0,0.0,999.0,1.0,31.0,21.0,15.0,1.0,0.0,0.0,0.0,2,2,11,8,,,8,0.08503890037536621,,,,,,,,,,0.09565969556570053,0.026325171813368797,,,,94.0,,0.0,0.0,3498.41552734375,0.0,,,0.0,,3498.41552734375,,0.0,,0.0,,,,,-0.0,,0.0,,-0.9946128726005554,,-0.013604626059532166,,-0.06625249236822128,,0.06556596606969833,,,,,,,,,,,,,,,,,,,,,,,,
0.018423469737172127,,,,,,,,-0.0059693967923521996,0.0051718344911932945,0.053650014102458954,-0.020978372544050217,0.027212953194975853,,,,,,,,,,,,,,,,,,,,,,,,,,,,,2553.9677734375,273.7597961425781,317.935546875,320.6490783691406,0.0,3466.312255859375,1254.159423828125,1672.21337890625,,,,0.08257216215133667,0.0,,,,,,3466.312255859375,320.6490783691406,2553.9677734375,273.7597961425781,317.935546875,0.0,0.0,0.0,0.0025676759,0.0025834837,0.0,0.000532711,1254.159423828125,1672.21337890625,0.0,0.0,0.0,0.0,0.0,0.0,17.0,0.0,0.0,0.75,0.75,0.0,0.0,99.0,1.0,99.0,999.0,0.0,1.0,0.0,999.0,0.0,0.0,0.0,0.0,999.0,0.0,0.0,0.0,0.0,0.0,0.0,0.0,0.0,1.0,7.0,1940.0,12.0,2021.0,9.0,2101.0,12.0,0.0,0.0,999.0,1.0,31.0,21.0,15.0,1.0,0.0,0.0,0.0,2,2,11,9,,,9,0.08257216215133667,,,,,,,,,,0.0956592857837677,0.026325169950723648,,,,94.0,,0.0,0.0,3466.312255859375,0.0,,,0.0,,3466.312255859375,,0.0,,0.0,,,,,-0.0,,0.0,,-0.9657619595527649,,-0.013088771142065525,,-0.06374035775661469,,0.06307986378669739,,,,,,,,,,,,,,,,,,,,,,,,
0.018423469737172127,,,,,,,,0.008271588943898678,0.003819866804406047,-0.06831004470586777,-0.028383726254105568,0.011978896334767342,,,,,,,,,,,,,,,,,,,,,,,,,,,,,2492.237548828125,267.1429138183594,310.2509460449219,312.8988952636719,0.0,3382.5302734375,1254.159423828125,1672.21337890625,,,,0.08017698675394058,0.0,,,,,,3382.5302734375,312.8988952636719,2492.237548828125,267.1429138183594,310.2509460449219,0.0,0.0,0.0,0.0025676759,0.0025834837,0.0,0.000532711,1254.159423828125,1672.21337890625,0.0,0.0,0.0,0.0,0.0,0.0,17.0,0.0,0.0,0.75,0.75,0.0,0.0,99.0,1.0,99.0,999.0,0.0,1.0,0.0,999.0,0.0,0.0,0.0,0.0,999.0,0.0,0.0,0.0,0.0,0.0,0.0,0.0,0.0,1.0,7.0,1940.0,12.0,2021.0,9.0,2101.0,12.0,0.0,0.0,999.0,1.0,31.0,21.0,15.0,1.0,0.0,0.0,0.0,2,2,11,10,,,10,0.08017698675394058,,,,,,,,,,0.09565851837396622,0.0263251643627882,,,,94.0,,0.0,0.0,3382.5302734375,0.0,,,0.0,,3382.5302734375,,0.0,,0.0,,,,,-0.0,,0.0,,-0.9377478957176208,,-0.012401919811964035,,-0.0603954941034317,,0.059769660234451294,,,,,,,,,,,,,,,,,,,,,,,,
0.018423469737172127,,,,,,,,0.01760806515812874,0.007057579234242439,-0.07399006187915802,0.028971537947654724,-0.0040242611430585384,,,,,,,,,,,,,,,,,,,,,,,,,,,,,2534.80908203125,271.7061767578125,315.550537109375,318.2437438964844,0.0,3440.3095703125,1254.159423828125,1672.21337890625,,,,0.07785128057003021,0.0,,,,,,3440.3095703125,318.2437438964844,2534.80908203125,271.7061767578125,315.550537109375,0.0,0.0,0.0,0.0025676759,0.0025834837,0.0,0.000532711,1254.159423828125,1672.21337890625,0.0,0.0,0.0,0.0,0.0,0.0,17.0,0.0,0.0,0.75,0.75,0.0,0.0,99.0,1.0,99.0,999.0,0.0,1.0,0.0,999.0,0.0,0.0,0.0,0.0,999.0,0.0,0.0,0.0,0.0,0.0,0.0,0.0,0.0,1.0,7.0,1940.0,12.0,2021.0,9.0,2101.0,12.0,0.0,0.0,999.0,1.0,31.0,21.0,15.0,1.0,0.0,0.0,0.0,2,2,11,11,,,11,0.07785128057003021,,,,,,,,,,0.09565834701061249,0.02632516250014305,,,,94.0,,0.0,0.0,3440.3095703125,0.0,,,0.0,,3440.3095703125,,0.0,,0.0,,,,,-0.0,,0.0,,-0.9105465412139893,,-0.012247876264154911,,-0.05964532122015953,,0.05902726575732231,,,,,,,,,,,,,,,,,,,,,,,,
0.018423469737172127,,,,,,,,-0.027834851294755936,0.0027712341398000717,0.01862546242773533,-0.004300270229578018,-0.03748399019241333,,,,,,,,,,,,,,,,,,,,,,,,,,,,,2515.026611328125,269.585693359375,313.087890625,315.76007080078125,0.0,3413.460205078125,1254.159423828125,1672.21337890625,,,,0.07563565671443939,0.0,,,,,,3413.460205078125,315.76007080078125,2515.026611328125,269.585693359375,313.087890625,0.0,0.0,0.0,0.0025676759,0.0025834837,0.0,0.000532711,1254.159423828125,1672.21337890625,0.0,0.0,0.0,0.0,0.0,0.0,17.0,0.0,0.0,0.75,0.75,0.0,0.0,99.0,1.0,99.0,999.0,0.0,1.0,0.0,999.0,0.0,0.0,0.0,0.0,999.0,0.0,0.0,0.0,0.0,0.0,0.0,0.0,0.0,1.0,7.0,1940.0,12.0,2021.0,9.0,2101.0,12.0,0.0,0.0,999.0,1.0,31.0,21.0,15.0,1.0,0.0,0.0,0.0,2,2,11,12,,,12,0.07563565671443939,,,,,,,,,,0.0956585481762886,0.020366912707686424,,,,95.0,,0.0,0.0,3413.460205078125,0.0,,,0.0,,3413.460205078125,,0.0,,0.0,,,,,-0.0,,0.0,,-0.8841342329978943,,-0.011799787171185017,,-0.05746319890022278,,0.056867752224206924,,,,,,,,,,,,,,,,,,,,,,,,
0.018423469737172127,,,,,,,,0.008381488732993603,0.004298511426895857,0.06228027865290642,-0.0029860069043934345,0.07305992394685745,,,,,,,,,,,,,,,,,,,,,,,,,,,,,2541.1611328125,272.3870544433594,316.34130859375,319.0412292480469,0.0,3448.930908203125,1254.159423828125,1672.21337890625,,,,0.07348308712244034,0.0,,,,,,3448.930908203125,319.0412292480469,2541.1611328125,272.3870544433594,316.34130859375,0.0,0.0,0.0,0.0025676759,0.0025834837,0.0,0.000532711,1254.159423828125,1672.21337890625,0.0,0.0,0.0,0.0,0.0,0.0,17.0,0.0,0.0,0.75,0.75,0.0,0.0,99.0,1.0,99.0,999.0,0.0,1.0,0.0,999.0,0.0,0.0,0.0,0.0,999.0,0.0,0.0,0.0,0.0,0.0,0.0,0.0,0.0,1.0,7.0,1940.0,12.0,2021.0,9.0,2101.0,12.0,0.0,0.0,999.0,1.0,31.0,21.0,15.0,1.0,0.0,0.0,0.0,2,2,12,1,,,1,0.07348308712244034,,,,,,,,,,0.09565860778093338,0.020366918295621872,,,,95.0,,0.0,0.0,3448.930908203125,0.0,,,0.0,,3448.930908203125,,0.0,,0.0,,,,,-0.0,,0.0,,-0.9008882641792297,,-0.011583094485104084,,-0.05640793964266777,,0.0558234266936779,,,,,,,,,,,,,,,,,,,,,,,,
0.018423469737172127,,,,,,,,0.007435252889990807,0.005360929761081934,-0.0015113720437511802,-0.0020465259440243244,0.05248772352933884,,,,,,,,,,,,,,,,,,,,,,,,,,,,,2550.7958984375,273.4197998046875,317.5406799316406,320.2508544921875,0.0,3462.00732421875,1254.159423828125,1672.21337890625,,,,0.07139177620410919,0.0,,,,,,3462.00732421875,320.2508544921875,2550.7958984375,273.4197998046875,317.5406799316406,0.0,0.0,0.0,0.0025676759,0.0025834837,0.0,0.000532711,1254.159423828125,1672.21337890625,0.0,0.0,0.0,0.0,0.0,0.0,17.0,0.0,0.0,0.75,0.75,0.0,0.0,99.0,1.0,99.0,999.0,0.0,1.0,0.0,999.0,0.0,0.0,0.0,0.0,999.0,0.0,0.0,0.0,0.0,0.0,0.0,0.0,0.0,1.0,7.0,1940.0,12.0,2021.0,9.0,2101.0,12.0,0.0,0.0,999.0,1.0,31.0,21.0,15.0,1.0,0.0,0.0,0.0,2,2,12,2,,,2,0.07139177620410919,,,,,,,,,,0.09565892815589905,0.020366961136460304,,,,95.0,,0.0,0.0,3462.00732421875,0.0,,,0.0,,3462.00732421875,,0.0,,0.0,,,,,-0.0,,0.0,,-0.8752492666244507,,-0.011296110227704048,,-0.0550103634595871,,0.05444033443927765,,,,,,,,,,,,,,,,,,,,,,,,
0.018423469737172127,,,,,,,,0.03172742947936058,0.006044311914592981,0.03431553766131401,0.06795847415924072,0.044086020439863205,,,,,,,,,,,,,,,,,,,,,,,,,,,,,2707.559814453125,290.22332763671875,337.0557556152344,339.9324951171875,0.0,3674.771484375,1254.159423828125,1672.21337890625,,,,0.06935997307300568,0.0,,,,,,3674.771484375,339.9324951171875,2707.559814453125,290.22332763671875,337.0557556152344,0.0,0.0,0.0,0.0025676759,0.0025834837,0.0,0.000532711,1254.159423828125,1672.21337890625,0.0,0.0,0.0,0.0,0.0,0.0,17.0,0.0,0.0,0.75,0.75,0.0,0.0,99.0,1.0,99.0,999.0,0.0,1.0,0.0,999.0,0.0,0.0,0.0,0.0,999.0,0.0,0.0,0.0,0.0,0.0,0.0,0.0,0.0,1.0,7.0,1940.0,12.0,2021.0,9.0,2101.0,12.0,0.0,0.0,999.0,1.0,31.0,21.0,15.0,1.0,0.0,0.0,0.0,2,2,12,3,,,3,0.06935997307300568,,,,,,,,,,0.09566041827201843,0.020367152988910675,,,,95.0,,0.0,0.0,3674.771484375,0.0,,,0.0,,3674.771484375,,0.0,,0.0,,,,,-0.0,,0.0,,-0.8503398299217224,,-0.011649091728031635,,-0.056729331612586975,,0.05614149197936058,,,,,,,,,,,,,,,,,,,,,,,,
0.018423469737172127,,,,,,,,0.016222435981035233,0.0031292038038372993,0.04361562430858612,0.009005110710859299,0.045537639409303665,,,,,,,,,,,,,,,,,,,,,,,,,,,,,2750.212646484375,294.7952880859375,342.365478515625,345.28753662109375,0.0,3732.6611328125,1254.159423828125,1672.21337890625,,,,0.06738597899675369,0.0,,,,,,3732.6611328125,345.28753662109375,2750.212646484375,294.7952880859375,342.365478515625,0.0,0.0,0.0,0.0025676759,0.0025834837,0.0,0.000532711,1254.159423828125,1672.21337890625,0.0,0.0,0.0,0.0,0.0,0.0,17.0,0.0,0.0,0.75,0.75,0.0,0.0,99.0,1.0,99.0,999.0,0.0,1.0,0.0,999.0,0.0,0.0,0.0,0.0,999.0,0.0,0.0,0.0,0.0,0.0,0.0,0.0,0.0,1.0,7.0,1940.0,12.0,2021.0,9.0,2101.0,12.0,0.0,0.0,999.0,1.0,31.0,21.0,15.0,1.0,0.0,0.0,0.0,2,2,12,4,,,4,0.06738597899675369,,,,,,,,,,0.0956622064113617,0.02036738209426403,,,,95.0,,0.0,0.0,3732.6611328125,0.0,,,0.0,,3732.6611328125,,0.0,,0.0,,,,,-0.0,,0.0,,-0.8261392712593079,,-0.011495848186314106,,-0.055983059108257294,,0.05540294945240021,,,,,,,,,,,,,,,,,,,,,,,,
0.018423469737172127,,,,,,,,-0.013594287447631359,0.004666406661272049,0.08739734441041946,0.03388460725545883,0.04648962616920471,,,,,,,,,,,,,,,,,,,,,,,,,,,,,2847.84423828125,305.2604064941406,354.5193176269531,357.54510498046875,0.0,3865.169189453125,1254.159423828125,1672.21337890625,,,,0.06546816229820251,0.0,,,,,,3865.169189453125,357.54510498046875,2847.84423828125,305.2604064941406,354.5193176269531,0.0,0.0,0.0,0.0025676759,0.0025834837,0.0,0.000532711,1254.159423828125,1672.21337890625,0.0,0.0,0.0,0.0,0.0,0.0,17.0,0.0,0.0,0.75,0.75,0.0,0.0,99.0,1.0,99.0,999.0,0.0,1.0,0.0,999.0,0.0,0.0,0.0,0.0,999.0,0.0,0.0,0.0,0.0,0.0,0.0,0.0,0.0,1.0,7.0,1940.0,12.0,2021.0,9.0,2101.0,12.0,0.0,0.0,999.0,1.0,31.0,21.0,15.0,1.0,0.0,0.0,0.0,2,2,12,5,,,5,0.06546816229820251,,,,,,,,,,0.09566346555948257,0.020367544144392014,,,,95.0,,0.0,0.0,3865.169189453125,0.0,,,0.0,,3865.169189453125,,0.0,,0.0,,,,,-0.0,,0.0,,-0.8026272654533386,,-0.011565159074962139,,-0.056320592761039734,,0.05573698878288269,,,,,,,,,,,,,,,,,,,,,,,,
0.014807329513132572,,,,,,,,0.006046041380614042,0.0035102705005556345,0.048218827694654465,0.062239136546850204,0.029867440462112427,,,,,,,,,,,,,,,,,,,,,,,,,,,,,3002.570556640625,321.84552001953125,373.7807312011719,376.97088623046875,0.0,4075.167724609375,1254.159423828125,1672.21337890625,,,,0.06383922696113586,0.0,,,,,,4075.167724609375,376.97088623046875,3002.570556640625,321.84552001953125,373.7807312011719,0.0,0.0,0.0,0.0025676759,0.0025834837,0.0,0.000532711,1254.159423828125,1672.21337890625,0.0,0.0,0.0,0.0,0.0,0.0,17.0,0.0,0.0,0.75,0.75,0.0,0.0,99.0,1.0,99.0,999.0,0.0,1.0,0.0,999.0,0.0,0.0,0.0,0.0,999.0,0.0,0.0,0.0,0.0,0.0,0.0,0.0,0.0,1.0,7.0,1940.0,12.0,2021.0,9.0,2101.0,12.0,0.0,0.0,999.0,1.0,31.0,21.0,15.0,1.0,0.0,0.0,0.0,2,2,12,6,,,6,0.06383922696113586,,,,,,,,,,0.09566573053598404,0.020367834717035294,,,,95.0,,0.0,0.0,4075.167724609375,0.0,,,0.0,,4075.167724609375,,0.0,,0.0,,,,,-0.0,,0.0,,-0.7797843217849731,,-0.011846475303173065,,-0.057690564543008804,,0.057092759758234024,,,,,,,,,,,,,,,,,,,,,,,,
0.014807329513132572,,,,,,,,-0.01796148531138897,0.002962198806926608,0.07455568760633469,0.0520186685025692,-0.0055532450787723064,,,,,,,,,,,,,,,,,,,,,,,,,,,,,3131.907958984375,335.7091979980469,389.88153076171875,393.2091369628906,0.0,4250.7080078125,1254.159423828125,1672.21337890625,,,,0.062250807881355286,0.0,,,,,,4250.7080078125,393.2091369628906,3131.907958984375,335.7091979980469,389.88153076171875,0.0,0.0,0.0,0.0025676759,0.0025834837,0.0,0.000532711,1254.159423828125,1672.21337890625,0.0,0.0,0.0,0.0,0.0,0.0,17.0,0.0,0.0,0.75,0.75,0.0,0.0,99.0,1.0,99.0,999.0,0.0,1.0,0.0,999.0,0.0,0.0,0.0,0.0,999.0,0.0,0.0,0.0,0.0,0.0,0.0,0.0,0.0,1.0,7.0,1940.0,12.0,2021.0,9.0,2101.0,12.0,0.0,0.0,999.0,1.0,31.0,21.0,15.0,1.0,0.0,0.0,0.0,2,2,12,7,,,7,0.062250807881355286,,,,,,,,,,0.09566827863454819,0.020368162542581558,,,,95.0,,0.0,0.0,4250.7080078125,0.0,,,0.0,,4250.7080078125,,0.0,,0.0,,,,,-0.0,,0.0,,-0.7603822350502014,,-0.012049317359924316,,-0.05867836996912956,,0.05807033181190491,,,,,,,,,,,,,,,,,,,,,,,,
0.014807329513132572,,,,,,,,-0.006387690082192421,0.0027376054786145687,-0.03473946452140808,0.037789590656757355,-0.012767291627824306,,,,,,,,,,,,,,,,,,,,,,,,,,,,,3206.154541015625,343.6676940917969,399.124267578125,402.5307312011719,0.0,4351.47705078125,1254.159423828125,1672.21337890625,,,,0.060701899230480194,0.0,,,,,,4351.47705078125,402.5307312011719,3206.154541015625,343.6676940917969,399.124267578125,0.0,0.0,0.0,0.0025676759,0.0025834837,0.0,0.000532711,1254.159423828125,1672.21337890625,0.0,0.0,0.0,0.0,0.0,0.0,17.0,0.0,0.0,0.75,0.75,0.0,0.0,99.0,1.0,99.0,999.0,0.0,1.0,0.0,999.0,0.0,0.0,0.0,0.0,999.0,0.0,0.0,0.0,0.0,0.0,0.0,0.0,0.0,1.0,7.0,1940.0,12.0,2021.0,9.0,2101.0,12.0,0.0,0.0,999.0,1.0,31.0,21.0,15.0,1.0,0.0,0.0,0.0,2,2,12,8,,,8,0.060701899230480194,,,,,,,,,,0.09567010402679443,0.02036839723587036,,,,95.0,,0.0,0.0,4351.47705078125,0.0,,,0.0,,4351.47705078125,,0.0,,0.0,,,,,-0.0,,0.0,,-0.741462767124176,,-0.012028050608932972,,-0.05857480689883232,,0.05796784162521362,,,,,,,,,,,,,,,,,,,,,,,,
0.014807329513132572,,,,,,,,-0.00886938814073801,0.00254590786062181,-0.052284155040979385,0.0628136694431305,0.07789585739374161,,,,,,,,,,,,,,,,,,,,,,,,,,,,,3366.877685546875,360.8955993652344,419.1322021484375,422.7094421386719,0.0,4569.615234375,1254.159423828125,1672.21337890625,,,,0.059191517531871796,0.0,,,,,,4569.615234375,422.7094421386719,3366.877685546875,360.8955993652344,419.1322021484375,0.0,0.0,0.0,0.0025676759,0.0025834837,0.0,0.000532711,1254.159423828125,1672.21337890625,0.0,0.0,0.0,0.0,0.0,0.0,17.0,0.0,0.0,0.75,0.75,0.0,0.0,99.0,1.0,99.0,999.0,0.0,1.0,0.0,999.0,0.0,0.0,0.0,0.0,999.0,0.0,0.0,0.0,0.0,0.0,0.0,0.0,0.0,1.0,7.0,1940.0,12.0,2021.0,9.0,2101.0,12.0,0.0,0.0,999.0,1.0,31.0,21.0,15.0,1.0,0.0,0.0,0.0,2,2,12,9,,,9,0.059191517531871796,,,,,,,,,,0.09567221254110336,0.02036866918206215,,,,95.0,,0.0,0.0,4569.615234375,0.0,,,0.0,,4569.615234375,,0.0,,0.0,,,,,-0.0,,0.0,,-0.7230138778686523,,-0.012316730804741383,,-0.05998063459992409,,0.0593591034412384,,,,,,,,,,,,,,,,,,,,,,,,
0.014807329513132572,,,,,,,,-0.023615632206201553,0.0012196642346680164,-0.06837624311447144,-0.03452078253030777,-0.005264299921691418,,,,,,,,,,,,,,,,,,,,,,,,,,,,,3255.53759765625,348.9610595703125,405.2718200683594,408.73077392578125,0.0,4418.50146484375,1254.159423828125,1672.21337890625,,,,0.05771871283650398,0.0,,,,,,4418.50146484375,408.73077392578125,3255.53759765625,348.9610595703125,405.2718200683594,0.0,0.0,0.0,0.0025676759,0.0025834837,0.0,0.000532711,1254.159423828125,1672.21337890625,0.0,0.0,0.0,0.0,0.0,0.0,17.0,0.0,0.0,0.75,0.75,0.0,0.0,99.0,1.0,99.0,999.0,0.0,1.0,0.0,999.0,0.0,0.0,0.0,0.0,999.0,0.0,0.0,0.0,0.0,0.0,0.0,0.0,0.0,1.0,7.0,1940.0,12.0,2021.0,9.0,2101.0,12.0,0.0,0.0,999.0,1.0,31.0,21.0,15.0,1.0,0.0,0.0,0.0,2,2,12,10,,,10,0.05771871283650398,,,,,,,,,,0.09567265957593918,0.020368725061416626,,,,95.0,,0.0,0.0,4418.50146484375,0.0,,,0.0,,4418.50146484375,,0.0,,0.0,,,,,-0.0,,0.0,,-0.7050238847732544,,-0.011613096110522747,,-0.05655403807759285,,0.055968012660741806,,,,,,,,,,,,,,,,,,,,,,,,
0.014807329513132572,,,,,,,,0.019725976511836052,0.004617219790816307,0.13825160264968872,0.05425654724240303,0.05838718265295029,,,,,,,,,,,,,,,,,,,,,,,,,,,,,3450.607421875,369.8705749511719,429.5554504394531,433.2216491699219,0.0,4683.2548828125,1254.159423828125,1672.21337890625,,,,0.05628255009651184,0.0,,,,,,4683.2548828125,433.2216491699219,3450.607421875,369.8705749511719,429.5554504394531,0.0,0.0,0.0,0.0025676759,0.0025834837,0.0,0.000532711,1254.159423828125,1672.21337890625,0.0,0.0,0.0,0.0,0.0,0.0,17.0,0.0,0.0,0.75,0.75,0.0,0.0,99.0,1.0,99.0,999.0,0.0,1.0,0.0,999.0,0.0,0.0,0.0,0.0,999.0,0.0,0.0,0.0,0.0,0.0,0.0,0.0,0.0,1.0,7.0,1940.0,12.0,2021.0,9.0,2101.0,12.0,0.0,0.0,999.0,1.0,31.0,21.0,15.0,1.0,0.0,0.0,0.0,2,2,12,11,,,11,0.05628255009651184,,,,,,,,,,0.09567340463399887,0.020368821918964386,,,,95.0,,0.0,0.0,4683.2548828125,0.0,,,0.0,,4683.2548828125,,0.0,,0.0,,,,,-0.0,,0.0,,-0.6874814629554749,,-0.01200267393141985,,-0.058451224118471146,,0.05784554034471512,,,,,,,,,,,,,,,,,,,,,,,,
0.014807329513132572,,,,,,,,0.018185043707489967,0.0036983375903218985,0.10976079851388931,0.021660802885890007,0.04863107204437256,,,,,,,,,,,,,,,,,,,,,,,,,,,,,3558.757080078125,381.463134765625,443.0186462402344,446.7997741699219,0.0,4830.03857421875,1254.159423828125,1672.21337890625,,,,0.054851654917001724,0.0,,,,,,4830.03857421875,446.7997741699219,3558.757080078125,381.463134765625,443.0186462402344,0.0,0.0,0.0,0.0025676759,0.0025834837,0.0,0.000532711,1254.159423828125,1672.21337890625,0.0,0.0,0.0,0.0,0.0,0.0,17.0,0.0,0.0,0.75,0.75,0.0,0.0,99.0,1.0,99.0,999.0,0.0,1.0,0.0,999.0,0.0,0.0,0.0,0.0,999.0,0.0,0.0,0.0,0.0,0.0,0.0,0.0,0.0,1.0,7.0,1940.0,12.0,2021.0,9.0,2101.0,12.0,0.0,0.0,999.0,1.0,31.0,21.0,15.0,1.0,0.0,0.0,0.0,2,2,12,12,,,12,0.054851654917001724,,,,,,,,,,0.09567612409591675,0.026237038895487785,,,,96.0,,0.0,0.0,4830.03857421875,0.0,,,0.0,,4830.03857421875,,0.0,,0.0,,,,,-0.0,,0.0,,-0.6703754663467407,,-0.012070851400494576,,-0.058783240616321564,,0.05817411467432976,,,,,,,,,,,,,,,,,,,,,,,,
0.018423469737172127,,,,,,,,-0.019717730581760406,0.0029363802168518305,0.0171821191906929,-0.05238715186715126,-0.04399367421865463,,,,,,,,,,,,,,,,,,,,,,,,,,,,,3408.59033203125,365.36676025390625,424.3248596191406,427.9464416503906,0.0,4626.228515625,1254.159423828125,1672.21337890625,,,,0.0532609224319458,0.0,,,,,,4626.228515625,427.9464416503906,3408.59033203125,365.36676025390625,424.3248596191406,0.0,0.0,0.0,0.0025676759,0.0025834837,0.0,0.000532711,1254.159423828125,1672.21337890625,0.0,0.0,0.0,0.0,0.0,0.0,17.0,0.0,0.0,0.75,0.75,0.0,0.0,99.0,1.0,99.0,999.0,0.0,1.0,0.0,999.0,0.0,0.0,0.0,0.0,999.0,0.0,0.0,0.0,0.0,0.0,0.0,0.0,0.0,1.0,7.0,1940.0,12.0,2021.0,9.0,2101.0,12.0,0.0,0.0,999.0,1.0,31.0,21.0,15.0,1.0,0.0,0.0,0.0,2,2,13,1,,,1,0.0532609224319458,,,,,,,,,,0.0956757515668869,0.02623707614839077,,,,96.0,,0.0,0.0,4626.228515625,0.0,,,0.0,,4626.228515625,,0.0,,0.0,,,,,-0.0,,0.0,,-1.080195665359497,,-0.011267571710050106,,-0.05487138777971268,,0.054302800446748734,,,,,,,,,,,,,,,,,,,,,,,,
0.018423469737172127,,,,,,,,0.012092080898582935,0.0014843575190752745,-0.06270576268434525,-0.03325015306472778,-0.05387341231107712,,,,,,,,,,,,,,,,,,,,,,,,,,,,,3296.823974609375,353.3865661621094,410.41143798828125,413.91424560546875,0.0,4474.5361328125,1254.159423828125,1672.21337890625,,,,0.051716335117816925,0.0,,,,,,4474.5361328125,413.91424560546875,3296.823974609375,353.3865661621094,410.41143798828125,0.0,0.0,0.0,0.0025676759,0.0025834837,0.0,0.000532711,1254.159423828125,1672.21337890625,0.0,0.0,0.0,0.0,0.0,0.0,17.0,0.0,0.0,0.75,0.75,0.0,0.0,99.0,1.0,99.0,999.0,0.0,1.0,0.0,999.0,0.0,0.0,0.0,0.0,999.0,0.0,0.0,0.0,0.0,0.0,0.0,0.0,0.0,1.0,7.0,1940.0,12.0,2021.0,9.0,2101.0,12.0,0.0,0.0,999.0,1.0,31.0,21.0,15.0,1.0,0.0,0.0,0.0,2,2,13,2,,,2,0.051716335117816925,,,,,,,,,,0.09567339718341827,0.026237310841679573,,,,96.0,,0.0,0.0,4474.5361328125,0.0,,,0.0,,4474.5361328125,,0.0,,0.0,,,,,-0.0,,0.0,,-1.0488693714141846,,-0.010582061484456062,,-0.0515330545604229,,0.05099905654788017,,,,,,,,,,,,,,,,,,,,,,,,
0.018423469737172127,,,,,,,,-0.030563289299607277,0.0029857009649276733,0.004645259119570255,-0.029437892138957977,-0.015838047489523888,,,,,,,,,,,,,,,,,,,,,,,,,,,,,3212.947998046875,344.3958740234375,399.969970703125,403.3836669921875,0.0,4360.69775390625,1254.159423828125,1672.21337890625,,,,0.05021654814481735,0.0,,,,,,4360.69775390625,403.3836669921875,3212.947998046875,344.3958740234375,399.969970703125,0.0,0.0,0.0,0.0025676759,0.0025834837,0.0,0.000532711,1254.159423828125,1672.21337890625,0.0,0.0,0.0,0.0,0.0,0.0,17.0,0.0,0.0,0.75,0.75,0.0,0.0,99.0,1.0,99.0,999.0,0.0,1.0,0.0,999.0,0.0,0.0,0.0,0.0,999.0,0.0,0.0,0.0,0.0,0.0,0.0,0.0,0.0,1.0,7.0,1940.0,12.0,2021.0,9.0,2101.0,12.0,0.0,0.0,999.0,1.0,31.0,21.0,15.0,1.0,0.0,0.0,0.0,2,2,13,3,,,3,0.05021654814481735,,,,,,,,,,0.095671646296978,0.0262374859303236,,,,96.0,,0.0,0.0,4360.69775390625,0.0,,,0.0,,4360.69775390625,,0.0,,0.0,,,,,-0.0,,0.0,,-1.0184518098831177,,-0.010013761930167675,,-0.04876552149653435,,0.04826020449399948,,,,,,,,,,,,,,,,,,,,,,,,
0.018423469737172127,,,,,,,,0.012848969548940659,0.0016543040983378887,0.023535670712590218,0.01737496256828308,0.04979437589645386,,,,,,,,,,,,,,,,,,,,,,,,,,,,,3278.665283203125,351.4400939941406,408.1509094238281,411.6344299316406,0.0,4449.890625,1254.159423828125,1672.21337890625,,,,0.04876025766134262,0.0,,,,,,4449.890625,411.6344299316406,3278.665283203125,351.4400939941406,408.1509094238281,0.0,0.0,0.0,0.0025676759,0.0025834837,0.0,0.000532711,1254.159423828125,1672.21337890625,0.0,0.0,0.0,0.0,0.0,0.0,17.0,0.0,0.0,0.75,0.75,0.0,0.0,99.0,1.0,99.0,999.0,0.0,1.0,0.0,999.0,0.0,0.0,0.0,0.0,999.0,0.0,0.0,0.0,0.0,0.0,0.0,0.0,0.0,1.0,7.0,1940.0,12.0,2021.0,9.0,2101.0,12.0,0.0,0.0,999.0,1.0,31.0,21.0,15.0,1.0,0.0,0.0,0.0,2,2,13,4,,,4,0.04876025766134262,,,,,,,,,,0.09567148238420486,0.026237502694129944,,,,96.0,,0.0,0.0,4449.890625,0.0,,,0.0,,4449.890625,,0.0,,0.0,,,,,-0.0,,0.0,,-0.9889163970947266,,-0.009922240860760212,,-0.048319827765226364,,0.04781912639737129,,,,,,,,,,,,,,,,,,,,,,,,
0.018423469737172127,,,,,,,,-0.0034479149617254734,0.0034397488925606012,-0.07303357869386673,-0.023857584223151207,-0.02387021854519844,,,,,,,,,,,,,,,,,,,,,,,,,,,,,3194.65185546875,342.4347229003906,397.69232177734375,401.08660888671875,0.0,4335.86572265625,1254.159423828125,1672.21337890625,,,,0.04734620079398155,0.0,,,,,,4335.86572265625,401.08660888671875,3194.65185546875,342.4347229003906,397.69232177734375,0.0,0.0,0.0,0.0025676759,0.0025834837,0.0,0.000532711,1254.159423828125,1672.21337890625,0.0,0.0,0.0,0.0,0.0,0.0,17.0,0.0,0.0,0.75,0.75,0.0,0.0,99.0,1.0,99.0,999.0,0.0,1.0,0.0,999.0,0.0,0.0,0.0,0.0,999.0,0.0,0.0,0.0,0.0,0.0,0.0,0.0,0.0,1.0,7.0,1940.0,12.0,2021.0,9.0,2101.0,12.0,0.0,0.0,999.0,1.0,31.0,21.0,15.0,1.0,0.0,0.0,0.0,2,2,13,5,,,5,0.04734620079398155,,,,,,,,,,0.09567131847143173,0.026237519457936287,,,,96.0,,0.0,0.0,4335.86572265625,0.0,,,0.0,,4335.86572265625,,0.0,,0.0,,,,,-0.0,,0.0,,-0.9602376222610474,,-0.009387616999447346,,-0.045716289430856705,,0.045242566615343094,,,,,,,,,,,,,,,,,,,,,,,,
0.0163174569606781,,,,,,,,0.0075293066911399364,0.00427349703386426,0.07209185510873795,-0.0098463986068964,-0.009523785673081875,,,,,,,,,,,,,,,,,,,,,,,,,,,,,3189.218994140625,341.8523864746094,397.0160217285156,400.4045104980469,0.0,4328.4921875,1254.159423828125,1672.21337890625,,,,0.04607179015874863,0.0,,,,,,4328.4921875,400.4045104980469,3189.218994140625,341.8523864746094,397.0160217285156,0.0,0.0,0.0,0.0025676759,0.0025834837,0.0,0.000532711,1254.159423828125,1672.21337890625,0.0,0.0,0.0,0.0,0.0,0.0,17.0,0.0,0.0,0.75,0.75,0.0,0.0,99.0,1.0,99.0,999.0,0.0,1.0,0.0,999.0,0.0,0.0,0.0,0.0,999.0,0.0,0.0,0.0,0.0,0.0,0.0,0.0,0.0,1.0,7.0,1940.0,12.0,2021.0,9.0,2101.0,12.0,0.0,0.0,999.0,1.0,31.0,21.0,15.0,1.0,0.0,0.0,0.0,2,2,13,6,,,6,0.04607179015874863,,,,,,,,,,0.09567051380872726,0.026237599551677704,,,,96.0,,0.0,0.0,4328.4921875,0.0,,,0.0,,4328.4921875,,0.0,,0.0,,,,,-0.0,,0.0,,-0.9323905110359192,,-0.009099872782826424,,-0.04431501775979996,,0.04385581612586975,,,,,,,,,,,,,,,,,,,,,,,,
0.0163174569606781,,,,,,,,0.01534977089613676,0.0044546546414494514,-0.0294449795037508,0.07499619573354721,0.04836903512477875,,,,,,,,,,,,,,,,,,,,,,,,,,,,,3383.245361328125,362.6500549316406,421.16973876953125,424.764404296875,0.0,4591.82958984375,1254.159423828125,1672.21337890625,,,,0.04483167827129364,0.0,,,,,,4591.82958984375,424.764404296875,3383.245361328125,362.6500549316406,421.16973876953125,0.0,0.0,0.0,0.0025676759,0.0025834837,0.0,0.000532711,1254.159423828125,1672.21337890625,0.0,0.0,0.0,0.0,0.0,0.0,17.0,0.0,0.0,0.75,0.75,0.0,0.0,99.0,1.0,99.0,999.0,0.0,1.0,0.0,999.0,0.0,0.0,0.0,0.0,999.0,0.0,0.0,0.0,0.0,0.0,0.0,0.0,0.0,1.0,7.0,1940.0,12.0,2021.0,9.0,2101.0,12.0,0.0,0.0,999.0,1.0,31.0,21.0,15.0,1.0,0.0,0.0,0.0,2,2,13,7,,,7,0.04483167827129364,,,,,,,,,,0.09567220509052277,0.026237430050969124,,,,96.0,,0.0,0.0,4591.82958984375,0.0,,,0.0,,4591.82958984375,,0.0,,0.0,,,,,-0.0,,0.0,,-0.9072934985160828,,-0.009393650107085705,,-0.045745670795440674,,0.04527164623141289,,,,,,,,,,,,,,,,,,,,,,,,
0.0163174569606781,,,,,,,,0.04294547811150551,0.005279253702610731,0.034478411078453064,0.06943639367818832,0.07794016599655151,,,,,,,,,,,,,,,,,,,,,,,,,,,,,3609.967529296875,386.952392578125,449.3937072753906,453.2292175292969,0.0,4899.54296875,1254.159423828125,1672.21337890625,,,,0.04362493008375168,0.0,,,,,,4899.54296875,453.2292175292969,3609.967529296875,386.952392578125,449.3937072753906,0.0,0.0,0.0,0.0025676759,0.0025834837,0.0,0.000532711,1254.159423828125,1672.21337890625,0.0,0.0,0.0,0.0,0.0,0.0,17.0,0.0,0.0,0.75,0.75,0.0,0.0,99.0,1.0,99.0,999.0,0.0,1.0,0.0,999.0,0.0,0.0,0.0,0.0,999.0,0.0,0.0,0.0,0.0,0.0,0.0,0.0,0.0,1.0,7.0,1940.0,12.0,2021.0,9.0,2101.0,12.0,0.0,0.0,999.0,1.0,31.0,21.0,15.0,1.0,0.0,0.0,0.0,2,2,13,8,,,8,0.04362493008375168,,,,,,,,,,0.0956759825348854,0.02623705379664898,,,,96.0,,0.0,0.0,4899.54296875,0.0,,,0.0,,4899.54296875,,0.0,,0.0,,,,,-0.0,,0.0,,-0.8828719258308411,,-0.00975335668772459,,-0.04749738797545433,,0.04700520634651184,,,,,,,,,,,,,,,,,,,,,,,,
0.0163174569606781,,,,,,,,0.0069395094178617,0.00686026643961668,0.12792743742465973,0.04405536875128746,0.10734023153781891,,,,,,,,,,,,,,,,,,,,,,,,,,,,,3807.69921875,408.14727783203125,474.0086975097656,478.0543212890625,0.0,5167.90966796875,1254.159423828125,1672.21337890625,,,,0.04245065152645111,0.0,,,,,,5167.90966796875,478.0543212890625,3807.69921875,408.14727783203125,474.0086975097656,0.0,0.0,0.0,0.0025676759,0.0025834837,0.0,0.000532711,1254.159423828125,1672.21337890625,0.0,0.0,0.0,0.0,0.0,0.0,17.0,0.0,0.0,0.75,0.75,0.0,0.0,99.0,1.0,99.0,999.0,0.0,1.0,0.0,999.0,0.0,0.0,0.0,0.0,999.0,0.0,0.0,0.0,0.0,0.0,0.0,0.0,0.0,1.0,7.0,1940.0,12.0,2021.0,9.0,2101.0,12.0,0.0,0.0,999.0,1.0,31.0,21.0,15.0,1.0,0.0,0.0,0.0,2,2,13,9,,,9,0.04245065152645111,,,,,,,,,,0.09567978978157043,0.026236673817038536,,,,96.0,,0.0,0.0,5167.90966796875,0.0,,,0.0,,5167.90966796875,,0.0,,0.0,,,,,-0.0,,0.0,,-0.8591073751449585,,-0.0100106718018651,,-0.04875047132372856,,0.04824530705809593,,,,,,,,,,,,,,,,,,,,,,,,
0.0163174569606781,,,,,,,,-0.020457342267036438,0.0017565846210345626,0.08231186121702194,-0.029375363141298294,-0.048068318516016006,,,,,,,,,,,,,,,,,,,,,,,,,,,,,3727.959716796875,399.5999755859375,464.0821838378906,468.0430603027344,0.0,5059.68505859375,1254.159423828125,1672.21337890625,,,,0.041307978332042694,0.0,,,,,,5059.68505859375,468.0430603027344,3727.959716796875,399.5999755859375,464.0821838378906,0.0,0.0,0.0,0.0025676759,0.0025834837,0.0,0.000532711,1254.159423828125,1672.21337890625,0.0,0.0,0.0,0.0,0.0,0.0,17.0,0.0,0.0,0.75,0.75,0.0,0.0,99.0,1.0,99.0,999.0,0.0,1.0,0.0,999.0,0.0,0.0,0.0,0.0,999.0,0.0,0.0,0.0,0.0,0.0,0.0,0.0,0.0,1.0,7.0,1940.0,12.0,2021.0,9.0,2101.0,12.0,0.0,0.0,999.0,1.0,31.0,21.0,15.0,1.0,0.0,0.0,0.0,2,2,13,10,,,10,0.041307978332042694,,,,,,,,,,0.0956808477640152,0.02623656764626503,,,,96.0,,0.0,0.0,5059.68505859375,0.0,,,0.0,,5059.68505859375,,0.0,,0.0,,,,,-0.0,,0.0,,-0.8359822630882263,,-0.009537210687994957,,-0.046444788575172424,,0.04596351832151413,,,,,,,,,,,,,,,,,,,,,,,,
0.0163174569606781,,,,,,,,0.02685314603149891,0.004786408506333828,0.11492934823036194,0.08852169662714005,0.061279796063899994,,,,,,,,,,,,,,,,,,,,,,,,,,,,,4048.17529296875,433.92388916015625,503.94482421875,508.2459716796875,0.0,5494.2900390625,1254.159423828125,1672.21337890625,,,,0.04019605368375778,0.0,,,,,,5494.2900390625,508.2459716796875,4048.17529296875,433.92388916015625,503.94482421875,0.0,0.0,0.0,0.0025676759,0.0025834837,0.0,0.000532711,1254.159423828125,1672.21337890625,0.0,0.0,0.0,0.0,0.0,0.0,17.0,0.0,0.0,0.75,0.75,0.0,0.0,99.0,1.0,99.0,999.0,0.0,1.0,0.0,999.0,0.0,0.0,0.0,0.0,999.0,0.0,0.0,0.0,0.0,0.0,0.0,0.0,0.0,1.0,7.0,1940.0,12.0,2021.0,9.0,2101.0,12.0,0.0,0.0,999.0,1.0,31.0,21.0,15.0,1.0,0.0,0.0,0.0,2,2,13,11,,,11,0.04019605368375778,,,,,,,,,,0.0956830084323883,0.02623635344207287,,,,96.0,,0.0,0.0,5494.2900390625,0.0,,,0.0,,5494.2900390625,,0.0,,0.0,,,,,-0.0,,0.0,,-0.8134795427322388,,-0.01007764507085085,,-0.0490766242146492,,0.048568081110715866,,,,,,,,,,,,,,,,,,,,,,,,
0.0163174569606781,,,,,,,,0.00513457041233778,0.005820956081151962,-0.02176140807569027,0.029334217309951782,0.009445251896977425,,,,,,,,,,,,,,,,,,,,,,,,,,,,,4134.64453125,443.19256591796875,514.7091674804688,519.1021118164062,0.0,5611.64892578125,1254.159423828125,1672.21337890625,,,,0.039133984595537186,0.0,,,,,,5611.64892578125,519.1021118164062,4134.64453125,443.19256591796875,514.7091674804688,0.0,0.0,0.0,0.0025676759,0.0025834837,0.0,0.000532711,1254.159423828125,1672.21337890625,0.0,0.0,0.0,0.0,0.0,0.0,17.0,0.0,0.0,0.75,0.75,0.0,0.0,99.0,1.0,99.0,999.0,0.0,1.0,0.0,999.0,0.0,0.0,0.0,0.0,999.0,0.0,0.0,0.0,0.0,0.0,0.0,0.0,0.0,1.0,7.0,1940.0,12.0,2021.0,9.0,2101.0,12.0,0.0,0.0,999.0,1.0,31.0,21.0,15.0,1.0,0.0,0.0,0.0,2,2,13,12,,,12,0.039133984595537186,,,,,,,,,,0.0956866517663002,0.020851032808423042,,,,97.0,,0.0,0.0,5611.64892578125,0.0,,,0.0,,5611.64892578125,,0.0,,0.0,,,,,-0.0,,0.0,,-0.7915824055671692,,-0.010015841573476791,,-0.048775650560855865,,0.048270225524902344,,,,,,,,,,,,,,,,,,,,,,,,
0.01784956268966198,,,,,,,,0.0024725543335080147,0.003946656361222267,0.057147253304719925,0.07471013069152832,0.007436209823936224,,,,,,,,,,,,,,,,,,,,,,,,,,,,,4392.99462890625,470.8851013183594,546.870361328125,551.537841796875,0.0,5962.2880859375,1254.159423828125,1672.21337890625,,,,0.03804061934351921,0.0,,,,,,5962.2880859375,551.537841796875,4392.99462890625,470.8851013183594,546.870361328125,0.0,0.0,0.0,0.0025676759,0.0025834837,0.0,0.000532711,1254.159423828125,1672.21337890625,0.0,0.0,0.0,0.0,0.0,0.0,17.0,0.0,0.0,0.75,0.75,0.0,0.0,99.0,1.0,99.0,999.0,0.0,1.0,0.0,999.0,0.0,0.0,0.0,0.0,999.0,0.0,0.0,0.0,0.0,0.0,0.0,0.0,0.0,1.0,7.0,1940.0,12.0,2021.0,9.0,2101.0,12.0,0.0,0.0,999.0,1.0,31.0,21.0,15.0,1.0,0.0,0.0,0.0,2,2,14,1,,,1,0.03804061934351921,,,,,,,,,,0.09568974375724792,0.020851917564868927,,,,97.0,,0.0,0.0,5962.2880859375,0.0,,,0.0,,5962.2880859375,,0.0,,0.0,,,,,-0.0,,0.0,,-0.9444854855537415,,-0.010360497049987316,,-0.050454068928956985,,0.049931250512599945,,,,,,,,,,,,,,,,,,,,,,,,
0.01784956268966198,,,,,,,,-0.0066738431341946125,0.003644129727035761,0.18628618121147156,0.05021603778004646,0.11335116624832153,,,,,,,,,,,,,,,,,,,,,,,,,,,,,4675.376953125,501.15362548828125,582.023193359375,586.99072265625,0.0,6345.54443359375,1254.159423828125,1672.21337890625,,,,0.03697778284549713,0.0,,,,,,6345.54443359375,586.99072265625,4675.376953125,501.15362548828125,582.023193359375,0.0,0.0,0.0,0.0025676759,0.0025834837,0.0,0.000532711,1254.159423828125,1672.21337890625,0.0,0.0,0.0,0.0,0.0,0.0,17.0,0.0,0.0,0.75,0.75,0.0,0.0,99.0,1.0,99.0,999.0,0.0,1.0,0.0,999.0,0.0,0.0,0.0,0.0,999.0,0.0,0.0,0.0,0.0,0.0,0.0,0.0,0.0,1.0,7.0,1940.0,12.0,2021.0,9.0,2101.0,12.0,0.0,0.0,999.0,1.0,31.0,21.0,15.0,1.0,0.0,0.0,0.0,2,2,14,2,,,2,0.03697778284549713,,,,,,,,,,0.09569460153579712,0.020853305235505104,,,,97.0,,0.0,0.0,6345.54443359375,0.0,,,0.0,,6345.54443359375,,0.0,,0.0,,,,,-0.0,,0.0,,-0.9180974960327148,,-0.01071840152144432,,-0.052197013050317764,,0.05165613442659378,,,,,,,,,,,,,,,,,,,,,,,,
0.01784956268966198,,,,,,,,-0.009417903609573841,0.0019794797990471125,0.0001850475964602083,0.001279207644984126,-0.009113229811191559,,,,,,,,,,,,,,,,,,,,,,,,,,,,,4670.904296875,500.6742248535156,581.4664306640625,586.42919921875,0.0,6339.474609375,1254.159423828125,1672.21337890625,,,,0.0359446257352829,0.0,,,,,,6339.474609375,586.42919921875,4670.904296875,500.6742248535156,581.4664306640625,0.0,0.0,0.0,0.0025676759,0.0025834837,0.0,0.000532711,1254.159423828125,1672.21337890625,0.0,0.0,0.0,0.0,0.0,0.0,17.0,0.0,0.0,0.75,0.75,0.0,0.0,99.0,1.0,99.0,999.0,0.0,1.0,0.0,999.0,0.0,0.0,0.0,0.0,999.0,0.0,0.0,0.0,0.0,0.0,0.0,0.0,0.0,1.0,7.0,1940.0,12.0,2021.0,9.0,2101.0,12.0,0.0,0.0,999.0,1.0,31.0,21.0,15.0,1.0,0.0,0.0,0.0,2,2,14,3,,,3,0.0359446257352829,,,,,,,,,,0.09569709002971649,0.02085401862859726,,,,97.0,,0.0,0.0,6339.474609375,0.0,,,0.0,,6339.474609375,,0.0,,0.0,,,,,-0.0,,0.0,,-0.8924462199211121,,-0.010408967733383179,,-0.05069011449813843,,0.050164852291345596,,,,,,,,,,,,,,,,,,,,,,,,
0.01784956268966198,,,,,,,,-0.0022957338951528072,0.0029361217748373747,-0.03584445267915726,-0.007269064895808697,-0.029732398688793182,,,,,,,,,,,,,,,,,,,,,,,,,,,,,4618.4541015625,495.05206298828125,574.9370727539062,579.8441162109375,0.0,6268.28759765625,1254.159423828125,1672.21337890625,,,,0.03494034335017204,0.0,,,,,,6268.28759765625,579.8441162109375,4618.4541015625,495.05206298828125,574.9370727539062,0.0,0.0,0.0,0.0025676759,0.0025834837,0.0,0.000532711,1254.159423828125,1672.21337890625,0.0,0.0,0.0,0.0,0.0,0.0,17.0,0.0,0.0,0.75,0.75,0.0,0.0,99.0,1.0,99.0,999.0,0.0,1.0,0.0,999.0,0.0,0.0,0.0,0.0,999.0,0.0,0.0,0.0,0.0,0.0,0.0,0.0,0.0,1.0,7.0,1940.0,12.0,2021.0,9.0,2101.0,12.0,0.0,0.0,999.0,1.0,31.0,21.0,15.0,1.0,0.0,0.0,0.0,2,2,14,4,,,4,0.03494034335017204,,,,,,,,,,0.0956965833902359,0.02085387334227562,,,,97.0,,0.0,0.0,6268.28759765625,0.0,,,0.0,,6268.28759765625,,0.0,,0.0,,,,,-0.0,,0.0,,-0.8675113916397095,,-0.010004524141550064,,-0.04872053489089012,,0.04821568354964256,,,,,,,,,,,,,,,,,,,,,,,,
0.01784956268966198,,,,,,,,0.008082973770797253,0.00603442220017314,0.029047172516584396,-0.0051581282168626785,-0.030962545424699783,,,,,,,,,,,,,,,,,,,,,,,,,,,,,4601.2587890625,493.2088928222656,572.7964477539062,577.6852416992188,0.0,6244.94921875,1254.159423828125,1672.21337890625,,,,0.033964116126298904,0.0,,,,,,6244.94921875,577.6852416992188,4601.2587890625,493.2088928222656,572.7964477539062,0.0,0.0,0.0,0.0025676759,0.0025834837,0.0,0.000532711,1254.159423828125,1672.21337890625,0.0,0.0,0.0,0.0,0.0,0.0,17.0,0.0,0.0,0.75,0.75,0.0,0.0,99.0,1.0,99.0,999.0,0.0,1.0,0.0,999.0,0.0,0.0,0.0,0.0,999.0,0.0,0.0,0.0,0.0,0.0,0.0,0.0,0.0,1.0,7.0,1940.0,12.0,2021.0,9.0,2101.0,12.0,0.0,0.0,999.0,1.0,31.0,21.0,15.0,1.0,0.0,0.0,0.0,2,2,14,5,,,5,0.033964116126298904,,,,,,,,,,0.09569595754146576,0.020853694528341293,,,,97.0,,0.0,0.0,6244.94921875,0.0,,,0.0,,6244.94921875,,0.0,,0.0,,,,,-0.0,,0.0,,-0.8432733416557312,,-0.009688791818916798,,-0.04718296602368355,,0.04669404402375221,,,,,,,,,,,,,,,,,,,,,,,,
0.018423469737172127,,,,,,,,0.02645392343401909,0.0028436267748475075,-0.010379721410572529,0.0015637887408956885,-0.008009253069758415,,,,,,,,,,,,,,,,,,,,,,,,,,,,,4609.86279296875,494.1311340332031,573.8675537109375,578.7654418945312,0.0,6256.626953125,1254.159423828125,1672.21337890625,,,,0.03299587965011597,0.0,,,,,,6256.626953125,578.7654418945312,4609.86279296875,494.1311340332031,573.8675537109375,0.0,0.0,0.0,0.0025676759,0.0025834837,0.0,0.000532711,1254.159423828125,1672.21337890625,0.0,0.0,0.0,0.0,0.0,0.0,17.0,0.0,0.0,0.75,0.75,0.0,0.0,99.0,1.0,99.0,999.0,0.0,1.0,0.0,999.0,0.0,0.0,0.0,0.0,999.0,0.0,0.0,0.0,0.0,0.0,0.0,0.0,0.0,1.0,7.0,1940.0,12.0,2021.0,9.0,2101.0,12.0,0.0,0.0,999.0,1.0,31.0,21.0,15.0,1.0,0.0,0.0,0.0,2,2,14,6,,,6,0.03299587965011597,,,,,,,,,,0.0956958755850792,0.020853672176599503,,,,97.0,,0.0,0.0,6256.626953125,0.0,,,0.0,,6256.626953125,,0.0,,0.0,,,,,-0.0,,0.0,,-0.8197124600410461,,-0.009435700252652168,,-0.045950450003147125,,0.04547429829835892,,,,,,,,,,,,,,,,,,,,,,,,
0.018423469737172127,,,,,,,,-0.04192206263542175,0.0038790912367403507,0.08602768182754517,-0.031180264428257942,-0.04819651320576668,,,,,,,,,,,,,,,,,,,,,,,,,,,,,4499.92724609375,482.3471984863281,560.1820068359375,564.963134765625,0.0,6107.419921875,1254.159423828125,1672.21337890625,,,,0.032055243849754333,0.0,,,,,,6107.419921875,564.963134765625,4499.92724609375,482.3471984863281,560.1820068359375,0.0,0.0,0.0,0.0025676759,0.0025834837,0.0,0.000532711,1254.159423828125,1672.21337890625,0.0,0.0,0.0,0.0,0.0,0.0,17.0,0.0,0.0,0.75,0.75,0.0,0.0,99.0,1.0,99.0,999.0,0.0,1.0,0.0,999.0,0.0,0.0,0.0,0.0,999.0,0.0,0.0,0.0,0.0,0.0,0.0,0.0,0.0,1.0,7.0,1940.0,12.0,2021.0,9.0,2101.0,12.0,0.0,0.0,999.0,1.0,31.0,21.0,15.0,1.0,0.0,0.0,0.0,2,2,14,7,,,7,0.032055243849754333,,,,,,,,,,0.09569496661424637,0.02085341140627861,,,,97.0,,0.0,0.0,6107.419921875,0.0,,,0.0,,6107.419921875,,0.0,,0.0,,,,,-0.0,,0.0,,-0.7963443398475647,,-0.00894810352474451,,-0.04357592388987541,,0.04312438145279884,,,,,,,,,,,,,,,,,,,,,,,,
0.018423469737172127,,,,,,,,-0.00318133900873363,0.004107883665710688,-0.0075518409721553326,0.03365273028612137,0.03247280418872833,,,,,,,,,,,,,,,,,,,,,,,,,,,,,4622.0341796875,495.4358215332031,575.3827514648438,580.2935791015625,0.0,6273.146484375,1254.159423828125,1672.21337890625,,,,0.03114142455160618,0.0,,,,,,6273.146484375,580.2935791015625,4622.0341796875,495.4358215332031,575.3827514648438,0.0,0.0,0.0,0.0025676759,0.0025834837,0.0,0.000532711,1254.159423828125,1672.21337890625,0.0,0.0,0.0,0.0,0.0,0.0,17.0,0.0,0.0,0.75,0.75,0.0,0.0,99.0,1.0,99.0,999.0,0.0,1.0,0.0,999.0,0.0,0.0,0.0,0.0,999.0,0.0,0.0,0.0,0.0,0.0,0.0,0.0,0.0,1.0,7.0,1940.0,12.0,2021.0,9.0,2101.0,12.0,0.0,0.0,999.0,1.0,31.0,21.0,15.0,1.0,0.0,0.0,0.0,2,2,14,8,,,8,0.03114142455160618,,,,,,,,,,0.09569507837295532,0.020853443071246147,,,,97.0,,0.0,0.0,6273.146484375,0.0,,,0.0,,6273.146484375,,0.0,,0.0,,,,,-0.0,,0.0,,-0.7736424803733826,,-0.008928902447223663,,-0.04348241537809372,,0.04303184151649475,,,,,,,,,,,,,,,,,,,,,,,,
0.018423469737172127,,,,,,,,0.023463083431124687,0.005913168657571077,0.24713097512722015,0.05547727271914482,0.10995239019393921,,,,,,,,,,,,,,,,,,,,,,,,,,,,,4976.98876953125,533.4833984375,619.5699462890625,624.85791015625,0.0,6754.89990234375,1254.159423828125,1672.21337890625,,,,0.030253641307353973,0.0,,,,,,6754.89990234375,624.85791015625,4976.98876953125,533.4833984375,619.5699462890625,0.0,0.0,0.0,0.0025676759,0.0025834837,0.0,0.000532711,1254.159423828125,1672.21337890625,0.0,0.0,0.0,0.0,0.0,0.0,17.0,0.0,0.0,0.75,0.75,0.0,0.0,99.0,1.0,99.0,999.0,0.0,1.0,0.0,999.0,0.0,0.0,0.0,0.0,999.0,0.0,0.0,0.0,0.0,0.0,0.0,0.0,0.0,1.0,7.0,1940.0,12.0,2021.0,9.0,2101.0,12.0,0.0,0.0,999.0,1.0,31.0,21.0,15.0,1.0,0.0,0.0,0.0,2,2,14,9,,,9,0.030253641307353973,,,,,,,,,,0.09569935500621796,0.02085466869175434,,,,97.0,,0.0,0.0,6754.89990234375,0.0,,,0.0,,6754.89990234375,,0.0,,0.0,,,,,-0.0,,0.0,,-0.7515877485275269,,-0.009340517222881317,,-0.045486923307180405,,0.04501557722687721,,,,,,,,,,,,,,,,,,,,,,,,
0.018423469737172127,,,,,,,,-0.014081614091992378,0.0027018538676202297,0.0266617052257061,-0.0006577909807674587,-0.020540490746498108,,,,,,,,,,,,,,,,,,,,,,,,,,,,,4968.40966796875,532.5637817382812,618.501953125,623.7808227539062,0.0,6743.25634765625,1254.159423828125,1672.21337890625,,,,0.029391154646873474,0.0,,,,,,6743.25634765625,623.7808227539062,4968.40966796875,532.5637817382812,618.501953125,0.0,0.0,0.0,0.0025676759,0.0025834837,0.0,0.000532711,1254.159423828125,1672.21337890625,0.0,0.0,0.0,0.0,0.0,0.0,17.0,0.0,0.0,0.75,0.75,0.0,0.0,99.0,1.0,99.0,999.0,0.0,1.0,0.0,999.0,0.0,0.0,0.0,0.0,999.0,0.0,0.0,0.0,0.0,0.0,0.0,0.0,0.0,1.0,7.0,1940.0,12.0,2021.0,9.0,2101.0,12.0,0.0,0.0,999.0,1.0,31.0,21.0,15.0,1.0,0.0,0.0,0.0,2,2,14,10,,,10,0.029391154646873474,,,,,,,,,,0.09570246189832687,0.020855557173490524,,,,97.0,,0.0,0.0,6743.25634765625,0.0,,,0.0,,6743.25634765625,,0.0,,0.0,,,,,-0.0,,0.0,,-0.7301613688468933,,-0.009058595634996891,,-0.04411400109529495,,0.043656881898641586,,,,,,,,,,,,,,,,,,,,,,,,
0.018423469737172127,,,,,,,,-0.021420741453766823,0.006830389611423016,-0.07231587916612625,0.010663194581866264,0.00372377410531044,,,,,,,,,,,,,,,,,,,,,,,,,,,,,4971.16845703125,532.8594970703125,618.8453979492188,624.1271362304688,0.0,6747.00048828125,1254.159423828125,1672.21337890625,,,,0.028553256765007973,0.0,,,,,,6747.00048828125,624.1271362304688,4971.16845703125,532.8594970703125,618.8453979492188,0.0,0.0,0.0,0.0025676759,0.0025834837,0.0,0.000532711,1254.159423828125,1672.21337890625,0.0,0.0,0.0,0.0,0.0,0.0,17.0,0.0,0.0,0.75,0.75,0.0,0.0,99.0,1.0,99.0,999.0,0.0,1.0,0.0,999.0,0.0,0.0,0.0,0.0,999.0,0.0,0.0,0.0,0.0,0.0,0.0,0.0,0.0,1.0,7.0,1940.0,12.0,2021.0,9.0,2101.0,12.0,0.0,0.0,999.0,1.0,31.0,21.0,15.0,1.0,0.0,0.0,0.0,2,2,14,11,,,11,0.028553256765007973,,,,,,,,,,0.0957024097442627,0.02085554227232933,,,,97.0,,0.0,0.0,6747.00048828125,0.0,,,0.0,,6747.00048828125,,0.0,,0.0,,,,,-0.0,,0.0,,-0.7093455791473389,,-0.008805234916508198,,-0.04288017377257347,,0.042435839772224426,,,,,,,,,,,,,,,,,,,,,,,,
0.018423469737172127,,,,,,,,-0.008319866843521595,0.0026137607637792826,0.04320317879319191,0.054594725370407104,0.014939173124730587,,,,,,,,,,,,,,,,,,,,,,,,,,,,,5195.96142578125,556.955078125,646.8291625976562,652.3497924804688,0.0,7052.095703125,1254.159423828125,1672.21337890625,,,,0.027732327580451965,0.0,,,,,,7052.095703125,652.3497924804688,5195.96142578125,556.955078125,646.8291625976562,0.0,0.0,0.0,0.0025676759,0.0025834837,0.0,0.000532711,1254.159423828125,1672.21337890625,0.0,0.0,0.0,0.0,0.0,0.0,17.0,0.0,0.0,0.75,0.75,0.0,0.0,99.0,1.0,99.0,999.0,0.0,1.0,0.0,999.0,0.0,0.0,0.0,0.0,999.0,0.0,0.0,0.0,0.0,0.0,0.0,0.0,0.0,1.0,7.0,1940.0,12.0,2021.0,9.0,2101.0,12.0,0.0,0.0,999.0,1.0,31.0,21.0,15.0,1.0,0.0,0.0,0.0,2,2,14,12,,,12,0.027732327580451965,,,,,,,,,,0.09570445120334625,0.023493977263569832,,,,98.0,,0.0,0.0,7052.095703125,0.0,,,0.0,,7052.095703125,,0.0,,0.0,,,,,-0.0,,0.0,,-0.6891231536865234,,-0.008941026404500008,,-0.04354146122932434,,0.043090276420116425,,,,,,,,,,,,,,,,,,,,,,,,
0.015000882558524609,,,,,,,,0.0058602457866072655,0.0021042535081505775,-0.04657421633601189,0.015998438000679016,0.06138235330581665,,,,,,,,,,,,,,,,,,,,,,,,,,,,,5270.88818359375,564.9864501953125,656.1565551757812,661.7567749023438,0.0,7153.7880859375,1254.159423828125,1672.21337890625,,,,0.02702891267836094,0.0,,,,,,7153.7880859375,661.7567749023438,5270.88818359375,564.9864501953125,656.1565551757812,0.0,0.0,0.0,0.0025676759,0.0025834837,0.0,0.000532711,1254.159423828125,1672.21337890625,0.0,0.0,0.0,0.0,0.0,0.0,17.0,0.0,0.0,0.75,0.75,0.0,0.0,99.0,1.0,99.0,999.0,0.0,1.0,0.0,999.0,0.0,0.0,0.0,0.0,999.0,0.0,0.0,0.0,0.0,0.0,0.0,0.0,0.0,1.0,7.0,1940.0,12.0,2021.0,9.0,2101.0,12.0,0.0,0.0,999.0,1.0,31.0,21.0,15.0,1.0,0.0,0.0,0.0,2,2,15,1,,,1,0.02702891267836094,,,,,,,,,,0.09570714086294174,0.023493796586990356,,,,98.0,,0.0,0.0,7153.7880859375,0.0,,,0.0,,7153.7880859375,,0.0,,0.0,,,,,-0.0,,0.0,,-0.2276771515607834,,-0.008809189312160015,,-0.04289943352341652,,0.04245489835739136,,,,,,,,,,,,,,,,,,,,,,,,
0.015000882558524609,,,,,,,,0.00927211344242096,0.0023941148538142443,-0.015539408661425114,0.0028345424216240644,-0.008743316866457462,,,,,,,,,,,,,,,,,,,,,,,,,,,,,5274.6904296875,565.39404296875,656.6299438476562,662.2341918945312,0.0,7158.94873046875,1254.159423828125,1672.21337890625,,,,0.026343336328864098,0.0,,,,,,7158.94873046875,662.2341918945312,5274.6904296875,565.39404296875,656.6299438476562,0.0,0.0,0.0,0.0025676759,0.0025834837,0.0,0.000532711,1254.159423828125,1672.21337890625,0.0,0.0,0.0,0.0,0.0,0.0,17.0,0.0,0.0,0.75,0.75,0.0,0.0,99.0,1.0,99.0,999.0,0.0,1.0,0.0,999.0,0.0,0.0,0.0,0.0,999.0,0.0,0.0,0.0,0.0,0.0,0.0,0.0,0.0,1.0,7.0,1940.0,12.0,2021.0,9.0,2101.0,12.0,0.0,0.0,999.0,1.0,31.0,21.0,15.0,1.0,0.0,0.0,0.0,2,2,15,2,,,2,0.026343336328864098,,,,,,,,,,0.09570784866809845,0.023493750020861626,,,,98.0,,0.0,0.0,7158.94873046875,0.0,,,0.0,,7158.94873046875,,0.0,,0.0,,,,,-0.0,,0.0,,-0.22190223634243011,,-0.008591942489147186,,-0.041841473430395126,,0.041407905519008636,,,,,,,,,,,,,,,,,,,,,,,,
0.015000882558524609,,,,,,,,0.00927145965397358,0.0031476684380322695,-0.0029434498865157366,0.015026968903839588,-0.0038712110836058855,,,,,,,,,,,,,,,,,,,,,,,,,,,,,5333.83447265625,571.7337036132812,663.9926147460938,669.6597290039062,0.0,7239.220703125,1254.159423828125,1672.21337890625,,,,0.025675149634480476,0.0,,,,,,7239.220703125,669.6597290039062,5333.83447265625,571.7337036132812,663.9926147460938,0.0,0.0,0.0,0.0025676759,0.0025834837,0.0,0.000532711,1254.159423828125,1672.21337890625,0.0,0.0,0.0,0.0,0.0,0.0,17.0,0.0,0.0,0.75,0.75,0.0,0.0,99.0,1.0,99.0,999.0,0.0,1.0,0.0,999.0,0.0,0.0,0.0,0.0,999.0,0.0,0.0,0.0,0.0,0.0,0.0,0.0,0.0,1.0,7.0,1940.0,12.0,2021.0,9.0,2101.0,12.0,0.0,0.0,999.0,1.0,31.0,21.0,15.0,1.0,0.0,0.0,0.0,2,2,15,3,,,3,0.025675149634480476,,,,,,,,,,0.09570841491222382,0.023493710905313492,,,,98.0,,0.0,0.0,7239.220703125,0.0,,,0.0,,7239.220703125,,0.0,,0.0,,,,,-0.0,,0.0,,-0.21627379953861237,,-0.008467908017337322,,-0.041237447410821915,,0.04081013426184654,,,,,,,,,,,,,,,,,,,,,,,,
0.015000882558524609,,,,,,,,0.00552792614325881,0.002705193357542157,0.1268518716096878,0.03791535273194313,0.06416511535644531,,,,,,,,,,,,,,,,,,,,,,,,,,,,,5576.62939453125,597.7588500976562,694.2173461914062,700.1424560546875,0.0,7568.748046875,1254.159423828125,1672.21337890625,,,,0.02502390369772911,0.0,,,,,,7568.748046875,700.1424560546875,5576.62939453125,597.7588500976562,694.2173461914062,0.0,0.0,0.0,0.0025676759,0.0025834837,0.0,0.000532711,1254.159423828125,1672.21337890625,0.0,0.0,0.0,0.0,0.0,0.0,17.0,0.0,0.0,0.75,0.75,0.0,0.0,99.0,1.0,99.0,999.0,0.0,1.0,0.0,999.0,0.0,0.0,0.0,0.0,999.0,0.0,0.0,0.0,0.0,0.0,0.0,0.0,0.0,1.0,7.0,1940.0,12.0,2021.0,9.0,2101.0,12.0,0.0,0.0,999.0,1.0,31.0,21.0,15.0,1.0,0.0,0.0,0.0,2,2,15,4,,,4,0.02502390369772911,,,,,,,,,,0.0957111194729805,0.023493530228734016,,,,98.0,,0.0,0.0,7568.748046875,0.0,,,0.0,,7568.748046875,,0.0,,0.0,,,,,-0.0,,0.0,,-0.21078810095787048,,-0.008628803305327892,,-0.04202098026871681,,0.04158554971218109,,,,,,,,,,,,,,,,,,,,,,,,
0.015000882558524609,,,,,,,,-0.013336087577044964,0.004493078216910362,0.13516739010810852,0.022795241326093674,0.027797261252999306,,,,,,,,,,,,,,,,,,,,,,,,,,,,,5741.45703125,615.4267578125,714.7362060546875,720.83642578125,0.0,7792.45654296875,1254.159423828125,1672.21337890625,,,,0.024389170110225677,0.0,,,,,,7792.45654296875,720.83642578125,5741.45703125,615.4267578125,714.7362060546875,0.0,0.0,0.0,0.0025676759,0.0025834837,0.0,0.000532711,1254.159423828125,1672.21337890625,0.0,0.0,0.0,0.0,0.0,0.0,17.0,0.0,0.0,0.75,0.75,0.0,0.0,99.0,1.0,99.0,999.0,0.0,1.0,0.0,999.0,0.0,0.0,0.0,0.0,999.0,0.0,0.0,0.0,0.0,0.0,0.0,0.0,0.0,1.0,7.0,1940.0,12.0,2021.0,9.0,2101.0,12.0,0.0,0.0,999.0,1.0,31.0,21.0,15.0,1.0,0.0,0.0,0.0,2,2,15,5,,,5,0.024389170110225677,,,,,,,,,,0.09571477770805359,0.023493284359574318,,,,98.0,,0.0,0.0,7792.45654296875,0.0,,,0.0,,7792.45654296875,,0.0,,0.0,,,,,-0.0,,0.0,,-0.20544150471687317,,-0.008658506907522678,,-0.04216562956571579,,0.04172870144248009,,,,,,,,,,,,,,,,,,,,,,,,
0.018423469737172127,,,,,,,,-0.0035395780578255653,0.005642259027808905,-0.04251198098063469,-0.06328272074460983,-0.07974627614021301,,,,,,,,,,,,,,,,,,,,,,,,,,,,,5419.76611328125,580.9447021484375,674.68994140625,680.4483642578125,0.0,7355.84912109375,1254.159423828125,1672.21337890625,,,,0.023687943816184998,0.0,,,,,,7355.84912109375,680.4483642578125,5419.76611328125,580.9447021484375,674.68994140625,0.0,0.0,0.0,0.0025676759,0.0025834837,0.0,0.000532711,1254.159423828125,1672.21337890625,0.0,0.0,0.0,0.0,0.0,0.0,17.0,0.0,0.0,0.75,0.75,0.0,0.0,99.0,1.0,99.0,999.0,0.0,1.0,0.0,999.0,0.0,0.0,0.0,0.0,999.0,0.0,0.0,0.0,0.0,0.0,0.0,0.0,0.0,1.0,7.0,1940.0,12.0,2021.0,9.0,2101.0,12.0,0.0,0.0,999.0,1.0,31.0,21.0,15.0,1.0,0.0,0.0,0.0,2,2,15,6,,,6,0.023687943816184998,,,,,,,,,,0.09571336954832077,0.02349337935447693,,,,98.0,,0.0,0.0,7355.84912109375,0.0,,,0.0,,7355.84912109375,,0.0,,0.0,,,,,-0.0,,0.0,,-0.2002304643392563,,-0.0079660564661026,,-0.03879350423812866,,0.038391515612602234,,,,,,,,,,,,,,,,,,,,,,,,
0.018423469737172127,,,,,,,,0.023427410051226616,0.004320950713008642,0.07270029932260513,-0.028175730258226395,-0.025846105068922043,,,,,,,,,,,,,,,,,,,,,,,,,,,,,5339.1513671875,572.3035888671875,664.6544799804688,670.3272094726562,0.0,7246.43701171875,1254.159423828125,1672.21337890625,,,,0.02300688438117504,0.0,,,,,,7246.43701171875,670.3272094726562,5339.1513671875,572.3035888671875,664.6544799804688,0.0,0.0,0.0,0.0025676759,0.0025834837,0.0,0.000532711,1254.159423828125,1672.21337890625,0.0,0.0,0.0,0.0,0.0,0.0,17.0,0.0,0.0,0.75,0.75,0.0,0.0,99.0,1.0,99.0,999.0,0.0,1.0,0.0,999.0,0.0,0.0,0.0,0.0,999.0,0.0,0.0,0.0,0.0,0.0,0.0,0.0,0.0,1.0,7.0,1940.0,12.0,2021.0,9.0,2101.0,12.0,0.0,0.0,999.0,1.0,31.0,21.0,15.0,1.0,0.0,0.0,0.0,2,2,15,7,,,7,0.02300688438117504,,,,,,,,,,0.09570976346731186,0.02349362149834633,,,,98.0,,0.0,0.0,7246.43701171875,0.0,,,0.0,,7246.43701171875,,0.0,,0.0,,,,,-0.0,,0.0,,-0.1944735199213028,,-0.007621937897056341,,-0.037117697298526764,,0.036733075976371765,,,,,,,,,,,,,,,,,,,,,,,,
0.018423469737172127,,,,,,,,0.01792401820421219,0.0050277323462069035,-0.09732810407876968,-0.07216617465019226,-0.08134334534406662,,,,,,,,,,,,,,,,,,,,,,,,,,,,,4995.7529296875,535.4947509765625,621.9058227539062,627.2137451171875,0.0,6780.3671875,1254.159423828125,1672.21337890625,,,,0.022345416247844696,0.0,,,,,,6780.3671875,627.2137451171875,4995.7529296875,535.4947509765625,621.9058227539062,0.0,0.0,0.0,0.0025676759,0.0025834837,0.0,0.000532711,1254.159423828125,1672.21337890625,0.0,0.0,0.0,0.0,0.0,0.0,17.0,0.0,0.0,0.75,0.75,0.0,0.0,99.0,1.0,99.0,999.0,0.0,1.0,0.0,999.0,0.0,0.0,0.0,0.0,999.0,0.0,0.0,0.0,0.0,0.0,0.0,0.0,0.0,1.0,7.0,1940.0,12.0,2021.0,9.0,2101.0,12.0,0.0,0.0,999.0,1.0,31.0,21.0,15.0,1.0,0.0,0.0,0.0,2,2,15,8,,,8,0.022345416247844696,,,,,,,,,,0.09570595622062683,0.023493876680731773,,,,98.0,,0.0,0.0,6780.3671875,0.0,,,0.0,,6780.3671875,,0.0,,0.0,,,,,-0.0,,0.0,,-0.18888215720653534,,-0.006926671601831913,,-0.0337318517267704,,0.033382315188646317,,,,,,,,,,,,,,,,,,,,,,,,
0.018423469737172127,,,,,,,,-0.034709855914115906,0.0037405178882181644,-0.28807327151298523,-0.13775281608104706,-0.08474262803792953,,,,,,,,,,,,,,,,,,,,,,,,,,,,,4369.38818359375,468.3547058105469,543.931640625,548.5740356445312,0.0,5930.24853515625,1254.159423828125,1672.21337890625,,,,0.021702980622649193,0.0,,,,,,5930.24853515625,548.5740356445312,4369.38818359375,468.3547058105469,543.931640625,0.0,0.0,0.0,0.0025676759,0.0025834837,0.0,0.000532711,1254.159423828125,1672.21337890625,0.0,0.0,0.0,0.0,0.0,0.0,17.0,0.0,0.0,0.75,0.75,0.0,0.0,99.0,1.0,99.0,999.0,0.0,1.0,0.0,999.0,0.0,0.0,0.0,0.0,999.0,0.0,0.0,0.0,0.0,0.0,0.0,0.0,0.0,1.0,7.0,1940.0,12.0,2021.0,9.0,2101.0,12.0,0.0,0.0,999.0,1.0,31.0,21.0,15.0,1.0,0.0,0.0,0.0,2,2,15,9,,,9,0.021702980622649193,,,,,,,,,,0.09569726139307022,0.023494461551308632,,,,98.0,,0.0,0.0,5930.24853515625,0.0,,,0.0,,5930.24853515625,,0.0,,0.0,,,,,-0.0,,0.0,,-0.18345162272453308,,-0.0058840299025177956,,-0.028654346242547035,,0.028357423841953278,,,,,,,,,,,,,,,,,,,,,,,,
0.018423469737172127,,,,,,,,-0.019256191328167915,-0.0003686769923660904,-0.09437073767185211,-0.03438972681760788,-0.06255137920379639,,,,,,,,,,,,,,,,,,,,,,,,,,,,,4196.568359375,449.83013916015625,522.4178466796875,526.8765869140625,0.0,5695.693359375,1254.159423828125,1672.21337890625,,,,0.021079029887914658,0.0,,,,,,5695.693359375,526.8765869140625,4196.568359375,449.83013916015625,522.4178466796875,0.0,0.0,0.0,0.0025676759,0.0025834837,0.0,0.000532711,1254.159423828125,1672.21337890625,0.0,0.0,0.0,0.0,0.0,0.0,17.0,0.0,0.0,0.75,0.75,0.0,0.0,99.0,1.0,99.0,999.0,0.0,1.0,0.0,999.0,0.0,0.0,0.0,0.0,999.0,0.0,0.0,0.0,0.0,0.0,0.0,0.0,0.0,1.0,7.0,1940.0,12.0,2021.0,9.0,2101.0,12.0,0.0,0.0,999.0,1.0,31.0,21.0,15.0,1.0,0.0,0.0,0.0,2,2,15,10,,,10,0.021079029887914658,,,,,,,,,,0.09569009393453598,0.023494942113757133,,,,98.0,,0.0,0.0,5695.693359375,0.0,,,0.0,,5695.693359375,,0.0,,0.0,,,,,-0.0,,0.0,,-0.1781773567199707,,-0.005488826427608728,,-0.02672976441681385,,0.02645278349518776,,,,,,,,,,,,,,,,,,,,,,,,
0.018423469737172127,,,,,,,,0.0008464519050903618,0.00291250878944993,-0.09317805618047714,-0.0399450957775116,-0.08355424553155899,,,,,,,,,,,,,,,,,,,,,,,,,,,,,4014.614501953125,430.3265075683594,499.7669372558594,504.03240966796875,0.0,5448.740234375,1254.159423828125,1672.21337890625,,,,0.020473022013902664,0.0,,,,,,5448.740234375,504.03240966796875,4014.614501953125,430.3265075683594,499.7669372558594,0.0,0.0,0.0,0.0025676759,0.0025834837,0.0,0.000532711,1254.159423828125,1672.21337890625,0.0,0.0,0.0,0.0,0.0,0.0,17.0,0.0,0.0,0.75,0.75,0.0,0.0,99.0,1.0,99.0,999.0,0.0,1.0,0.0,999.0,0.0,0.0,0.0,0.0,999.0,0.0,0.0,0.0,0.0,0.0,0.0,0.0,0.0,1.0,7.0,1940.0,12.0,2021.0,9.0,2101.0,12.0,0.0,0.0,999.0,1.0,31.0,21.0,15.0,1.0,0.0,0.0,0.0,2,2,15,11,,,11,0.020473022013902664,,,,,,,,,,0.0956869050860405,0.023495156317949295,,,,98.0,,0.0,0.0,5448.740234375,0.0,,,0.0,,5448.740234375,,0.0,,0.0,,,,,-0.0,,0.0,,-0.17305482923984528,,-0.005099883768707514,,-0.024835670366883278,,0.024578317999839783,,,,,,,,,,,,,,,,,,,,,,,,
0.018423469737172127,,,,,,,,0.013865734450519085,0.00119974825065583,-0.11953113973140717,0.004710746463388205,0.019455118104815483,,,,,,,,,,,,,,,,,,,,,,,,,,,,,4004.4169921875,429.2334289550781,498.4974670410156,502.7521057128906,0.0,5434.89990234375,1254.159423828125,1672.21337890625,,,,0.019889503717422485,0.0,,,,,,5434.89990234375,502.7521057128906,4004.4169921875,429.2334289550781,498.4974670410156,0.0,0.0,0.0,0.0025676759,0.0025834837,0.0,0.000532711,1254.159423828125,1672.21337890625,0.0,0.0,0.0,0.0,0.0,0.0,17.0,0.0,0.0,0.75,0.75,0.0,0.0,99.0,1.0,99.0,999.0,0.0,1.0,0.0,999.0,0.0,0.0,0.0,0.0,999.0,0.0,0.0,0.0,0.0,0.0,0.0,0.0,0.0,1.0,7.0,1940.0,12.0,2021.0,9.0,2101.0,12.0,0.0,0.0,999.0,1.0,31.0,21.0,15.0,1.0,0.0,0.0,0.0,2,2,15,12,,,12,0.019889503717422485,,,,,,,,,,0.09568518400192261,0.020799579098820686,,,,99.0,,0.0,0.0,5434.89990234375,0.0,,,0.0,,5434.89990234375,,0.0,,0.0,,,,,-0.0,,0.0,,-0.16807962954044342,,-0.004940683953464031,,-0.024060390889644623,,0.02381107024848461,,,,,,,,,,,,,,,,,,,,,,,,
0.01810614764690399,,,,,,,,-0.021397540345788002,0.0041265026666224,-0.04923934489488602,-0.06355388462543488,-0.0991162359714508,,,,,,,,,,,,,,,,,,,,,,,,,,,,,3764.23291015625,403.48809814453125,468.59771728515625,472.5971374511719,0.0,5108.916015625,1254.159423828125,1672.21337890625,,,,0.019328869879245758,0.0,,,,,,5108.916015625,472.5971374511719,3764.23291015625,403.48809814453125,468.59771728515625,0.0,0.0,0.0,0.0025676759,0.0025834837,0.0,0.000532711,1254.159423828125,1672.21337890625,0.0,0.0,0.0,0.0,0.0,0.0,17.0,0.0,0.0,0.75,0.75,0.0,0.0,99.0,1.0,99.0,999.0,0.0,1.0,0.0,999.0,0.0,0.0,0.0,0.0,999.0,0.0,0.0,0.0,0.0,0.0,0.0,0.0,0.0,1.0,7.0,1940.0,12.0,2021.0,9.0,2101.0,12.0,0.0,0.0,999.0,1.0,31.0,21.0,15.0,1.0,0.0,0.0,0.0,2,2,16,1,,,1,0.019328869879245758,,,,,,,,,,0.09568294137716293,0.020799050107598305,,,,99.0,,0.0,0.0,5108.916015625,0.0,,,0.0,,5108.916015625,,0.0,,0.0,,,,,-0.0,,0.0,,-0.13631083071231842,,-0.0045119705609977245,,-0.021972620859742165,,0.02174493670463562,,,,,,,,,,,,,,,,,,,,,,,,
0.01810614764690399,,,,,,,,-0.018455015495419502,0.002491306746378541,0.12259761989116669,0.0442127026617527,-0.023285359144210815,,,,,,,,,,,,,,,,,,,,,,,,,,,,,3913.2255859375,419.4586181640625,487.1453552246094,491.3030700683594,0.0,5311.1328125,1254.159423828125,1672.21337890625,,,,0.018784038722515106,0.0,,,,,,5311.1328125,491.3030700683594,3913.2255859375,419.4586181640625,487.1453552246094,0.0,0.0,0.0,0.0025676759,0.0025834837,0.0,0.000532711,1254.159423828125,1672.21337890625,0.0,0.0,0.0,0.0,0.0,0.0,17.0,0.0,0.0,0.75,0.75,0.0,0.0,99.0,1.0,99.0,999.0,0.0,1.0,0.0,999.0,0.0,0.0,0.0,0.0,999.0,0.0,0.0,0.0,0.0,0.0,0.0,0.0,0.0,1.0,7.0,1940.0,12.0,2021.0,9.0,2101.0,12.0,0.0,0.0,999.0,1.0,31.0,21.0,15.0,1.0,0.0,0.0,0.0,2,2,16,2,,,2,0.018784038722515106,,,,,,,,,,0.09568212181329727,0.020798858255147934,,,,99.0,,0.0,0.0,5311.1328125,0.0,,,0.0,,5311.1328125,,0.0,,0.0,,,,,-0.0,,0.0,,-0.1324685662984848,,-0.00455834437161684,,-0.022198455408215523,,0.021968429908156395,,,,,,,,,,,,,,,,,,,,,,,,
0.01810614764690399,,,,,,,,0.011045669205486774,0.0014416500926017761,-0.025427604094147682,0.037330321967601776,-0.01605292037129402,,,,,,,,,,,,,,,,,,,,,,,,,,,,,4012.57373046875,430.1077575683594,499.51287841796875,503.77618408203125,0.0,5445.970703125,1254.159423828125,1672.21337890625,,,,0.018254561349749565,0.0,,,,,,5445.970703125,503.77618408203125,4012.57373046875,430.1077575683594,499.51287841796875,0.0,0.0,0.0,0.0025676759,0.0025834837,0.0,0.000532711,1254.159423828125,1672.21337890625,0.0,0.0,0.0,0.0,0.0,0.0,17.0,0.0,0.0,0.75,0.75,0.0,0.0,99.0,1.0,99.0,999.0,0.0,1.0,0.0,999.0,0.0,0.0,0.0,0.0,999.0,0.0,0.0,0.0,0.0,0.0,0.0,0.0,0.0,1.0,7.0,1940.0,12.0,2021.0,9.0,2101.0,12.0,0.0,0.0,999.0,1.0,31.0,21.0,15.0,1.0,0.0,0.0,0.0,2,2,16,3,,,3,0.018254561349749565,,,,,,,,,,0.09568434953689575,0.020799381658434868,,,,99.0,,0.0,0.0,5445.970703125,0.0,,,0.0,,5445.970703125,,0.0,,0.0,,,,,-0.0,,0.0,,-0.12873461842536926,,-0.004542320966720581,,-0.02212042361497879,,0.02189120650291443,,,,,,,,,,,,,,,,,,,,,,,,
0.01810614764690399,,,,,,,,0.040557075291872025,0.004152825567871332,0.030005106702446938,0.04650609567761421,0.07296998053789139,,,,,,,,,,,,,,,,,,,,,,,,,,,,,4205.28466796875,450.7644348144531,523.5028686523438,527.970947265625,0.0,5707.52294921875,1254.159423828125,1672.21337890625,,,,0.017740003764629364,0.0,,,,,,5707.52294921875,527.970947265625,4205.28466796875,450.7644348144531,523.5028686523438,0.0,0.0,0.0,0.0025676759,0.0025834837,0.0,0.000532711,1254.159423828125,1672.21337890625,0.0,0.0,0.0,0.0,0.0,0.0,17.0,0.0,0.0,0.75,0.75,0.0,0.0,99.0,1.0,99.0,999.0,0.0,1.0,0.0,999.0,0.0,0.0,0.0,0.0,999.0,0.0,0.0,0.0,0.0,0.0,0.0,0.0,0.0,1.0,7.0,1940.0,12.0,2021.0,9.0,2101.0,12.0,0.0,0.0,999.0,1.0,31.0,21.0,15.0,1.0,0.0,0.0,0.0,2,2,16,4,,,4,0.017740003764629364,,,,,,,,,,0.09568696469068527,0.020799998193979263,,,,99.0,,0.0,0.0,5707.52294921875,0.0,,,0.0,,5707.52294921875,,0.0,,0.0,,,,,-0.0,,0.0,,-0.12510590255260468,,-0.004626287147402763,,-0.022529326379299164,,0.02229587361216545,,,,,,,,,,,,,,,,,,,,,,,,
0.01810614764690399,,,,,,,,-0.010115137323737144,0.007482714485377073,-0.019655507057905197,-0.000983671983703971,-0.0077569130808115005,,,,,,,,,,,,,,,,,,,,,,,,,,,,,4187.9765625,448.9092102050781,521.3482666015625,525.7979125976562,0.0,5684.0322265625,1254.159423828125,1672.21337890625,,,,0.017239945009350777,0.0,,,,,,5684.0322265625,525.7979125976562,4187.9765625,448.9092102050781,521.3482666015625,0.0,0.0,0.0,0.0025676759,0.0025834837,0.0,0.000532711,1254.159423828125,1672.21337890625,0.0,0.0,0.0,0.0,0.0,0.0,17.0,0.0,0.0,0.75,0.75,0.0,0.0,99.0,1.0,99.0,999.0,0.0,1.0,0.0,999.0,0.0,0.0,0.0,0.0,999.0,0.0,0.0,0.0,0.0,0.0,0.0,0.0,0.0,1.0,7.0,1940.0,12.0,2021.0,9.0,2101.0,12.0,0.0,0.0,999.0,1.0,31.0,21.0,15.0,1.0,0.0,0.0,0.0,2,2,16,5,,,5,0.017239945009350777,,,,,,,,,,0.09568854421377182,0.02080036699771881,,,,99.0,,0.0,0.0,5684.0322265625,0.0,,,0.0,,5684.0322265625,,0.0,,0.0,,,,,-0.0,,0.0,,-0.12157942354679108,,-0.0044773779809474945,,-0.021804161369800568,,0.021578220650553703,,,,,,,,,,,,,,,,,,,,,,,,
0.018423469737172127,,,,,,,,0.0009320197859779,0.0035938953515142202,-0.032925743609666824,0.011479752138257027,0.01257513277232647,,,,,,,,,,,,,,,,,,,,,,,,,,,,,4217.20458984375,452.04217529296875,524.98681640625,529.4674682617188,0.0,5723.701171875,1254.159423828125,1672.21337890625,,,,0.016748569905757904,0.0,,,,,,5723.701171875,529.4674682617188,4217.20458984375,452.04217529296875,524.98681640625,0.0,0.0,0.0,0.0025676759,0.0025834837,0.0,0.000532711,1254.159423828125,1672.21337890625,0.0,0.0,0.0,0.0,0.0,0.0,17.0,0.0,0.0,0.75,0.75,0.0,0.0,99.0,1.0,99.0,999.0,0.0,1.0,0.0,999.0,0.0,0.0,0.0,0.0,999.0,0.0,0.0,0.0,0.0,0.0,0.0,0.0,0.0,1.0,7.0,1940.0,12.0,2021.0,9.0,2101.0,12.0,0.0,0.0,999.0,1.0,31.0,21.0,15.0,1.0,0.0,0.0,0.0,2,2,16,6,,,6,0.016748569905757904,,,,,,,,,,0.09568864852190018,0.0208003930747509,,,,99.0,,0.0,0.0,5723.701171875,0.0,,,0.0,,5723.701171875,,0.0,,0.0,,,,,-0.0,,0.0,,-0.11815232783555984,,-0.004381536040455103,,-0.021337425336241722,,0.02111632190644741,,,,,,,,,,,,,,,,,,,,,,,,
0.018423469737172127,,,,,,,,-0.009505932219326496,0.002932096365839243,0.11923089623451233,0.09309614449739456,0.09706319868564606,,,,,,,,,,,,,,,,,,,,,,,,,,,,,4597.29052734375,492.7835388183594,572.302490234375,577.18701171875,0.0,6239.5634765625,1254.159423828125,1672.21337890625,,,,0.016271192580461502,0.0,,,,,,6239.5634765625,577.18701171875,4597.29052734375,492.7835388183594,572.302490234375,0.0,0.0,0.0,0.0025676759,0.0025834837,0.0,0.000532711,1254.159423828125,1672.21337890625,0.0,0.0,0.0,0.0,0.0,0.0,17.0,0.0,0.0,0.75,0.75,0.0,0.0,99.0,1.0,99.0,999.0,0.0,1.0,0.0,999.0,0.0,0.0,0.0,0.0,999.0,0.0,0.0,0.0,0.0,0.0,0.0,0.0,0.0,1.0,7.0,1940.0,12.0,2021.0,9.0,2101.0,12.0,0.0,0.0,999.0,1.0,31.0,21.0,15.0,1.0,0.0,0.0,0.0,2,2,16,7,,,7,0.016271192580461502,,,,,,,,,,0.09569232165813446,0.020801255479454994,,,,99.0,,0.0,0.0,6239.5634765625,0.0,,,0.0,,6239.5634765625,,0.0,,0.0,,,,,-0.0,,0.0,,-0.11478473246097565,,-0.004640293773263693,,-0.022597536444664,,0.02236337587237358,,,,,,,,,,,,,,,,,,,,,,,,
0.018423469737172127,,,,,,,,0.011537060141563416,0.0019960200879722834,0.07071487605571747,0.07940521836280823,0.07801470160484314,,,,,,,,,,,,,,,,,,,,,,,,,,,,,4941.91357421875,529.7236938476562,615.2035522460938,620.4542236328125,0.0,6707.294921875,1254.159423828125,1672.21337890625,,,,0.015807408839464188,0.0,,,,,,6707.294921875,620.4542236328125,4941.91357421875,529.7236938476562,615.2035522460938,0.0,0.0,0.0,0.0025676759,0.0025834837,0.0,0.000532711,1254.159423828125,1672.21337890625,0.0,0.0,0.0,0.0,0.0,0.0,17.0,0.0,0.0,0.75,0.75,0.0,0.0,99.0,1.0,99.0,999.0,0.0,1.0,0.0,999.0,0.0,0.0,0.0,0.0,999.0,0.0,0.0,0.0,0.0,0.0,0.0,0.0,0.0,1.0,7.0,1940.0,12.0,2021.0,9.0,2101.0,12.0,0.0,0.0,999.0,1.0,31.0,21.0,15.0,1.0,0.0,0.0,0.0,2,2,16,8,,,8,0.015807408839464188,,,,,,,,,,0.09569881856441498,0.020802784711122513,,,,99.0,,0.0,0.0,6707.294921875,0.0,,,0.0,,6707.294921875,,0.0,,0.0,,,,,-0.0,,0.0,,-0.11151306331157684,,-0.004845965653657913,,-0.023599127307534218,,0.023354588076472282,,,,,,,,,,,,,,,,,,,,,,,,
0.018423469737172127,,,,,,,,0.016584044322371483,0.006588615942746401,-0.019936278462409973,-0.021482156589627266,0.02526797726750374,,,,,,,,,,,,,,,,,,,,,,,,,,,,,4875.01708984375,522.5531005859375,606.8758544921875,612.0554809570312,0.0,6616.501953125,1254.159423828125,1672.21337890625,,,,0.015356840565800667,0.0,,,,,,6616.501953125,612.0554809570312,4875.01708984375,522.5531005859375,606.8758544921875,0.0,0.0,0.0,0.0025676759,0.0025834837,0.0,0.000532711,1254.159423828125,1672.21337890625,0.0,0.0,0.0,0.0,0.0,0.0,17.0,0.0,0.0,0.75,0.75,0.0,0.0,99.0,1.0,99.0,999.0,0.0,1.0,0.0,999.0,0.0,0.0,0.0,0.0,999.0,0.0,0.0,0.0,0.0,0.0,0.0,0.0,0.0,1.0,7.0,1940.0,12.0,2021.0,9.0,2101.0,12.0,0.0,0.0,999.0,1.0,31.0,21.0,15.0,1.0,0.0,0.0,0.0,2,2,16,9,,,9,0.015356840565800667,,,,,,,,,,0.09570131450891495,0.02080336958169937,,,,99.0,,0.0,0.0,6616.501953125,0.0,,,0.0,,6616.501953125,,0.0,,0.0,,,,,-0.0,,0.0,,-0.10833457112312317,,-0.004644111730158329,,-0.022616129368543625,,0.022381775081157684,,,,,,,,,,,,,,,,,,,,,,,,
0.018423469737172127,,,,,,,,-0.029559213668107986,0.0033521039877086878,0.009773368015885353,-0.07132791727781296,-0.07591552287340164,,,,,,,,,,,,,,,,,,,,,,,,,,,,,4584.708984375,491.4349365234375,570.7362670898438,575.607421875,0.0,6222.48779296875,1254.159423828125,1672.21337890625,,,,0.014919119887053967,0.0,,,,,,6222.48779296875,575.607421875,4584.708984375,491.4349365234375,570.7362670898438,0.0,0.0,0.0,0.0025676759,0.0025834837,0.0,0.000532711,1254.159423828125,1672.21337890625,0.0,0.0,0.0,0.0,0.0,0.0,17.0,0.0,0.0,0.75,0.75,0.0,0.0,99.0,1.0,99.0,999.0,0.0,1.0,0.0,999.0,0.0,0.0,0.0,0.0,999.0,0.0,0.0,0.0,0.0,0.0,0.0,0.0,0.0,1.0,7.0,1940.0,12.0,2021.0,9.0,2101.0,12.0,0.0,0.0,999.0,1.0,31.0,21.0,15.0,1.0,0.0,0.0,0.0,2,2,16,10,,,10,0.014919119887053967,,,,,,,,,,0.09569811075925827,0.020802617073059082,,,,99.0,,0.0,0.0,6222.48779296875,0.0,,,0.0,,6222.48779296875,,0.0,,0.0,,,,,-0.0,,0.0,,-0.1052466481924057,,-0.004243062809109688,,-0.020663080736994743,,0.020448965951800346,,,,,,,,,,,,,,,,,,,,,,,,
0.018423469737172127,,,,,,,,0.026892753317952156,0.004536881111562252,-0.072430819272995,-0.013513515703380108,-0.003803648054599762,,,,,,,,,,,,,,,,,,,,,,,,,,,,,4523.05810546875,484.8265686035156,563.0615234375,567.8671875,0.0,6138.8134765625,4604.10986328125,1672.21337890625,,,,0.014493881724774837,0.0,,,,,,6138.8134765625,567.8671875,4523.05810546875,484.8265686035156,563.0615234375,0.0,0.0,0.0,0.0025676759,0.0025834837,0.0,0.000532711,4604.10986328125,1672.21337890625,0.0,0.0,0.0,0.0,0.0,0.0,17.0,0.0,0.0,0.75,0.75,0.0,0.0,99.0,1.0,99.0,999.0,0.0,1.0,0.0,999.0,0.0,0.0,0.0,0.0,999.0,0.0,0.0,0.0,0.0,0.0,0.0,0.0,0.0,1.0,7.0,1940.0,12.0,2021.0,9.0,2101.0,12.0,0.0,0.0,999.0,1.0,31.0,21.0,15.0,1.0,0.0,0.0,0.0,2,2,16,11,,,11,0.014493881724774837,,,,,,,,,,0.09569495171308517,0.02080187387764454,,,,99.0,,0.0,0.0,6138.8134765625,0.0,,,0.0,,6138.8134765625,,0.0,,0.0,,,,,-0.0,,0.0,,-0.10224676877260208,,-0.004066691268235445,,-0.019804177805781364,,0.019598962739109993,,,,,,,,,,,,,,,,,,,,,,,,
