an_proj,scn_proj,RENDEMENT,TYPE
1,1,0.1611042702,INTERNE
1,2,0.1145990201,INTERNE
1,3,-0.285118914,INTERNE
1,4,-0.239223517,INTERNE
1,5,-0.240647698,INTERNE
1,6,-0.185755718,INTERNE
1,7,0.1101811133,INTERNE
1,8,-0.04355339,INTERNE
1,9,-0.154351154,INTERNE
1,10,-0.179828216,INTERNE
1,11,0.1265248601,INTERNE
1,12,0.1460039509,INTERNE
1,13,0.4056491794,INTERNE
1,14,0.0801742073,INTERNE
1,15,0.0657554275,INTERNE
1,16,0.3946474558,INTERNE
1,17,-0.262710249,INTERNE
1,18,0.2313939177,INTERNE
1,19,0.3320582136,INTERNE
1,20,0.0282609967,INTERNE
1,21,-0.089233551,INTERNE
1,22,0.0384659225,INTERNE
1,23,0.2001090438,INTERNE
1,24,-0.185615955,INTERNE
1,25,-0.088385956,INTERNE
1,26,0.2188495017,INTERNE
1,27,0.1251746241,INTERNE
1,28,-0.044271148,INTERNE
1,29,-0.152352367,INTERNE
1,30,-0.043906814,INTERNE
1,31,0.0088069766,INTERNE
1,32,0.1042278946,INTERNE
1,33,0.0851915227,INTERNE
1,34,-0.18221098,INTERNE
1,35,-0.053866767,INTERNE
1,36,0.3524138605,INTERNE
1,37,0.1833007317,INTERNE
1,38,0.0110465368,INTERNE
1,39,0.4194796896,INTERNE
1,40,-0.251811231,INTERNE
1,41,-0.250035364,INTERNE
1,42,-0.121275892,INTERNE
1,43,0.1635847143,INTERNE
1,44,0.8396890764,INTERNE
1,45,0.2426252608,INTERNE
1,46,-0.128023494,INTERNE
1,47,0.4203139196,INTERNE
1,48,0.1321772844,INTERNE
1,49,-0.039797374,INTERNE
1,50,-0.434642532,INTERNE
1,51,0.0581611895,INTERNE
1,52,-0.118501183,INTERNE
1,53,0.1540640754,INTERNE
1,54,-0.231685304,INTERNE
1,55,0.1322492435,INTERNE
1,56,0.1888173648,INTERNE
1,57,0.1244710583,INTERNE
1,58,-0.035037429,INTERNE
1,59,0.4768934634,INTERNE
1,60,0.355725985,INTERNE
1,61,-0.014919713,INTERNE
1,62,0.0113581448,INTERNE
1,63,-0.151978209,INTERNE
1,64,0.1090284359,INTERNE
1,65,-0.184095423,INTERNE
1,66,-0.195837074,INTERNE
1,67,0.2545917246,INTERNE
1,68,-0.142223216,INTERNE
1,69,0.0242587719,INTERNE
1,70,-0.372548505,INTERNE
1,71,0.2850431619,INTERNE
1,72,-0.387588409,INTERNE
1,73,-0.146267324,INTERNE
1,74,0.3383136317,INTERNE
1,75,-0.233143332,INTERNE
1,76,0.4864860827,INTERNE
1,77,-0.166228271,INTERNE
1,78,-0.08733226,INTERNE
1,79,0.0324430893,INTERNE
1,80,0.1694306385,INTERNE
1,81,-0.148972068,INTERNE
1,82,-0.013141346,INTERNE
1,83,-0.072856684,INTERNE
1,84,-0.341066544,INTERNE
1,85,0.9818081469,INTERNE
1,86,0.0780286141,INTERNE
1,87,-0.426776027,INTERNE
1,88,-0.003613357,INTERNE
1,89,-0.264147667,INTERNE
1,90,-0.133899088,INTERNE
1,91,-0.010613779,INTERNE
1,92,-0.072386447,INTERNE
1,93,0.1643086746,INTERNE
1,94,-0.338265607,INTERNE
1,95,0.0431920373,INTERNE
1,96,-0.027178279,INTERNE
1,97,0.2860201189,INTERNE
1,98,0.0152714966,INTERNE
1,99,-0.155791874,INTERNE
1,100,0.096623011,INTERNE
2,1,-0.091170555,INTERNE
2,2,0.6232676685,INTERNE
2,3,-0.111882319,INTERNE
2,4,0.0083812833,INTERNE
2,5,0.0095635648,INTERNE
2,6,-0.055875206,INTERNE
2,7,0.1588320741,INTERNE
2,8,0.4493180476,INTERNE
2,9,-0.182029541,INTERNE
2,10,-0.231500334,INTERNE
2,11,0.0117681053,INTERNE
2,12,-0.198756527,INTERNE
2,13,0.3483411143,INTERNE
2,14,-0.235312341,INTERNE
2,15,-0.193406405,INTERNE
2,16,0.0698618436,INTERNE
2,17,-0.088195443,INTERNE
2,18,-0.143863963,INTERNE
2,19,-0.068709601,INTERNE
2,20,0.5032513744,INTERNE
2,21,-0.100441551,INTERNE
2,22,0.294235766,INTERNE
2,23,-0.19767399,INTERNE
2,24,0.0318686912,INTERNE
2,25,-0.307972326,INTERNE
2,26,0.0332930268,INTERNE
2,27,0.3685729236,INTERNE
2,28,0.0253146804,INTERNE
2,29,-0.295581363,INTERNE
2,30,0.4882933819,INTERNE
2,31,0.1137176666,INTERNE
2,32,0.0910683959,INTERNE
2,33,-0.388540895,INTERNE
2,34,0.0892158988,INTERNE
2,35,0.1671247254,INTERNE
2,36,0.1624342054,INTERNE
2,37,0.0454483988,INTERNE
2,38,0.331824857,INTERNE
2,39,-0.142683798,INTERNE
2,40,-0.053581806,INTERNE
2,41,0.0937161765,INTERNE
2,42,0.2503459171,INTERNE
2,43,-0.111640331,INTERNE
2,44,-0.121429076,INTERNE
2,45,-0.494654558,INTERNE
2,46,-0.118328525,INTERNE
2,47,0.0618021561,INTERNE
2,48,0.3259828172,INTERNE
2,49,0.1740936714,INTERNE
2,50,-0.250700405,INTERNE
2,51,-0.143673957,INTERNE
2,52,0.3970789911,INTERNE
2,53,-0.362443295,INTERNE
2,54,0.1502364487,INTERNE
2,55,0.1307682497,INTERNE
2,56,0.2769707328,INTERNE
2,57,-0.163651615,INTERNE
2,58,-0.015494881,INTERNE
2,59,0.768262495,INTERNE
2,60,0.2994341125,INTERNE
2,61,-0.148525069,INTERNE
2,62,0.2139019466,INTERNE
2,63,-0.234274793,INTERNE
2,64,-0.322700545,INTERNE
2,65,-0.320489214,INTERNE
2,66,-0.195687629,INTERNE
2,67,0.0016917095,INTERNE
2,68,-0.208201334,INTERNE
2,69,-0.140620282,INTERNE
2,70,0.5965370282,INTERNE
2,71,-0.018001876,INTERNE
2,72,0.0544855656,INTERNE
2,73,0.6848005324,INTERNE
2,74,0.2124774573,INTERNE
2,75,-0.150018972,INTERNE
2,76,0.1277314573,INTERNE
2,77,0.1540200056,INTERNE
2,78,-0.234583278,INTERNE
2,79,0.0799564681,INTERNE
2,80,-0.164268097,INTERNE
2,81,-0.080911667,INTERNE
2,82,-0.108042549,INTERNE
2,83,0.2062599966,INTERNE
2,84,-0.148921139,INTERNE
2,85,-0.258903082,INTERNE
2,86,-0.103953583,INTERNE
2,87,-0.091273517,INTERNE
2,88,-0.117381365,INTERNE
2,89,-0.241028036,INTERNE
2,90,-0.313224689,INTERNE
2,91,0.0957687003,INTERNE
2,92,-0.052537556,INTERNE
2,93,0.5838901521,INTERNE
2,94,0.7378683012,INTERNE
2,95,0.0050260775,INTERNE
2,96,-0.295709023,INTERNE
2,97,-0.063091474,INTERNE
2,98,0.2432160573,INTERNE
2,99,-0.162102716,INTERNE
2,100,-0.062155358,INTERNE
3,1,-0.274724307,INTERNE
3,2,0.2988299362,INTERNE
3,3,0.0920924147,INTERNE
3,4,-0.040557839,INTERNE
3,5,-0.248796131,INTERNE
3,6,0.0829397197,INTERNE
3,7,-0.052352123,INTERNE
3,8,0.3376146598,INTERNE
3,9,-0.418141846,INTERNE
3,10,0.2335664772,INTERNE
3,11,-0.044563627,INTERNE
3,12,0.404543729,INTERNE
3,13,0.3944541657,INTERNE
3,14,-0.088562532,INTERNE
3,15,-0.147764505,INTERNE
3,16,-0.07261832,INTERNE
3,17,-0.043550344,INTERNE
3,18,0.6753877157,INTERNE
3,19,0.0452828195,INTERNE
3,20,-0.138236389,INTERNE
3,21,-0.004845215,INTERNE
3,22,0.3462114313,INTERNE
3,23,-0.161670314,INTERNE
3,24,0.4631484215,INTERNE
3,25,0.3395187114,INTERNE
3,26,-0.228922217,INTERNE
3,27,-0.239602265,INTERNE
3,28,0.3591491076,INTERNE
3,29,0.2380170649,INTERNE
3,30,0.389312748,INTERNE
3,31,0.0179802139,INTERNE
3,32,0.1422286486,INTERNE
3,33,-0.084878424,INTERNE
3,34,0.2765558661,INTERNE
3,35,-0.060095196,INTERNE
3,36,0.0269091079,INTERNE
3,37,0.061922991,INTERNE
3,38,-0.148140959,INTERNE
3,39,0.1996754871,INTERNE
3,40,-0.346832556,INTERNE
3,41,0.4251419867,INTERNE
3,42,0.2927009785,INTERNE
3,43,0.2099516686,INTERNE
3,44,0.0478854382,INTERNE
3,45,0.0146490988,INTERNE
3,46,-0.01607937,INTERNE
3,47,0.7533759872,INTERNE
3,48,0.2089674083,INTERNE
3,49,-0.095258337,INTERNE
3,50,0.2703209262,INTERNE
3,51,-0.021837374,INTERNE
3,52,0.1828174711,INTERNE
3,53,-0.318066996,INTERNE
3,54,-0.273973593,INTERNE
3,55,-0.29051014,INTERNE
3,56,-0.211604119,INTERNE
3,57,-0.177170855,INTERNE
3,58,0.1002686418,INTERNE
3,59,0.0647117497,INTERNE
3,60,-0.264389754,INTERNE
3,61,-0.155675757,INTERNE
3,62,-0.140507971,INTERNE
3,63,-0.031867664,INTERNE
3,64,0.1214327882,INTERNE
3,65,0.1873116984,INTERNE
3,66,0.0701977294,INTERNE
3,67,-0.106961065,INTERNE
3,68,0.4411614135,INTERNE
3,69,-0.054153785,INTERNE
3,70,-0.223429293,INTERNE
3,71,0.0984070776,INTERNE
3,72,0.3095108301,INTERNE
3,73,-0.089928879,INTERNE
3,74,-0.029549107,INTERNE
3,75,0.1778745585,INTERNE
3,76,0.7050954714,INTERNE
3,77,0.0379915338,INTERNE
3,78,-0.263653039,INTERNE
3,79,-0.196313649,INTERNE
3,80,-0.062532537,INTERNE
3,81,-0.187809948,INTERNE
3,82,-0.149666391,INTERNE
3,83,-0.413862611,INTERNE
3,84,-0.153405996,INTERNE
3,85,-0.018524412,INTERNE
3,86,-0.220784257,INTERNE
3,87,0.4830571531,INTERNE
3,88,0.4775203107,INTERNE
3,89,-0.232531501,INTERNE
3,90,0.0400547053,INTERNE
3,91,-0.066445804,INTERNE
3,92,0.0425517559,INTERNE
3,93,-0.213440164,INTERNE
3,94,-0.052675286,INTERNE
3,95,-0.143536095,INTERNE
3,96,-0.083834155,INTERNE
3,97,-0.081249855,INTERNE
3,98,-0.151463649,INTERNE
3,99,-0.006310759,INTERNE
3,100,-0.163991332,INTERNE
4,1,0.1353676014,INTERNE
4,2,-0.156221998,INTERNE
4,3,-0.174517497,INTERNE
4,4,0.290981273,INTERNE
4,5,-0.050340567,INTERNE
4,6,0.3305171346,INTERNE
4,7,0.1892510983,INTERNE
4,8,-0.137625906,INTERNE
4,9,0.0371063682,INTERNE
4,10,0.1242688594,INTERNE
4,11,0.8010330797,INTERNE
4,12,-0.334607064,INTERNE
4,13,0.1704034961,INTERNE
4,14,-0.098992609,INTERNE
4,15,0.2724032179,INTERNE
4,16,-0.068515466,INTERNE
4,17,-0.073884567,INTERNE
4,18,0.031403409,INTERNE
4,19,0.0422027393,INTERNE
4,20,-0.146679241,INTERNE
4,21,0.5583266279,INTERNE
4,22,0.247029633,INTERNE
4,23,-0.320744246,INTERNE
4,24,-0.045484048,INTERNE
4,25,0.0123465512,INTERNE
4,26,-0.309436133,INTERNE
4,27,0.2958949689,INTERNE
4,28,0.5277370354,INTERNE
4,29,0.0113343491,INTERNE
4,30,-0.24507622,INTERNE
4,31,0.5054905653,INTERNE
4,32,-0.138076115,INTERNE
4,33,0.0317135701,INTERNE
4,34,-0.045276555,INTERNE
4,35,0.1618862504,INTERNE
4,36,0.6528807305,INTERNE
4,37,-0.278427708,INTERNE
4,38,-0.168234427,INTERNE
4,39,0.4957136732,INTERNE
4,40,-0.113489126,INTERNE
4,41,0.3198941073,INTERNE
4,42,-0.344876296,INTERNE
4,43,0.1285819356,INTERNE
4,44,-0.09740415,INTERNE
4,45,-0.309999141,INTERNE
4,46,-0.265502727,INTERNE
4,47,0.107203287,INTERNE
4,48,-0.084321934,INTERNE
4,49,0.3215419575,INTERNE
4,50,-0.328594582,INTERNE
4,51,0.0859146886,INTERNE
4,52,-0.002982994,INTERNE
4,53,0.7421915894,INTERNE
4,54,0.1306006188,INTERNE
4,55,-0.049966313,INTERNE
4,56,0.1036596068,INTERNE
4,57,-0.131142469,INTERNE
4,58,-0.217810308,INTERNE
4,59,0.6450669875,INTERNE
4,60,0.0582861159,INTERNE
4,61,-0.388335481,INTERNE
4,62,0.1748228303,INTERNE
4,63,0.6178247011,INTERNE
4,64,0.2200382673,INTERNE
4,65,-0.17648632,INTERNE
4,66,0.6469031702,INTERNE
4,67,-0.25324698,INTERNE
4,68,1.1220470471,INTERNE
4,69,0.3861681008,INTERNE
4,70,-0.144053005,INTERNE
4,71,0.0822791408,INTERNE
4,72,-0.316675148,INTERNE
4,73,0.2349504038,INTERNE
4,74,0.3154178485,INTERNE
4,75,-0.151482843,INTERNE
4,76,-0.01107918,INTERNE
4,77,0.0428758682,INTERNE
4,78,-0.126091024,INTERNE
4,79,0.0578090503,INTERNE
4,80,-0.065873277,INTERNE
4,81,0.0822026689,INTERNE
4,82,-0.237149994,INTERNE
4,83,-0.04561043,INTERNE
4,84,0.3060592171,INTERNE
4,85,-0.452144779,INTERNE
4,86,-0.039077444,INTERNE
4,87,0.1027554568,INTERNE
4,88,-0.357306493,INTERNE
4,89,0.1194503389,INTERNE
4,90,0.1849416923,INTERNE
4,91,-0.167462592,INTERNE
4,92,-0.140617859,INTERNE
4,93,0.1939269702,INTERNE
4,94,0.3868784678,INTERNE
4,95,-0.518424129,INTERNE
4,96,0.4657533149,INTERNE
4,97,-0.001113591,INTERNE
4,98,0.0094279981,INTERNE
4,99,0.0450234883,INTERNE
4,100,-0.189626297,INTERNE
5,1,0.1953321736,INTERNE
5,2,0.1493208473,INTERNE
5,3,-0.124573662,INTERNE
5,4,-0.395032285,INTERNE
5,5,0.049988106,INTERNE
5,6,-0.228905291,INTERNE
5,7,-0.19325985,INTERNE
5,8,0.3802106592,INTERNE
5,9,-0.257156063,INTERNE
5,10,0.3037534492,INTERNE
5,11,0.0805407191,INTERNE
5,12,0.0603081075,INTERNE
5,13,0.4693370672,INTERNE
5,14,0.0384581303,INTERNE
5,15,-0.072129345,INTERNE
5,16,0.4218196862,INTERNE
5,17,0.150168443,INTERNE
5,18,0.1068939588,INTERNE
5,19,0.1846676879,INTERNE
5,20,0.1894103582,INTERNE
5,21,0.354990837,INTERNE
5,22,-0.246974195,INTERNE
5,23,-0.152765647,INTERNE
5,24,-0.132658481,INTERNE
5,25,0.3125983007,INTERNE
5,26,0.3341053425,INTERNE
5,27,0.230659202,INTERNE
5,28,0.4991981809,INTERNE
5,29,-0.23840762,INTERNE
5,30,0.0561338757,INTERNE
5,31,-0.144562631,INTERNE
5,32,-0.357711646,INTERNE
5,33,0.1168848868,INTERNE
5,34,0.0954582332,INTERNE
5,35,0.143297576,INTERNE
5,36,-0.126507718,INTERNE
5,37,0.1254041607,INTERNE
5,38,-0.17688861,INTERNE
5,39,0.2104598011,INTERNE
5,40,-0.212202238,INTERNE
5,41,0.5470184005,INTERNE
5,42,-0.09639994,INTERNE
5,43,0.2164293464,INTERNE
5,44,-0.201974164,INTERNE
5,45,0.026259358,INTERNE
5,46,-0.224005782,INTERNE
5,47,0.5212760459,INTERNE
5,48,0.2008096126,INTERNE
5,49,0.2916783872,INTERNE
5,50,0.1710600273,INTERNE
5,51,-0.052300196,INTERNE
5,52,0.2589154915,INTERNE
5,53,0.2050506884,INTERNE
5,54,-0.022471375,INTERNE
5,55,-0.007587215,INTERNE
5,56,-0.446948966,INTERNE
5,57,0.1900407279,INTERNE
5,58,-0.08824418,INTERNE
5,59,-0.150957911,INTERNE
5,60,-0.172298131,INTERNE
5,61,0.0949525712,INTERNE
5,62,-0.069438478,INTERNE
5,63,-0.106667121,INTERNE
5,64,-0.047862205,INTERNE
5,65,0.296675095,INTERNE
5,66,0.8777717537,INTERNE
5,67,-0.029329816,INTERNE
5,68,-0.013557069,INTERNE
5,69,0.1174333832,INTERNE
5,70,-0.116881829,INTERNE
5,71,0.150595441,INTERNE
5,72,0.6351204921,INTERNE
5,73,-0.065585055,INTERNE
5,74,-0.257173035,INTERNE
5,75,0.1234612435,INTERNE
5,76,-0.081681914,INTERNE
5,77,0.0323040873,INTERNE
5,78,-0.141698854,INTERNE
5,79,-0.309209271,INTERNE
5,80,0.3096799353,INTERNE
5,81,0.0310974431,INTERNE
5,82,-0.305445841,INTERNE
5,83,-0.143468381,INTERNE
5,84,-0.051774924,INTERNE
5,85,-0.18024761,INTERNE
5,86,0.4823212612,INTERNE
5,87,-0.231868921,INTERNE
5,88,-0.169878088,INTERNE
5,89,-0.081456222,INTERNE
5,90,0.0152551323,INTERNE
5,91,0.0487125617,INTERNE
5,92,-0.055696676,INTERNE
5,93,-0.094617604,INTERNE
5,94,0.178412371,INTERNE
5,95,-0.08010719,INTERNE
5,96,0.3444909417,INTERNE
5,97,-0.157933561,INTERNE
5,98,-0.311022467,INTERNE
5,99,-0.33719339,INTERNE
5,100,0.4075137009,INTERNE
6,1,0.6897984889,INTERNE
6,2,0.2304324787,INTERNE
6,3,-0.29200509,INTERNE
6,4,-0.053851229,INTERNE
6,5,-0.045370758,INTERNE
6,6,-0.216078899,INTERNE
6,7,0.1912399888,INTERNE
6,8,0.2893943086,INTERNE
6,9,0.2285715717,INTERNE
6,10,-0.063905691,INTERNE
6,11,-0.057474138,INTERNE
6,12,0.2135728512,INTERNE
6,13,0.0889538656,INTERNE
6,14,-0.28957584,INTERNE
6,15,0.648831323,INTERNE
6,16,0.4537248162,INTERNE
6,17,-0.445555549,INTERNE
6,18,0.2674385453,INTERNE
6,19,-0.115229798,INTERNE
6,20,0.3100534168,INTERNE
6,21,-0.27482231,INTERNE
6,22,0.0558303507,INTERNE
6,23,-0.155037501,INTERNE
6,24,0.242960372,INTERNE
6,25,0.001163162,INTERNE
6,26,-0.018459344,INTERNE
6,27,0.1742485221,INTERNE
6,28,-0.282443266,INTERNE
6,29,-0.358014408,INTERNE
6,30,-0.076424431,INTERNE
6,31,0.6417709515,INTERNE
6,32,0.0030889182,INTERNE
6,33,0.4295090533,INTERNE
6,34,0.0323468054,INTERNE
6,35,0.2216482631,INTERNE
6,36,-0.208197765,INTERNE
6,37,0.0835039333,INTERNE
6,38,-0.012519251,INTERNE
6,39,-0.138170536,INTERNE
6,40,0.0556349792,INTERNE
6,41,-0.423224656,INTERNE
6,42,-0.126929481,INTERNE
6,43,-0.140113135,INTERNE
6,44,-0.031853813,INTERNE
6,45,0.4254719388,INTERNE
6,46,-0.178537127,INTERNE
6,47,0.1110970122,INTERNE
6,48,-0.147046245,INTERNE
6,49,0.2273610242,INTERNE
6,50,0.4888199615,INTERNE
6,51,-0.075993331,INTERNE
6,52,0.0829825801,INTERNE
6,53,0.3693860722,INTERNE
6,54,-0.115296017,INTERNE
6,55,0.1332207632,INTERNE
6,56,0.6520296999,INTERNE
6,57,-0.137035987,INTERNE
6,58,-0.133550777,INTERNE
6,59,0.5997046006,INTERNE
6,60,-0.133510254,INTERNE
6,61,0.3620152769,INTERNE
6,62,-0.181714308,INTERNE
6,63,0.0016823965,INTERNE
6,64,-0.230094463,INTERNE
6,65,0.5838727454,INTERNE
6,66,0.921985554,INTERNE
6,67,0.0083737695,INTERNE
6,68,0.0073152704,INTERNE
6,69,-0.192002541,INTERNE
6,70,0.3056133116,INTERNE
6,71,-0.040400335,INTERNE
6,72,-0.211034346,INTERNE
6,73,-0.055143945,INTERNE
6,74,-0.091928335,INTERNE
6,75,-0.209272633,INTERNE
6,76,0.1858657053,INTERNE
6,77,0.0522818173,INTERNE
6,78,0.1844742066,INTERNE
6,79,0.3860608924,INTERNE
6,80,-0.014859474,INTERNE
6,81,0.0877521198,INTERNE
6,82,-0.071667651,INTERNE
6,83,-0.179085714,INTERNE
6,84,0.1004116112,INTERNE
6,85,-0.279226543,INTERNE
6,86,-0.093629025,INTERNE
6,87,-0.213237234,INTERNE
6,88,0.2081672937,INTERNE
6,89,-0.141136479,INTERNE
6,90,-0.172986833,INTERNE
6,91,-0.295688644,INTERNE
6,92,0.4661379903,INTERNE
6,93,0.0798474431,INTERNE
6,94,0.1524556174,INTERNE
6,95,0.3581306014,INTERNE
6,96,0.0026987499,INTERNE
6,97,0.3019502313,INTERNE
6,98,-0.229374844,INTERNE
6,99,0.1897081584,INTERNE
6,100,0.0390421302,INTERNE
7,1,0.2785643622,INTERNE
7,2,-0.251098411,INTERNE
7,3,-0.01031311,INTERNE
7,4,-0.149122899,INTERNE
7,5,0.4768049165,INTERNE
7,6,0.0460062164,INTERNE
7,7,-0.074457636,INTERNE
7,8,-0.191393668,INTERNE
7,9,0.044118848,INTERNE
7,10,0.1535885634,INTERNE
7,11,-0.16542286,INTERNE
7,12,0.6056765791,INTERNE
7,13,-0.366847952,INTERNE
7,14,-0.020923082,INTERNE
7,15,-0.067066286,INTERNE
7,16,0.2473233182,INTERNE
7,17,0.2207384231,INTERNE
7,18,0.4961848503,INTERNE
7,19,0.2808375602,INTERNE
7,20,-0.221164403,INTERNE
7,21,0.3176884882,INTERNE
7,22,0.088206143,INTERNE
7,23,-0.130769828,INTERNE
7,24,-0.220923174,INTERNE
7,25,0.1328218467,INTERNE
7,26,0.0995157531,INTERNE
7,27,0.3020378426,INTERNE
7,28,0.2163560427,INTERNE
7,29,0.6171585101,INTERNE
7,30,0.072654939,INTERNE
7,31,0.0074478987,INTERNE
7,32,0.1252652113,INTERNE
7,33,0.1522370679,INTERNE
7,34,-0.182463027,INTERNE
7,35,0.2479231786,INTERNE
7,36,0.1943042377,INTERNE
7,37,-0.477703024,INTERNE
7,38,0.1103132972,INTERNE
7,39,0.0564359087,INTERNE
7,40,0.3405509346,INTERNE
7,41,-0.150999928,INTERNE
7,42,0.172753217,INTERNE
7,43,-0.040986057,INTERNE
7,44,0.4286779866,INTERNE
7,45,-0.001615394,INTERNE
7,46,0.0973189411,INTERNE
7,47,0.1791588206,INTERNE
7,48,-0.153669388,INTERNE
7,49,0.0810814769,INTERNE
7,50,0.0279604972,INTERNE
7,51,-0.303738047,INTERNE
7,52,-0.404898432,INTERNE
7,53,-0.306234682,INTERNE
7,54,-0.232211628,INTERNE
7,55,0.0132763487,INTERNE
7,56,-0.028299783,INTERNE
7,57,-0.256597791,INTERNE
7,58,-0.03101503,INTERNE
7,59,-0.148273996,INTERNE
7,60,-0.05380688,INTERNE
7,61,0.4155051771,INTERNE
7,62,-0.367949325,INTERNE
7,63,-0.337166373,INTERNE
7,64,-0.006632857,INTERNE
7,65,0.1084297756,INTERNE
7,66,-0.055423636,INTERNE
7,67,0.2686876462,INTERNE
7,68,0.1607128153,INTERNE
7,69,-0.139901528,INTERNE
7,70,-0.023035016,INTERNE
7,71,-0.088861927,INTERNE
7,72,-0.175211063,INTERNE
7,73,-0.144500851,INTERNE
7,74,-0.056694117,INTERNE
7,75,-0.130280161,INTERNE
7,76,-0.280126593,INTERNE
7,77,0.2608405541,INTERNE
7,78,-0.066816886,INTERNE
7,79,-0.035666916,INTERNE
7,80,-0.250891736,INTERNE
7,81,0.034420726,INTERNE
7,82,-0.077911166,INTERNE
7,83,0.0162378363,INTERNE
7,84,-0.213208556,INTERNE
7,85,0.2954228841,INTERNE
7,86,0.3714353739,INTERNE
7,87,0.3273387825,INTERNE
7,88,0.3214218069,INTERNE
7,89,-0.204993443,INTERNE
7,90,0.2553741434,INTERNE
7,91,0.0878044337,INTERNE
7,92,-0.122778823,INTERNE
7,93,-0.165048399,INTERNE
7,94,0.065230202,INTERNE
7,95,0.3261002874,INTERNE
7,96,0.0206273524,INTERNE
7,97,0.4737958699,INTERNE
7,98,-0.11804454,INTERNE
7,99,0.0749223659,INTERNE
7,100,0.5299855263,INTERNE
8,1,0.5542303313,INTERNE
8,2,-0.125671241,INTERNE
8,3,0.4657704302,INTERNE
8,4,-0.238198625,INTERNE
8,5,0.1027290763,INTERNE
8,6,-0.022781378,INTERNE
8,7,-0.176057055,INTERNE
8,8,0.407428471,INTERNE
8,9,0.0769604874,INTERNE
8,10,0.0481003211,INTERNE
8,11,-0.135573196,INTERNE
8,12,0.782237826,INTERNE
8,13,0.0545194133,INTERNE
8,14,0.2390216919,INTERNE
8,15,0.4331207051,INTERNE
8,16,-0.165448789,INTERNE
8,17,-0.096221311,INTERNE
8,18,-0.245389038,INTERNE
8,19,0.1090575045,INTERNE
8,20,-0.043564382,INTERNE
8,21,-0.343126673,INTERNE
8,22,0.0067278042,INTERNE
8,23,0.2583711574,INTERNE
8,24,-0.312237416,INTERNE
8,25,-0.078460085,INTERNE
8,26,-0.269826824,INTERNE
8,27,0.3814965909,INTERNE
8,28,-0.041490789,INTERNE
8,29,0.285224734,INTERNE
8,30,0.2910800777,INTERNE
8,31,0.054536436,INTERNE
8,32,0.3539191188,INTERNE
8,33,-0.300914446,INTERNE
8,34,-0.146880147,INTERNE
8,35,0.0133753162,INTERNE
8,36,0.0009845015,INTERNE
8,37,-0.127948349,INTERNE
8,38,0.0643562836,INTERNE
8,39,0.0565498369,INTERNE
8,40,-0.193519697,INTERNE
8,41,0.1707088208,INTERNE
8,42,-0.143356193,INTERNE
8,43,-0.148180722,INTERNE
8,44,-0.253755763,INTERNE
8,45,0.4690377514,INTERNE
8,46,0.1204662336,INTERNE
8,47,-0.124448842,INTERNE
8,48,0.063840145,INTERNE
8,49,-0.001552649,INTERNE
8,50,0.2273339535,INTERNE
8,51,-0.345301864,INTERNE
8,52,-0.231957925,INTERNE
8,53,0.0414695208,INTERNE
8,54,0.6396684181,INTERNE
8,55,0.3177261364,INTERNE
8,56,0.1358312667,INTERNE
8,57,-0.032709101,INTERNE
8,58,-0.023336279,INTERNE
8,59,-0.2752564,INTERNE
8,60,-0.039223449,INTERNE
8,61,-0.210642901,INTERNE
8,62,-0.177787135,INTERNE
8,63,-0.065304422,INTERNE
8,64,-0.460775899,INTERNE
8,65,-0.172630564,INTERNE
8,66,-0.175242407,INTERNE
8,67,0.0947301215,INTERNE
8,68,0.2442370439,INTERNE
8,69,-0.232903853,INTERNE
8,70,0.3560047405,INTERNE
8,71,-0.126790293,INTERNE
8,72,-0.035160765,INTERNE
8,73,0.5477662452,INTERNE
8,74,-0.007461175,INTERNE
8,75,-0.12699366,INTERNE
8,76,-0.182990079,INTERNE
8,77,-0.072969704,INTERNE
8,78,-0.419390605,INTERNE
8,79,-0.146173783,INTERNE
8,80,-0.244573921,INTERNE
8,81,0.2446956582,INTERNE
8,82,0.4167926757,INTERNE
8,83,0.060456541,INTERNE
8,84,0.1859360483,INTERNE
8,85,0.1108093002,INTERNE
8,86,-0.261595274,INTERNE
8,87,-0.006197152,INTERNE
8,88,-0.067586386,INTERNE
8,89,-0.317783894,INTERNE
8,90,0.1850385665,INTERNE
8,91,0.2440214719,INTERNE
8,92,-0.114572974,INTERNE
8,93,-0.092925399,INTERNE
8,94,0.128693591,INTERNE
8,95,-0.140937362,INTERNE
8,96,-0.257485536,INTERNE
8,97,-0.099785441,INTERNE
8,98,-0.155920535,INTERNE
8,99,0.475476256,INTERNE
8,100,-0.120507636,INTERNE
9,1,0.9163458467,INTERNE
9,2,-0.05797162,INTERNE
9,3,0.4100468823,INTERNE
9,4,-0.00454232,INTERNE
9,5,0.1432950403,INTERNE
9,6,-0.033720848,INTERNE
9,7,0.0259293988,INTERNE
9,8,-0.307301148,INTERNE
9,9,0.0798941753,INTERNE
9,10,0.1426836386,INTERNE
9,11,-0.335105079,INTERNE
9,12,0.1267712237,INTERNE
9,13,-0.212342934,INTERNE
9,14,0.32356248,INTERNE
9,15,-0.004899299,INTERNE
9,16,-0.185673126,INTERNE
9,17,0.3859413926,INTERNE
9,18,0.092906204,INTERNE
9,19,0.282809776,INTERNE
9,20,-0.036446207,INTERNE
9,21,0.5201613062,INTERNE
9,22,0.1547413556,INTERNE
9,23,-0.36635945,INTERNE
9,24,-0.036197456,INTERNE
9,25,0.033027349,INTERNE
9,26,0.1393719246,INTERNE
9,27,-0.045661151,INTERNE
9,28,0.0479103135,INTERNE
9,29,0.1665626958,INTERNE
9,30,-0.083708392,INTERNE
9,31,0.3452711823,INTERNE
9,32,0.0076064621,INTERNE
9,33,0.1082358693,INTERNE
9,34,-0.062014605,INTERNE
9,35,-0.310862046,INTERNE
9,36,0.1667146248,INTERNE
9,37,0.087520316,INTERNE
9,38,0.3369982285,INTERNE
9,39,0.4030798915,INTERNE
9,40,-0.071433678,INTERNE
9,41,0.1990807117,INTERNE
9,42,-0.027723263,INTERNE
9,43,-0.147919488,INTERNE
9,44,0.2416197517,INTERNE
9,45,-0.226679298,INTERNE
9,46,-0.109129901,INTERNE
9,47,-0.182698732,INTERNE
9,48,-0.06633356,INTERNE
9,49,-0.022234442,INTERNE
9,50,0.2038338082,INTERNE
9,51,-0.419787248,INTERNE
9,52,0.1468607831,INTERNE
9,53,0.0052840131,INTERNE
9,54,0.2505169052,INTERNE
9,55,0.5109462748,INTERNE
9,56,-0.114323791,INTERNE
9,57,0.4194243071,INTERNE
9,58,-0.312425361,INTERNE
9,59,-0.34606918,INTERNE
9,60,-0.256202096,INTERNE
9,61,0.0975558386,INTERNE
9,62,-0.39892966,INTERNE
9,63,0.6554018938,INTERNE
9,64,0.006752301,INTERNE
9,65,0.0103478549,INTERNE
9,66,-0.298263743,INTERNE
9,67,-0.01153588,INTERNE
9,68,0.1826896585,INTERNE
9,69,-0.107104242,INTERNE
9,70,-0.125260521,INTERNE
9,71,0.337809845,INTERNE
9,72,-0.395495636,INTERNE
9,73,-0.338722128,INTERNE
9,74,0.3531113489,INTERNE
9,75,-0.424593017,INTERNE
9,76,0.305067988,INTERNE
9,77,0.169885762,INTERNE
9,78,0.0389218989,INTERNE
9,79,-0.009633354,INTERNE
9,80,0.0459401421,INTERNE
9,81,0.2155415132,INTERNE
9,82,0.3790191118,INTERNE
9,83,-0.061441524,INTERNE
9,84,0.1556905237,INTERNE
9,85,-0.188324324,INTERNE
9,86,0.0454492299,INTERNE
9,87,-0.107001471,INTERNE
9,88,0.0951204801,INTERNE
9,89,0.1429080529,INTERNE
9,90,0.2149889848,INTERNE
9,91,0.2897667992,INTERNE
9,92,0.0027264158,INTERNE
9,93,0.0207596097,INTERNE
9,94,0.3116675277,INTERNE
9,95,-0.310124697,INTERNE
9,96,-0.088474661,INTERNE
9,97,0.2234027994,INTERNE
9,98,0.3591032576,INTERNE
9,99,0.391704367,INTERNE
9,100,-0.061440198,INTERNE
10,1,-0.004010791,INTERNE
10,2,0.1148154557,INTERNE
10,3,0.3039092936,INTERNE
10,4,0.0673361029,INTERNE
10,5,1.189921779,INTERNE
10,6,-0.244309735,INTERNE
10,7,-0.120820338,INTERNE
10,8,0.0843471494,INTERNE
10,9,-0.341259492,INTERNE
10,10,-0.375024776,INTERNE
10,11,-0.129481964,INTERNE
10,12,0.3039203877,INTERNE
10,13,-0.033082363,INTERNE
10,14,0.1535110937,INTERNE
10,15,-0.148454396,INTERNE
10,16,0.5608858653,INTERNE
10,17,0.091757326,INTERNE
10,18,0.3418251547,INTERNE
10,19,-0.048181236,INTERNE
10,20,0.3928858848,INTERNE
10,21,-0.383247411,INTERNE
10,22,0.1376390188,INTERNE
10,23,0.0279078784,INTERNE
10,24,0.2311536687,INTERNE
10,25,0.1072534681,INTERNE
10,26,0.0830391795,INTERNE
10,27,-0.250816603,INTERNE
10,28,-0.108510286,INTERNE
10,29,0.3786398665,INTERNE
10,30,0.1872623782,INTERNE
10,31,0.5398259643,INTERNE
10,32,-0.002744529,INTERNE
10,33,0.1968305297,INTERNE
10,34,-0.027473577,INTERNE
10,35,-0.179250888,INTERNE
10,36,0.4064085641,INTERNE
10,37,0.0682000267,INTERNE
10,38,0.1508400714,INTERNE
10,39,0.0678563711,INTERNE
10,40,0.2354045838,INTERNE
10,41,-0.103666025,INTERNE
10,42,0.1570387516,INTERNE
10,43,-0.27712637,INTERNE
10,44,-0.217964344,INTERNE
10,45,-0.233072748,INTERNE
10,46,-0.231341172,INTERNE
10,47,-0.134489431,INTERNE
10,48,0.004081035,INTERNE
10,49,0.1717947746,INTERNE
10,50,-0.123051768,INTERNE
10,51,-0.041209582,INTERNE
10,52,0.2128727124,INTERNE
10,53,-0.177769216,INTERNE
10,54,0.2743990807,INTERNE
10,55,0.5461647182,INTERNE
10,56,0.3655896007,INTERNE
10,57,0.005166417,INTERNE
10,58,-0.445973888,INTERNE
10,59,0.3015929366,INTERNE
10,60,0.2790283226,INTERNE
10,61,0.096482528,INTERNE
10,62,0.3868220739,INTERNE
10,63,-0.190028789,INTERNE
10,64,0.1671865258,INTERNE
10,65,0.4993181967,INTERNE
10,66,-0.058111909,INTERNE
10,67,-0.016000676,INTERNE
10,68,0.2409639239,INTERNE
10,69,0.3510601823,INTERNE
10,70,0.6475942777,INTERNE
10,71,0.5282822179,INTERNE
10,72,0.2164957399,INTERNE
10,73,0.1111806123,INTERNE
10,74,-0.056647287,INTERNE
10,75,0.2659190123,INTERNE
10,76,-0.34351705,INTERNE
10,77,0.2386884562,INTERNE
10,78,0.1334537401,INTERNE
10,79,-0.111171081,INTERNE
10,80,0.1857239635,INTERNE
10,81,0.6633537617,INTERNE
10,82,0.0745679741,INTERNE
10,83,-0.552654684,INTERNE
10,84,0.2290844833,INTERNE
10,85,0.1141759768,INTERNE
10,86,0.0517684015,INTERNE
10,87,0.4058668961,INTERNE
10,88,-0.088249798,INTERNE
10,89,0.1069750381,INTERNE
10,90,-0.151438617,INTERNE
10,91,-0.129919648,INTERNE
10,92,0.6454347072,INTERNE
10,93,0.3533305506,INTERNE
10,94,-0.083804161,INTERNE
10,95,-0.164352432,INTERNE
10,96,0.3755657445,INTERNE
10,97,0.2264521102,INTERNE
10,98,-0.070532263,INTERNE
10,99,-0.156592196,INTERNE
10,100,0.0383953529,INTERNE
11,1,0.4239135887,INTERNE
11,2,-0.220005603,INTERNE
11,3,-0.037872912,INTERNE
11,4,-0.218243003,INTERNE
11,5,-0.137125162,INTERNE
11,6,0.3187679776,INTERNE
11,7,0.152110682,INTERNE
11,8,-0.414053956,INTERNE
11,9,0.003906322,INTERNE
11,10,0.1178287585,INTERNE
11,11,0.1917988632,INTERNE
11,12,-0.006574339,INTERNE
11,13,-0.079691659,INTERNE
11,14,0.3223365549,INTERNE
11,15,-0.281810871,INTERNE
11,16,-0.015541824,INTERNE
11,17,0.0889474978,INTERNE
11,18,-0.340970915,INTERNE
11,19,0.0246158265,INTERNE
11,20,-0.042834554,INTERNE
11,21,0.1923360003,INTERNE
11,22,0.0829561943,INTERNE
11,23,-0.014191152,INTERNE
11,24,0.0463410186,INTERNE
11,25,0.0200590372,INTERNE
11,26,-0.159717849,INTERNE
11,27,0.5641093044,INTERNE
11,28,-0.277200878,INTERNE
11,29,0.0478527078,INTERNE
11,30,-0.194213205,INTERNE
11,31,0.4232796178,INTERNE
11,32,-0.218895255,INTERNE
11,33,0.416534109,INTERNE
11,34,-0.138507451,INTERNE
11,35,0.1684571008,INTERNE
11,36,0.2345695157,INTERNE
11,37,-0.000488731,INTERNE
11,38,-0.296168163,INTERNE
11,39,-0.195124846,INTERNE
11,40,-0.02300132,INTERNE
11,41,-0.102435807,INTERNE
11,42,-0.015937384,INTERNE
11,43,0.4977949406,INTERNE
11,44,-0.060715257,INTERNE
11,45,0.0245033692,INTERNE
11,46,-0.060481326,INTERNE
11,47,-0.201267326,INTERNE
11,48,-0.000013079,INTERNE
11,49,-0.122190006,INTERNE
11,50,-0.118061295,INTERNE
11,51,-0.081043464,INTERNE
11,52,0.5086360255,INTERNE
11,53,-0.161101034,INTERNE
11,54,-0.13224541,INTERNE
11,55,-0.018526554,INTERNE
11,56,0.1107741996,INTERNE
11,57,0.0667512943,INTERNE
11,58,0.2768067046,INTERNE
11,59,-0.232702726,INTERNE
11,60,-0.159457721,INTERNE
11,61,-0.126656422,INTERNE
11,62,-0.110031015,INTERNE
11,63,-0.055417239,INTERNE
11,64,0.229570001,INTERNE
11,65,-0.286366856,INTERNE
11,66,-0.187873272,INTERNE
11,67,-0.357771565,INTERNE
11,68,-0.418884195,INTERNE
11,69,-0.06845764,INTERNE
11,70,0.3224755135,INTERNE
11,71,0.195378437,INTERNE
11,72,-0.008675672,INTERNE
11,73,-0.138857729,INTERNE
11,74,-0.254918734,INTERNE
11,75,-0.462258328,INTERNE
11,76,-0.158450139,INTERNE
11,77,0.1048522165,INTERNE
11,78,-0.035943087,INTERNE
11,79,-0.201207031,INTERNE
11,80,0.0636321156,INTERNE
11,81,0.8754024261,INTERNE
11,82,-0.139284492,INTERNE
11,83,-0.34215184,INTERNE
11,84,0.0278968878,INTERNE
11,85,0.6310232573,INTERNE
11,86,0.2985819958,INTERNE
11,87,-0.13373126,INTERNE
11,88,0.1385364294,INTERNE
11,89,-0.183979232,INTERNE
11,90,-0.162320121,INTERNE
11,91,0.014829012,INTERNE
11,92,0.2451084082,INTERNE
11,93,-0.204186933,INTERNE
11,94,0.3035247817,INTERNE
11,95,0.7646807367,INTERNE
11,96,0.2914588569,INTERNE
11,97,-0.244017533,INTERNE
11,98,-0.206212605,INTERNE
11,99,0.3412549056,INTERNE
11,100,0.2401709603,INTERNE
12,1,-0.230495074,INTERNE
12,2,0.0383041337,INTERNE
12,3,0.1340781156,INTERNE
12,4,0.019559358,INTERNE
12,5,0.0139222892,INTERNE
12,6,-0.231865983,INTERNE
12,7,0.2514652675,INTERNE
12,8,0.3910025712,INTERNE
12,9,0.0228287429,INTERNE
12,10,-0.115520935,INTERNE
12,11,0.1256908669,INTERNE
12,12,0.4045015039,INTERNE
12,13,-0.011424755,INTERNE
12,14,-0.08964382,INTERNE
12,15,0.0223869604,INTERNE
12,16,0.0052738386,INTERNE
12,17,-0.262418512,INTERNE
12,18,0.4375551806,INTERNE
12,19,0.0488025944,INTERNE
12,20,-0.235162601,INTERNE
12,21,-0.153361429,INTERNE
12,22,-0.183787485,INTERNE
12,23,-0.226751052,INTERNE
12,24,0.2151527759,INTERNE
12,25,-0.162097032,INTERNE
12,26,0.1944867226,INTERNE
12,27,0.0071371088,INTERNE
12,28,-0.311899132,INTERNE
12,29,-0.083762243,INTERNE
12,30,0.1022815845,INTERNE
12,31,-0.387759995,INTERNE
12,32,-0.108389417,INTERNE
12,33,-0.268218528,INTERNE
12,34,-0.240893395,INTERNE
12,35,0.0874484384,INTERNE
12,36,-0.447251552,INTERNE
12,37,-0.109369388,INTERNE
12,38,0.0634694933,INTERNE
12,39,-0.195297454,INTERNE
12,40,-0.20732455,INTERNE
12,41,-0.20097628,INTERNE
12,42,0.2726662476,INTERNE
12,43,0.2735351784,INTERNE
12,44,0.0239963198,INTERNE
12,45,0.4865276996,INTERNE
12,46,0.5122697861,INTERNE
12,47,0.3375176686,INTERNE
12,48,-0.274464675,INTERNE
12,49,-0.022436449,INTERNE
12,50,0.1185236267,INTERNE
12,51,0.0291325699,INTERNE
12,52,-0.263520435,INTERNE
12,53,0.353428459,INTERNE
12,54,0.2290133304,INTERNE
12,55,0.5308843349,INTERNE
12,56,-0.13809193,INTERNE
12,57,-0.075848393,INTERNE
12,58,-0.057785524,INTERNE
12,59,-0.017946667,INTERNE
12,60,0.3608712795,INTERNE
12,61,0.0906336986,INTERNE
12,62,0.0272760186,INTERNE
12,63,0.345285879,INTERNE
12,64,0.1087639789,INTERNE
12,65,0.1039324807,INTERNE
12,66,0.3778762306,INTERNE
12,67,0.0776253957,INTERNE
12,68,0.0786215771,INTERNE
12,69,0.1867636325,INTERNE
12,70,1.1408482708,INTERNE
12,71,-0.261632566,INTERNE
12,72,-0.394279045,INTERNE
12,73,-0.234616585,INTERNE
12,74,0.0788120404,INTERNE
12,75,0.1247468033,INTERNE
12,76,0.0844651331,INTERNE
12,77,-0.074783673,INTERNE
12,78,0.1952027938,INTERNE
12,79,-0.167333948,INTERNE
12,80,0.1865128766,INTERNE
12,81,0.2876275068,INTERNE
12,82,0.2179271776,INTERNE
12,83,-0.235688992,INTERNE
12,84,-0.199411508,INTERNE
12,85,-0.227413492,INTERNE
12,86,0.548734437,INTERNE
12,87,-0.422492455,INTERNE
12,88,0.0983125469,INTERNE
12,89,-0.023321441,INTERNE
12,90,0.0235898676,INTERNE
12,91,-0.017091796,INTERNE
12,92,-0.088273947,INTERNE
12,93,-0.053456247,INTERNE
12,94,-0.302089717,INTERNE
12,95,0.058163691,INTERNE
12,96,-0.209630089,INTERNE
12,97,-0.074674293,INTERNE
12,98,0.1251398179,INTERNE
12,99,0.2600844693,INTERNE
12,100,0.1039326301,INTERNE
13,1,-0.172511183,INTERNE
13,2,0.6547367961,INTERNE
13,3,0.0525528223,INTERNE
13,4,-0.150052472,INTERNE
13,5,-0.231199314,INTERNE
13,6,0.0870419386,INTERNE
13,7,0.4387254245,INTERNE
13,8,-0.395984437,INTERNE
13,9,0.3498176346,INTERNE
13,10,-0.24748941,INTERNE
13,11,-0.24825615,INTERNE
13,12,0.1420270805,INTERNE
13,13,-0.252809629,INTERNE
13,14,-0.012181677,INTERNE
13,15,-0.01413601,INTERNE
13,16,0.4495077502,INTERNE
13,17,-0.449061626,INTERNE
13,18,0.1057528923,INTERNE
13,19,0.0840186198,INTERNE
13,20,-0.139250964,INTERNE
13,21,0.015917189,INTERNE
13,22,-0.386538107,INTERNE
13,23,-0.019856867,INTERNE
13,24,-0.070611039,INTERNE
13,25,-0.070817769,INTERNE
13,26,-0.191454882,INTERNE
13,27,0.3691675102,INTERNE
13,28,-0.072291879,INTERNE
13,29,0.2198514682,INTERNE
13,30,-0.063154873,INTERNE
13,31,-0.035687541,INTERNE
13,32,-0.15940337,INTERNE
13,33,0.5354832715,INTERNE
13,34,-0.093578986,INTERNE
13,35,0.0234214139,INTERNE
13,36,-0.060847816,INTERNE
13,37,0.2856992818,INTERNE
13,38,0.1167183757,INTERNE
13,39,-0.174812285,INTERNE
13,40,0.0222064966,INTERNE
13,41,0.2793456218,INTERNE
13,42,-0.355177912,INTERNE
13,43,-0.160285078,INTERNE
13,44,-0.060501885,INTERNE
13,45,0.1054350663,INTERNE
13,46,0.0742781096,INTERNE
13,47,0.1732919871,INTERNE
13,48,0.295020172,INTERNE
13,49,0.5046970791,INTERNE
13,50,0.1966720659,INTERNE
13,51,0.2693493072,INTERNE
13,52,-0.359344918,INTERNE
13,53,0.3503163108,INTERNE
13,54,0.1101853968,INTERNE
13,55,0.3210086588,INTERNE
13,56,-0.183115842,INTERNE
13,57,0.0127696832,INTERNE
13,58,1.2876872742,INTERNE
13,59,0.1190905706,INTERNE
13,60,-0.117245912,INTERNE
13,61,0.1587383629,INTERNE
13,62,-0.388096751,INTERNE
13,63,0.4757111378,INTERNE
13,64,-0.058895732,INTERNE
13,65,-0.031879664,INTERNE
13,66,0.0997328186,INTERNE
13,67,-0.108703715,INTERNE
13,68,-0.229480368,INTERNE
13,69,-0.333487144,INTERNE
13,70,0.0857668648,INTERNE
13,71,-0.035216558,INTERNE
13,72,0.315308276,INTERNE
13,73,-0.086466851,INTERNE
13,74,-0.216545092,INTERNE
13,75,0.4156787075,INTERNE
13,76,0.0495737923,INTERNE
13,77,-0.252181577,INTERNE
13,78,-0.3391821,INTERNE
13,79,0.0388324785,INTERNE
13,80,0.4412791822,INTERNE
13,81,-0.168407015,INTERNE
13,82,0.1258699247,INTERNE
13,83,-0.035023149,INTERNE
13,84,-0.092908637,INTERNE
13,85,0.5422402709,INTERNE
13,86,0.3568395838,INTERNE
13,87,-0.155049997,INTERNE
13,88,-0.127260254,INTERNE
13,89,0.3335012887,INTERNE
13,90,-0.262526626,INTERNE
13,91,-0.269047462,INTERNE
13,92,-0.203130225,INTERNE
13,93,0.2994725431,INTERNE
13,94,0.0612512872,INTERNE
13,95,-0.200399974,INTERNE
13,96,0.1910101006,INTERNE
13,97,-0.167251679,INTERNE
13,98,-0.312008299,INTERNE
13,99,0.0160776179,INTERNE
13,100,0.1076510292,INTERNE
14,1,0.0661267517,INTERNE
14,2,0.2843715548,INTERNE
14,3,0.9351026474,INTERNE
14,4,-0.012874857,INTERNE
14,5,-0.077363829,INTERNE
14,6,0.3682036313,INTERNE
14,7,-0.379856502,INTERNE
14,8,0.3613043181,INTERNE
14,9,-0.433813639,INTERNE
14,10,0.0468615085,INTERNE
14,11,-0.131295839,INTERNE
14,12,-0.01242202,INTERNE
14,13,-0.173787887,INTERNE
14,14,-0.003131776,INTERNE
14,15,0.259145306,INTERNE
14,16,-0.140537652,INTERNE
14,17,-0.031398548,INTERNE
14,18,0.226692839,INTERNE
14,19,0.3192703578,INTERNE
14,20,0.1400281282,INTERNE
14,21,0.2314820609,INTERNE
14,22,0.0822795463,INTERNE
14,23,-0.368046583,INTERNE
14,24,0.0321307776,INTERNE
14,25,0.128108074,INTERNE
14,26,-0.170676986,INTERNE
14,27,-0.012393135,INTERNE
14,28,-0.259824559,INTERNE
14,29,0.9047675997,INTERNE
14,30,-0.182425703,INTERNE
14,31,0.1196920093,INTERNE
14,32,-0.011872576,INTERNE
14,33,0.4822355432,INTERNE
14,34,-0.004084645,INTERNE
14,35,-0.147936777,INTERNE
14,36,0.5923805332,INTERNE
14,37,0.0847026748,INTERNE
14,38,-0.457083073,INTERNE
14,39,0.1935859686,INTERNE
14,40,0.6994142406,INTERNE
14,41,0.2594833322,INTERNE
14,42,-0.340906931,INTERNE
14,43,-0.168877013,INTERNE
14,44,0.0706216884,INTERNE
14,45,-0.090550374,INTERNE
14,46,-0.202581624,INTERNE
14,47,-0.334584453,INTERNE
14,48,0.2281129958,INTERNE
14,49,-0.085539037,INTERNE
14,50,-0.069197645,INTERNE
14,51,0.7960126263,INTERNE
14,52,-0.405919351,INTERNE
14,53,0.0672953922,INTERNE
14,54,0.335192949,INTERNE
14,55,0.3100031341,INTERNE
14,56,-0.337575992,INTERNE
14,57,-0.002070519,INTERNE
14,58,0.0976712708,INTERNE
14,59,-0.329363268,INTERNE
14,60,0.1157198332,INTERNE
14,61,0.027076201,INTERNE
14,62,-0.220546901,INTERNE
14,63,-0.392322505,INTERNE
14,64,0.2495189575,INTERNE
14,65,-0.103239344,INTERNE
14,66,0.099135559,INTERNE
14,67,0.0466594203,INTERNE
14,68,-0.015084457,INTERNE
14,69,-0.267029531,INTERNE
14,70,-0.102511667,INTERNE
14,71,-0.081092501,INTERNE
14,72,0.3152123958,INTERNE
14,73,-0.104011428,INTERNE
14,74,-0.113356611,INTERNE
14,75,0.1516701815,INTERNE
14,76,-0.042190767,INTERNE
14,77,0.1586527516,INTERNE
14,78,-0.146238181,INTERNE
14,79,0.5065398984,INTERNE
14,80,0.0511015442,INTERNE
14,81,0.369531244,INTERNE
14,82,-0.034854513,INTERNE
14,83,-0.203715375,INTERNE
14,84,0.0806853867,INTERNE
14,85,0.6179176273,INTERNE
14,86,-0.233192586,INTERNE
14,87,0.5323876596,INTERNE
14,88,0.4202850399,INTERNE
14,89,0.0959673599,INTERNE
14,90,0.2232155881,INTERNE
14,91,-0.200143056,INTERNE
14,92,0.4322901298,INTERNE
14,93,0.3885261968,INTERNE
14,94,-0.10437122,INTERNE
14,95,0.1785785965,INTERNE
14,96,-0.121300583,INTERNE
14,97,-0.331493795,INTERNE
14,98,0.1529463793,INTERNE
14,99,-0.087691069,INTERNE
14,100,-0.11629996,INTERNE
15,1,0.0244727076,INTERNE
15,2,-0.001014629,INTERNE
15,3,-0.289469891,INTERNE
15,4,-0.507721336,INTERNE
15,5,-0.262044429,INTERNE
15,6,0.2734123525,INTERNE
15,7,-0.161171055,INTERNE
15,8,0.57579281,INTERNE
15,9,-0.105962867,INTERNE
15,10,0.0956307457,INTERNE
15,11,0.3915948686,INTERNE
15,12,0.1366378174,INTERNE
15,13,-0.031485646,INTERNE
15,14,0.3365485296,INTERNE
15,15,-0.158823139,INTERNE
15,16,0.2690513209,INTERNE
15,17,0.1615191354,INTERNE
15,18,-0.152527924,INTERNE
15,19,-0.113504719,INTERNE
15,20,-0.21735236,INTERNE
15,21,-0.336221563,INTERNE
15,22,-0.225708605,INTERNE
15,23,-0.15954237,INTERNE
15,24,0.4901156847,INTERNE
15,25,0.1272104797,INTERNE
15,26,-0.21006371,INTERNE
15,27,0.2477726263,INTERNE
15,28,-0.053457353,INTERNE
15,29,0.2980738403,INTERNE
15,30,0.0564636628,INTERNE
15,31,-0.251314466,INTERNE
15,32,0.0876082899,INTERNE
15,33,0.0332994778,INTERNE
15,34,0.0342802797,INTERNE
15,35,-0.301071038,INTERNE
15,36,-0.087506831,INTERNE
15,37,0.5514796749,INTERNE
15,38,-0.172612396,INTERNE
15,39,-0.200749744,INTERNE
15,40,-0.010220422,INTERNE
15,41,0.1017529546,INTERNE
15,42,0.0257238087,INTERNE
15,43,-0.158138038,INTERNE
15,44,-0.162592501,INTERNE
15,45,0.1128089398,INTERNE
15,46,0.0219318317,INTERNE
15,47,0.1861740933,INTERNE
15,48,0.2815716167,INTERNE
15,49,0.198854556,INTERNE
15,50,0.2325210336,INTERNE
15,51,0.4558160964,INTERNE
15,52,0.4182701311,INTERNE
15,53,-0.230522967,INTERNE
15,54,0.2547397915,INTERNE
15,55,0.0531924837,INTERNE
15,56,0.3395992944,INTERNE
15,57,-0.324525818,INTERNE
15,58,0.0341750655,INTERNE
15,59,0.2361869014,INTERNE
15,60,0.4402142427,INTERNE
15,61,0.0422358512,INTERNE
15,62,0.3528170916,INTERNE
15,63,-0.283757212,INTERNE
15,64,0.3974439156,INTERNE
15,65,0.1238862638,INTERNE
15,66,-0.052055525,INTERNE
15,67,-0.188618659,INTERNE
15,68,0.015108406,INTERNE
15,69,0.0744725543,INTERNE
15,70,0.5576670768,INTERNE
15,71,-0.265008283,INTERNE
15,72,-0.289597509,INTERNE
15,73,0.5778149901,INTERNE
15,74,-0.045475245,INTERNE
15,75,-0.134686565,INTERNE
15,76,0.669283243,INTERNE
15,77,0.1910680151,INTERNE
15,78,0.1238952369,INTERNE
15,79,-0.026027737,INTERNE
15,80,0.1611396434,INTERNE
15,81,-0.142223623,INTERNE
15,82,0.054382269,INTERNE
15,83,-0.095136552,INTERNE
15,84,0.0450517732,INTERNE
15,85,-0.138354764,INTERNE
15,86,0.0563948,INTERNE
15,87,0.5096554995,INTERNE
15,88,-0.023832367,INTERNE
15,89,0.0588343239,INTERNE
15,90,0.231592894,INTERNE
15,91,0.2762633521,INTERNE
15,92,0.0299242068,INTERNE
15,93,-0.079678602,INTERNE
15,94,-0.157137622,INTERNE
15,95,0.2624532633,INTERNE
15,96,0.0188954927,INTERNE
15,97,-0.237374309,INTERNE
15,98,0.2186203011,INTERNE
15,99,-0.113849782,INTERNE
15,100,-0.220554968,INTERNE
16,1,-0.371540905,INTERNE
16,2,-0.020467489,INTERNE
16,3,-0.182475382,INTERNE
16,4,0.0686238431,INTERNE
16,5,0.2321093485,INTERNE
16,6,0.1219020242,INTERNE
16,7,-0.185773667,INTERNE
16,8,-0.026603638,INTERNE
16,9,-0.175353312,INTERNE
16,10,0.1299167497,INTERNE
16,11,1.0247043217,INTERNE
16,12,0.2238110378,INTERNE
16,13,0.4363032996,INTERNE
16,14,0.5730080606,INTERNE
16,15,0.2324452985,INTERNE
16,16,0.3812617868,INTERNE
16,17,0.0195428686,INTERNE
16,18,0.0948146588,INTERNE
16,19,-0.24650786,INTERNE
16,20,-0.236382721,INTERNE
16,21,-0.185318059,INTERNE
16,22,0.0223472283,INTERNE
16,23,-0.159544846,INTERNE
16,24,-0.089077806,INTERNE
16,25,-0.270705981,INTERNE
16,26,0.3032220715,INTERNE
16,27,-0.086326395,INTERNE
16,28,0.0218803032,INTERNE
16,29,-0.19691903,INTERNE
16,30,0.0310648548,INTERNE
16,31,-0.104620404,INTERNE
16,32,0.1328912917,INTERNE
16,33,0.3952522445,INTERNE
16,34,0.0048134941,INTERNE
16,35,0.4373223326,INTERNE
16,36,-0.124697606,INTERNE
16,37,-0.102503975,INTERNE
16,38,0.6174814789,INTERNE
16,39,0.1031278467,INTERNE
16,40,-0.085877421,INTERNE
16,41,0.0170180991,INTERNE
16,42,-0.023336174,INTERNE
16,43,-0.238340252,INTERNE
16,44,0.125618254,INTERNE
16,45,0.1229885534,INTERNE
16,46,0.7525472192,INTERNE
16,47,-0.191500475,INTERNE
16,48,-0.382929272,INTERNE
16,49,-0.150294411,INTERNE
16,50,0.0778279001,INTERNE
16,51,0.3041758107,INTERNE
16,52,0.2213270441,INTERNE
16,53,0.0299931332,INTERNE
16,54,-0.327321487,INTERNE
16,55,0.1752311992,INTERNE
16,56,0.5242573516,INTERNE
16,57,-0.224904386,INTERNE
16,58,-0.340262704,INTERNE
16,59,0.2363213237,INTERNE
16,60,0.390911809,INTERNE
16,61,-0.254559165,INTERNE
16,62,-0.132945051,INTERNE
16,63,0.2276343477,INTERNE
16,64,0.0754632489,INTERNE
16,65,0.0929993901,INTERNE
16,66,0.108855377,INTERNE
16,67,-0.057586039,INTERNE
16,68,-0.320518669,INTERNE
16,69,-0.253257495,INTERNE
16,70,-0.165127208,INTERNE
16,71,0.2076756596,INTERNE
16,72,-0.007451381,INTERNE
16,73,0.0030748316,INTERNE
16,74,0.0070198764,INTERNE
16,75,-0.319763266,INTERNE
16,76,0.68538932,INTERNE
16,77,0.2565141781,INTERNE
16,78,0.2960768854,INTERNE
16,79,-0.346464019,INTERNE
16,80,0.3575802937,INTERNE
16,81,-0.144497818,INTERNE
16,82,-0.027713321,INTERNE
16,83,-0.026170896,INTERNE
16,84,-0.282059383,INTERNE
16,85,-0.021066198,INTERNE
16,86,-0.12714627,INTERNE
16,87,-0.008443228,INTERNE
16,88,0.2231836155,INTERNE
16,89,-0.434841194,INTERNE
16,90,0.2199891224,INTERNE
16,91,-0.378640754,INTERNE
16,92,0.3978077161,INTERNE
16,93,0.3967447794,INTERNE
16,94,0.1174664797,INTERNE
16,95,0.0812964468,INTERNE
16,96,-0.052205635,INTERNE
16,97,0.2502953359,INTERNE
16,98,-0.092378579,INTERNE
16,99,0.101977609,INTERNE
16,100,-0.110098258,INTERNE
17,1,-0.060877511,INTERNE
17,2,0.4104956672,INTERNE
17,3,-0.278975355,INTERNE
17,4,-0.032589292,INTERNE
17,5,0.3503096463,INTERNE
17,6,0.6180980257,INTERNE
17,7,0.1886649454,INTERNE
17,8,-0.327031328,INTERNE
17,9,-0.063703969,INTERNE
17,10,-0.064042444,INTERNE
17,11,0.0518200623,INTERNE
17,12,-0.051565144,INTERNE
17,13,0.0254139667,INTERNE
17,14,-0.142385266,INTERNE
17,15,-0.070388363,INTERNE
17,16,0.3839333181,INTERNE
17,17,0.0053002939,INTERNE
17,18,-0.209771452,INTERNE
17,19,0.3937894448,INTERNE
17,20,0.1496672777,INTERNE
17,21,0.194729145,INTERNE
17,22,0.0051552269,INTERNE
17,23,0.0282484312,INTERNE
17,24,0.1308937704,INTERNE
17,25,-0.131160088,INTERNE
17,26,0.6498076332,INTERNE
17,27,0.1139045518,INTERNE
17,28,0.0382052191,INTERNE
17,29,-0.315718604,INTERNE
17,30,-0.297142478,INTERNE
17,31,0.0694258662,INTERNE
17,32,0.0283469342,INTERNE
17,33,-0.093111643,INTERNE
17,34,0.0569132211,INTERNE
17,35,-0.085368574,INTERNE
17,36,0.0224093733,INTERNE
17,37,0.3233835282,INTERNE
17,38,0.07227482,INTERNE
17,39,0.1462900245,INTERNE
17,40,-0.03261818,INTERNE
17,41,-0.058624565,INTERNE
17,42,-0.156675806,INTERNE
17,43,0.1366486154,INTERNE
17,44,-0.042550596,INTERNE
17,45,-0.143786292,INTERNE
17,46,-0.413167425,INTERNE
17,47,0.2252894644,INTERNE
17,48,-0.252436062,INTERNE
17,49,0.4809059135,INTERNE
17,50,-0.179782541,INTERNE
17,51,-0.033669436,INTERNE
17,52,-0.113526623,INTERNE
17,53,0.0819100354,INTERNE
17,54,0.1628050417,INTERNE
17,55,0.0556773016,INTERNE
17,56,0.1048819212,INTERNE
17,57,0.1968842076,INTERNE
17,58,-0.243808435,INTERNE
17,59,-0.165872058,INTERNE
17,60,0.2351594302,INTERNE
17,61,-0.295080387,INTERNE
17,62,0.6116870158,INTERNE
17,63,-0.201971553,INTERNE
17,64,-0.269829496,INTERNE
17,65,-0.052479948,INTERNE
17,66,0.0144070341,INTERNE
17,67,-0.164681244,INTERNE
17,68,-0.265286582,INTERNE
17,69,-0.031977136,INTERNE
17,70,-0.079906004,INTERNE
17,71,-0.222938285,INTERNE
17,72,0.1079510241,INTERNE
17,73,0.3993603086,INTERNE
17,74,-0.067405523,INTERNE
17,75,-0.33037493,INTERNE
17,76,0.2134458715,INTERNE
17,77,-0.162097376,INTERNE
17,78,-0.351774871,INTERNE
17,79,-0.256861924,INTERNE
17,80,0.1702730641,INTERNE
17,81,-0.11682915,INTERNE
17,82,-0.272605039,INTERNE
17,83,-0.012390296,INTERNE
17,84,-0.022241653,INTERNE
17,85,-0.268311192,INTERNE
17,86,0.6194076089,INTERNE
17,87,-0.213986505,INTERNE
17,88,-0.112163242,INTERNE
17,89,0.2007441177,INTERNE
17,90,0.0829025183,INTERNE
17,91,-0.077227247,INTERNE
17,92,-0.039931267,INTERNE
17,93,-0.116395737,INTERNE
17,94,-0.022097305,INTERNE
17,95,-0.193909038,INTERNE
17,96,0.1580471549,INTERNE
17,97,0.063734288,INTERNE
17,98,0.3960598195,INTERNE
17,99,0.5652018314,INTERNE
17,100,0.3781450573,INTERNE
18,1,0.3044636113,INTERNE
18,2,0.3856270969,INTERNE
18,3,-0.245014479,INTERNE
18,4,-0.102025378,INTERNE
18,5,0.2555718184,INTERNE
18,6,-0.038106296,INTERNE
18,7,-0.273940393,INTERNE
18,8,0.112862331,INTERNE
18,9,-0.115396326,INTERNE
18,10,0.1993063338,INTERNE
18,11,0.0033399009,INTERNE
18,12,-0.145658569,INTERNE
18,13,-0.129686165,INTERNE
18,14,0.0025611326,INTERNE
18,15,0.0397834527,INTERNE
18,16,-0.052519455,INTERNE
18,17,0.0460293274,INTERNE
18,18,-0.031988008,INTERNE
18,19,0.035352392,INTERNE
18,20,0.1933514474,INTERNE
18,21,0.6400939895,INTERNE
18,22,-0.267536709,INTERNE
18,23,0.4353341046,INTERNE
18,24,0.0398890049,INTERNE
18,25,-0.020216582,INTERNE
18,26,0.0003191887,INTERNE
18,27,0.5465920659,INTERNE
18,28,0.0529033696,INTERNE
18,29,-0.079598004,INTERNE
18,30,0.1905574522,INTERNE
18,31,-0.008577477,INTERNE
18,32,0.233430949,INTERNE
18,33,-0.025850797,INTERNE
18,34,0.3378327036,INTERNE
18,35,0.0693920157,INTERNE
18,36,-0.059497605,INTERNE
18,37,0.3406703707,INTERNE
18,38,-0.186727734,INTERNE
18,39,0.8051918945,INTERNE
18,40,0.1479117558,INTERNE
18,41,0.3384164431,INTERNE
18,42,0.0393217077,INTERNE
18,43,-0.257135061,INTERNE
18,44,0.4290952552,INTERNE
18,45,0.1020313977,INTERNE
18,46,0.1619044532,INTERNE
18,47,0.1718484924,INTERNE
18,48,0.6443820669,INTERNE
18,49,0.2546032257,INTERNE
18,50,-0.067628772,INTERNE
18,51,-0.436301417,INTERNE
18,52,0.1358902438,INTERNE
18,53,-0.175718507,INTERNE
18,54,-0.132255687,INTERNE
18,55,0.0082395182,INTERNE
18,56,-0.154848282,INTERNE
18,57,0.4628720953,INTERNE
18,58,0.3243488462,INTERNE
18,59,0.0742882814,INTERNE
18,60,-0.251264496,INTERNE
18,61,-0.074695395,INTERNE
18,62,-0.198929855,INTERNE
18,63,0.2074322478,INTERNE
18,64,0.5098597746,INTERNE
18,65,-0.061382385,INTERNE
18,66,-0.154044742,INTERNE
18,67,-0.090942551,INTERNE
18,68,-0.239156691,INTERNE
18,69,-0.201349613,INTERNE
18,70,0.1550013836,INTERNE
18,71,-0.152351355,INTERNE
18,72,0.1267033257,INTERNE
18,73,0.0168135266,INTERNE
18,74,-0.067983991,INTERNE
18,75,0.2990400617,INTERNE
18,76,-0.104778862,INTERNE
18,77,-0.203489032,INTERNE
18,78,-0.117597391,INTERNE
18,79,-0.108091442,INTERNE
18,80,0.6863305675,INTERNE
18,81,0.1033643783,INTERNE
18,82,0.3022609724,INTERNE
18,83,-0.150910502,INTERNE
18,84,0.3013739531,INTERNE
18,85,0.1138259786,INTERNE
18,86,-0.127051243,INTERNE
18,87,-0.233299597,INTERNE
18,88,0.244342168,INTERNE
18,89,-0.016088792,INTERNE
18,90,0.1142615851,INTERNE
18,91,0.0407749808,INTERNE
18,92,0.0730336636,INTERNE
18,93,0.1707482423,INTERNE
18,94,-0.119550586,INTERNE
18,95,-0.176415681,INTERNE
18,96,-0.153663547,INTERNE
18,97,0.2406918917,INTERNE
18,98,-0.101898165,INTERNE
18,99,-0.059397669,INTERNE
18,100,-0.201119314,INTERNE
19,1,-0.043991112,INTERNE
19,2,0.5711311609,INTERNE
19,3,0.054150192,INTERNE
19,4,-0.543599355,INTERNE
19,5,-0.073563238,INTERNE
19,6,-0.074315435,INTERNE
19,7,-0.245035754,INTERNE
19,8,0.1130764076,INTERNE
19,9,-0.118000416,INTERNE
19,10,0.4224511093,INTERNE
19,11,0.1937638042,INTERNE
19,12,0.1141755649,INTERNE
19,13,-0.033997203,INTERNE
19,14,-0.22429686,INTERNE
19,15,0.1668543369,INTERNE
19,16,0.2487131531,INTERNE
19,17,-0.035736146,INTERNE
19,18,0.3820945011,INTERNE
19,19,-0.346435898,INTERNE
19,20,-0.073796613,INTERNE
19,21,-0.248141009,INTERNE
19,22,-0.082344743,INTERNE
19,23,0.0928662129,INTERNE
19,24,0.5734834844,INTERNE
19,25,-0.329163576,INTERNE
19,26,-0.226403397,INTERNE
19,27,0.3122897129,INTERNE
19,28,0.2613365604,INTERNE
19,29,0.2352452833,INTERNE
19,30,0.3510517737,INTERNE
19,31,-0.20607826,INTERNE
19,32,0.0133004538,INTERNE
19,33,0.3303520389,INTERNE
19,34,0.0918916522,INTERNE
19,35,-0.217951633,INTERNE
19,36,-0.253481165,INTERNE
19,37,0.552826588,INTERNE
19,38,0.3761674149,INTERNE
19,39,0.0163977137,INTERNE
19,40,0.0039769045,INTERNE
19,41,-0.063859307,INTERNE
19,42,-0.124233487,INTERNE
19,43,-0.232730283,INTERNE
19,44,0.2054252734,INTERNE
19,45,0.0454258453,INTERNE
19,46,0.1794755618,INTERNE
19,47,-0.154275011,INTERNE
19,48,-0.376360926,INTERNE
19,49,0.1635714664,INTERNE
19,50,-0.097026597,INTERNE
19,51,-0.0681807,INTERNE
19,52,0.3467248783,INTERNE
19,53,-0.057556458,INTERNE
19,54,-0.182614566,INTERNE
19,55,-0.260203715,INTERNE
19,56,0.0535701613,INTERNE
19,57,-0.051879452,INTERNE
19,58,0.6699038835,INTERNE
19,59,0.3446971234,INTERNE
19,60,-0.059971875,INTERNE
19,61,0.4445048042,INTERNE
19,62,0.2241572283,INTERNE
19,63,0.1459842015,INTERNE
19,64,0.4104274813,INTERNE
19,65,-0.278206119,INTERNE
19,66,0.3058046538,INTERNE
19,67,-0.305760529,INTERNE
19,68,-0.003185769,INTERNE
19,69,-0.094816474,INTERNE
19,70,0.484326594,INTERNE
19,71,0.3733558548,INTERNE
19,72,-0.212897245,INTERNE
19,73,-0.148147957,INTERNE
19,74,0.0418506929,INTERNE
19,75,-0.245622952,INTERNE
19,76,0.2228218877,INTERNE
19,77,0.121467849,INTERNE
19,78,0.4850387672,INTERNE
19,79,0.0332444416,INTERNE
19,80,-0.074983976,INTERNE
19,81,0.0670103441,INTERNE
19,82,-0.21300481,INTERNE
19,83,0.0524823131,INTERNE
19,84,-0.401140583,INTERNE
19,85,-0.073277983,INTERNE
19,86,-0.009698213,INTERNE
19,87,0.6956839347,INTERNE
19,88,0.2983571936,INTERNE
19,89,-0.027586083,INTERNE
19,90,0.3328246313,INTERNE
19,91,-0.457957134,INTERNE
19,92,0.445455482,INTERNE
19,93,0.2382982083,INTERNE
19,94,-0.118710649,INTERNE
19,95,-0.148272612,INTERNE
19,96,-0.114375829,INTERNE
19,97,-0.28343369,INTERNE
19,98,-0.18704647,INTERNE
19,99,0.0248892658,INTERNE
19,100,0.2149270537,INTERNE
20,1,0.2857022431,INTERNE
20,2,0.082357986,INTERNE
20,3,-0.038081246,INTERNE
20,4,0.2595344928,INTERNE
20,5,-0.132401129,INTERNE
20,6,-0.122357608,INTERNE
20,7,0.1435606283,INTERNE
20,8,0.1480621597,INTERNE
20,9,-0.348552963,INTERNE
20,10,0.1281979048,INTERNE
20,11,-0.003108104,INTERNE
20,12,-0.38583144,INTERNE
20,13,-0.373047846,INTERNE
20,14,0.0742862682,INTERNE
20,15,-0.268712606,INTERNE
20,16,0.5104781902,INTERNE
20,17,-0.13954786,INTERNE
20,18,-0.356295941,INTERNE
20,19,-0.355441315,INTERNE
20,20,0.1670033431,INTERNE
20,21,-0.219925593,INTERNE
20,22,0.0969294343,INTERNE
20,23,-0.088458008,INTERNE
20,24,-0.031652917,INTERNE
20,25,0.7924969175,INTERNE
20,26,-0.001208215,INTERNE
20,27,0.1468007144,INTERNE
20,28,-0.029783214,INTERNE
20,29,-0.31137586,INTERNE
20,30,-0.092050945,INTERNE
20,31,0.081130098,INTERNE
20,32,-0.169550405,INTERNE
20,33,-0.325106748,INTERNE
20,34,-0.009091424,INTERNE
20,35,-0.394826423,INTERNE
20,36,0.1846618958,INTERNE
20,37,-0.043220931,INTERNE
20,38,-0.358405546,INTERNE
20,39,0.1531333829,INTERNE
20,40,-0.054694363,INTERNE
20,41,0.0907164289,INTERNE
20,42,0.0531717741,INTERNE
20,43,-0.158024936,INTERNE
20,44,-0.123473764,INTERNE
20,45,0.1208352429,INTERNE
20,46,-0.083098408,INTERNE
20,47,-0.274988022,INTERNE
20,48,-0.006998391,INTERNE
20,49,-0.021031438,INTERNE
20,50,-0.19376258,INTERNE
20,51,0.9848736312,INTERNE
20,52,-0.068465631,INTERNE
20,53,0.0302336445,INTERNE
20,54,-0.175509386,INTERNE
20,55,-0.279688665,INTERNE
20,56,-0.276437245,INTERNE
20,57,-0.284926274,INTERNE
20,58,0.3439986242,INTERNE
20,59,-0.217034885,INTERNE
20,60,-0.162996823,INTERNE
20,61,-0.15252951,INTERNE
20,62,0.2776235163,INTERNE
20,63,0.1700550901,INTERNE
20,64,-0.144813283,INTERNE
20,65,0.0965852957,INTERNE
20,66,0.2451392184,INTERNE
20,67,0.1429814721,INTERNE
20,68,0.6756142172,INTERNE
20,69,0.2581125143,INTERNE
20,70,0.107945843,INTERNE
20,71,0.5668700872,INTERNE
20,72,-0.059001151,INTERNE
20,73,-0.226846707,INTERNE
20,74,0.2033626449,INTERNE
20,75,0.1542697955,INTERNE
20,76,0.190561869,INTERNE
20,77,-0.070486957,INTERNE
20,78,-0.086730044,INTERNE
20,79,0.0175915498,INTERNE
20,80,0.5926945312,INTERNE
20,81,-0.004431658,INTERNE
20,82,0.2924483251,INTERNE
20,83,-0.212060549,INTERNE
20,84,-0.141066775,INTERNE
20,85,-0.276627172,INTERNE
20,86,-0.146588372,INTERNE
20,87,-0.031175736,INTERNE
20,88,0.298591615,INTERNE
20,89,0.0751740386,INTERNE
20,90,0.388420492,INTERNE
20,91,0.2090503893,INTERNE
20,92,0.1410984333,INTERNE
20,93,0.2198033499,INTERNE
20,94,0.0919733559,INTERNE
20,95,0.0492270716,INTERNE
20,96,-0.155403449,INTERNE
20,97,0.2101067609,INTERNE
20,98,0.1789657066,INTERNE
20,99,-0.02864348,INTERNE
20,100,-0.025059762,INTERNE
21,1,-0.393367071,INTERNE
21,2,0.2997283601,INTERNE
21,3,0.0922361563,INTERNE
21,4,0.0072378629,INTERNE
21,5,0.4187715539,INTERNE
21,6,0.073109983,INTERNE
21,7,-0.359337436,INTERNE
21,8,-0.071307648,INTERNE
21,9,0.5933723126,INTERNE
21,10,0.2581222631,INTERNE
21,11,-0.242465336,INTERNE
21,12,-0.167372195,INTERNE
21,13,-0.121079407,INTERNE
21,14,-0.21697193,INTERNE
21,15,-0.158905121,INTERNE
21,16,1.0726720706,INTERNE
21,17,0.4134128354,INTERNE
21,18,0.1551501982,INTERNE
21,19,0.1484744146,INTERNE
21,20,0.4133361242,INTERNE
21,21,0.3233794041,INTERNE
21,22,-0.452571574,INTERNE
21,23,-0.243151559,INTERNE
21,24,-0.027636443,INTERNE
21,25,-0.378684451,INTERNE
21,26,0.3528608799,INTERNE
21,27,0.0159268175,INTERNE
21,28,0.0993128437,INTERNE
21,29,0.124030138,INTERNE
21,30,-0.017393522,INTERNE
21,31,-0.139249899,INTERNE
21,32,-0.054464095,INTERNE
21,33,-0.230983852,INTERNE
21,34,0.1282677622,INTERNE
21,35,-0.030422771,INTERNE
21,36,-0.145114866,INTERNE
21,37,-0.065494026,INTERNE
21,38,0.5244663592,INTERNE
21,39,0.1035659992,INTERNE
21,40,0.0824673395,INTERNE
21,41,-0.040787503,INTERNE
21,42,-0.085329556,INTERNE
21,43,0.1674395067,INTERNE
21,44,-0.290941917,INTERNE
21,45,0.1550053169,INTERNE
21,46,-0.171938642,INTERNE
21,47,0.5514839749,INTERNE
21,48,-0.196118244,INTERNE
21,49,-0.199852149,INTERNE
21,50,0.275054821,INTERNE
21,51,-0.160857574,INTERNE
21,52,-0.26196311,INTERNE
21,53,0.1073716341,INTERNE
21,54,1.0511924351,INTERNE
21,55,-0.044230341,INTERNE
21,56,0.0546559273,INTERNE
21,57,-0.061560806,INTERNE
21,58,0.1788301117,INTERNE
21,59,-0.312130692,INTERNE
21,60,-0.132084761,INTERNE
21,61,-0.069674381,INTERNE
21,62,-0.397230111,INTERNE
21,63,0.1104325656,INTERNE
21,64,0.3867325025,INTERNE
21,65,-0.179980728,INTERNE
21,66,0.4056535845,INTERNE
21,67,0.0961666366,INTERNE
21,68,0.0929138543,INTERNE
21,69,-0.19861625,INTERNE
21,70,-0.102406303,INTERNE
21,71,-0.28439288,INTERNE
21,72,0.0494818495,INTERNE
21,73,0.3154167585,INTERNE
21,74,0.1446663757,INTERNE
21,75,-0.017116528,INTERNE
21,76,-0.023227252,INTERNE
21,77,0.2179926086,INTERNE
21,78,-0.092970045,INTERNE
21,79,0.4913959422,INTERNE
21,80,0.0747641563,INTERNE
21,81,0.1065776776,INTERNE
21,82,0.0469563838,INTERNE
21,83,0.5974761766,INTERNE
21,84,0.3337426508,INTERNE
21,85,0.1049000932,INTERNE
21,86,0.0743537339,INTERNE
21,87,-0.222492994,INTERNE
21,88,0.3651404962,INTERNE
21,89,0.2319193482,INTERNE
21,90,0.3791219763,INTERNE
21,91,-0.34438484,INTERNE
21,92,-0.132236559,INTERNE
21,93,0.2272922295,INTERNE
21,94,0.0218027438,INTERNE
21,95,-0.121723929,INTERNE
21,96,-0.282774125,INTERNE
21,97,0.1085911068,INTERNE
21,98,0.1110146301,INTERNE
21,99,-0.335656283,INTERNE
21,100,-0.035558012,INTERNE
22,1,-0.016178001,INTERNE
22,2,0.3194564925,INTERNE
22,3,-0.268295137,INTERNE
22,4,0.0708526568,INTERNE
22,5,-0.06261422,INTERNE
22,6,0.3116130632,INTERNE
22,7,0.1703842551,INTERNE
22,8,-0.27376124,INTERNE
22,9,0.0719189105,INTERNE
22,10,-0.213141701,INTERNE
22,11,0.0410705236,INTERNE
22,12,-0.284916293,INTERNE
22,13,-0.366763057,INTERNE
22,14,0.0356399796,INTERNE
22,15,0.5347393566,INTERNE
22,16,0.1378974252,INTERNE
22,17,0.4092862502,INTERNE
22,18,-0.190679887,INTERNE
22,19,-0.35331604,INTERNE
22,20,-0.141579214,INTERNE
22,21,-0.183385589,INTERNE
22,22,-0.288047027,INTERNE
22,23,-0.011145428,INTERNE
22,24,-0.254906584,INTERNE
22,25,-0.113425622,INTERNE
22,26,0.2020056922,INTERNE
22,27,0.1270271633,INTERNE
22,28,0.1947718659,INTERNE
22,29,0.1434928848,INTERNE
22,30,0.0797519141,INTERNE
22,31,0.3051477444,INTERNE
22,32,0.5134525838,INTERNE
22,33,0.1614846927,INTERNE
22,34,0.0013513085,INTERNE
22,35,-0.153428812,INTERNE
22,36,0.2398533955,INTERNE
22,37,-0.339060564,INTERNE
22,38,-0.07212648,INTERNE
22,39,-0.056190899,INTERNE
22,40,-0.276602269,INTERNE
22,41,0.165685972,INTERNE
22,42,-0.132436645,INTERNE
22,43,0.0160879965,INTERNE
22,44,0.0654037365,INTERNE
22,45,-0.121983381,INTERNE
22,46,-0.236886195,INTERNE
22,47,0.6080639079,INTERNE
22,48,-0.10894035,INTERNE
22,49,0.1477052769,INTERNE
22,50,-0.075277786,INTERNE
22,51,-0.104330403,INTERNE
22,52,-0.07663495,INTERNE
22,53,0.0949715599,INTERNE
22,54,-0.021441714,INTERNE
22,55,0.1848905637,INTERNE
22,56,0.1560150382,INTERNE
22,57,0.1240507581,INTERNE
22,58,-0.234498282,INTERNE
22,59,-0.152782163,INTERNE
22,60,-0.420562737,INTERNE
22,61,-0.165271786,INTERNE
22,62,-0.231584855,INTERNE
22,63,0.1861662334,INTERNE
22,64,-0.397283942,INTERNE
22,65,-0.252187362,INTERNE
22,66,-0.057347788,INTERNE
22,67,-0.050203725,INTERNE
22,68,0.055320504,INTERNE
22,69,0.4179811887,INTERNE
22,70,-0.158358062,INTERNE
22,71,0.1708379039,INTERNE
22,72,-0.206137815,INTERNE
22,73,0.0227040174,INTERNE
22,74,0.2983652676,INTERNE
22,75,0.0591992589,INTERNE
22,76,-0.159275787,INTERNE
22,77,0.3610796301,INTERNE
22,78,-0.615773338,INTERNE
22,79,-0.243217624,INTERNE
22,80,-0.2395219,INTERNE
22,81,-0.273142095,INTERNE
22,82,0.1968852917,INTERNE
22,83,0.2506669626,INTERNE
22,84,0.4033303448,INTERNE
22,85,0.1446815395,INTERNE
22,86,-0.02721933,INTERNE
22,87,-0.098055584,INTERNE
22,88,-0.264972871,INTERNE
22,89,-0.152773875,INTERNE
22,90,0.3164773824,INTERNE
22,91,-0.118331396,INTERNE
22,92,0.1203588324,INTERNE
22,93,0.0963026781,INTERNE
22,94,-0.234018229,INTERNE
22,95,-0.06758707,INTERNE
22,96,0.1713280606,INTERNE
22,97,-0.197021986,INTERNE
22,98,0.2303542854,INTERNE
22,99,0.4588447788,INTERNE
22,100,0.2360637334,INTERNE
23,1,0.0361159236,INTERNE
23,2,-0.170507794,INTERNE
23,3,-0.407469998,INTERNE
23,4,-0.282319097,INTERNE
23,5,-0.009451953,INTERNE
23,6,-0.021850249,INTERNE
23,7,0.4190867217,INTERNE
23,8,0.139516057,INTERNE
23,9,-0.141462008,INTERNE
23,10,0.0631019101,INTERNE
23,11,0.1218738201,INTERNE
23,12,-0.017958371,INTERNE
23,13,0.0254068617,INTERNE
23,14,0.2623727725,INTERNE
23,15,-0.085342957,INTERNE
23,16,0.2095981767,INTERNE
23,17,0.3425074393,INTERNE
23,18,-0.245636715,INTERNE
23,19,-0.249609594,INTERNE
23,20,-0.197958848,INTERNE
23,21,0.0331699615,INTERNE
23,22,0.4126407947,INTERNE
23,23,-0.101894727,INTERNE
23,24,-0.142608081,INTERNE
23,25,-0.12625626,INTERNE
23,26,0.287105507,INTERNE
23,27,0.4570785209,INTERNE
23,28,-0.065573516,INTERNE
23,29,-0.031881889,INTERNE
23,30,0.01642964,INTERNE
23,31,0.7270832447,INTERNE
23,32,-0.101878069,INTERNE
23,33,0.0948602795,INTERNE
23,34,0.117050021,INTERNE
23,35,0.6078536811,INTERNE
23,36,-0.121106596,INTERNE
23,37,-0.307784252,INTERNE
23,38,-0.045970654,INTERNE
23,39,-0.142328735,INTERNE
23,40,0.3789679502,INTERNE
23,41,0.3005525696,INTERNE
23,42,0.1603659032,INTERNE
23,43,0.1260212968,INTERNE
23,44,-0.355687081,INTERNE
23,45,-0.204802388,INTERNE
23,46,0.1440436721,INTERNE
23,47,-0.395799893,INTERNE
23,48,-0.227080582,INTERNE
23,49,-0.067054909,INTERNE
23,50,0.0458400803,INTERNE
23,51,-0.055608872,INTERNE
23,52,-0.339501894,INTERNE
23,53,-0.060139782,INTERNE
23,54,-0.262197935,INTERNE
23,55,0.1574574679,INTERNE
23,56,0.2886847018,INTERNE
23,57,0.3237938064,INTERNE
23,58,0.0831438423,INTERNE
23,59,-0.082586791,INTERNE
23,60,0.5961509955,INTERNE
23,61,-0.129996575,INTERNE
23,62,-0.15471183,INTERNE
23,63,0.1484993627,INTERNE
23,64,0.6482310081,INTERNE
23,65,-0.055647803,INTERNE
23,66,-0.124699285,INTERNE
23,67,0.0324611089,INTERNE
23,68,0.0756842169,INTERNE
23,69,-0.154502169,INTERNE
23,70,0.2336638209,INTERNE
23,71,-0.210880801,INTERNE
23,72,0.0200293407,INTERNE
23,73,0.1273925159,INTERNE
23,74,0.1543181314,INTERNE
23,75,-0.014723523,INTERNE
23,76,-0.250568435,INTERNE
23,77,0.4077515164,INTERNE
23,78,-0.207955891,INTERNE
23,79,-0.235238213,INTERNE
23,80,0.11209047,INTERNE
23,81,-0.167328403,INTERNE
23,82,-0.124964286,INTERNE
23,83,0.0413677299,INTERNE
23,84,0.2544553195,INTERNE
23,85,-0.159903505,INTERNE
23,86,-0.164783541,INTERNE
23,87,0.1125173425,INTERNE
23,88,-0.332929692,INTERNE
23,89,0.0711205499,INTERNE
23,90,-0.358365951,INTERNE
23,91,-0.382994838,INTERNE
23,92,-0.173201085,INTERNE
23,93,0.7597165029,INTERNE
23,94,0.1649518435,INTERNE
23,95,-0.00774993,INTERNE
23,96,-0.03886803,INTERNE
23,97,-0.299816169,INTERNE
23,98,-0.162341557,INTERNE
23,99,0.1244753339,INTERNE
23,100,-0.21175645,INTERNE
24,1,-0.063647922,INTERNE
24,2,0.0959332728,INTERNE
24,3,1.3217180141,INTERNE
24,4,-0.101647728,INTERNE
24,5,-0.337196411,INTERNE
24,6,-0.282128526,INTERNE
24,7,0.4284896331,INTERNE
24,8,-0.114432571,INTERNE
24,9,0.4602391162,INTERNE
24,10,0.2808126696,INTERNE
24,11,-0.101485209,INTERNE
24,12,-0.091454257,INTERNE
24,13,0.1909964241,INTERNE
24,14,0.1414226904,INTERNE
24,15,-0.441743742,INTERNE
24,16,0.0438914818,INTERNE
24,17,-0.111508971,INTERNE
24,18,0.0459198487,INTERNE
24,19,-0.101168594,INTERNE
24,20,-0.076626655,INTERNE
24,21,0.3765918018,INTERNE
24,22,-0.111024758,INTERNE
24,23,-0.045972959,INTERNE
24,24,-0.160460029,INTERNE
24,25,-0.133598444,INTERNE
24,26,-0.233466878,INTERNE
24,27,-0.066031419,INTERNE
24,28,0.8124580431,INTERNE
24,29,0.0320414165,INTERNE
24,30,-0.142517247,INTERNE
24,31,0.3666032167,INTERNE
24,32,0.3125626025,INTERNE
24,33,0.0343156578,INTERNE
24,34,0.093797124,INTERNE
24,35,0.1797434421,INTERNE
24,36,-0.17069772,INTERNE
24,37,0.0599566991,INTERNE
24,38,-0.344806875,INTERNE
24,39,0.0603650947,INTERNE
24,40,-0.378790836,INTERNE
24,41,-0.130868072,INTERNE
24,42,0.063108212,INTERNE
24,43,-0.085380994,INTERNE
24,44,0.1613068305,INTERNE
24,45,0.4711097132,INTERNE
24,46,-0.285289162,INTERNE
24,47,-0.060598129,INTERNE
24,48,0.2071551913,INTERNE
24,49,-0.115963139,INTERNE
24,50,-0.144887017,INTERNE
24,51,-0.150108819,INTERNE
24,52,-0.063566387,INTERNE
24,53,-0.086831891,INTERNE
24,54,-0.251842195,INTERNE
24,55,0.0483581457,INTERNE
24,56,-0.120639462,INTERNE
24,57,-0.000727056,INTERNE
24,58,-0.06802218,INTERNE
24,59,0.3625867187,INTERNE
24,60,0.051942816,INTERNE
24,61,0.0055202456,INTERNE
24,62,0.0972449138,INTERNE
24,63,0.0566074778,INTERNE
24,64,-0.370640613,INTERNE
24,65,-0.034192137,INTERNE
24,66,-0.235253722,INTERNE
24,67,1.0636626198,INTERNE
24,68,0.2819306531,INTERNE
24,69,0.0450461563,INTERNE
24,70,-0.179447126,INTERNE
24,71,-0.329277946,INTERNE
24,72,0.3280285639,INTERNE
24,73,-0.166785573,INTERNE
24,74,0.2519527611,INTERNE
24,75,0.2273891164,INTERNE
24,76,-0.331504655,INTERNE
24,77,0.0349540993,INTERNE
24,78,-0.008114313,INTERNE
24,79,-0.304942445,INTERNE
24,80,0.1779129902,INTERNE
24,81,-0.005012839,INTERNE
24,82,-0.075276589,INTERNE
24,83,0.4920818689,INTERNE
24,84,-0.051727254,INTERNE
24,85,-0.064885344,INTERNE
24,86,-0.168053423,INTERNE
24,87,-0.33099825,INTERNE
24,88,-0.21982315,INTERNE
24,89,-0.500136659,INTERNE
24,90,-0.097496679,INTERNE
24,91,-0.303542927,INTERNE
24,92,0.0500002976,INTERNE
24,93,0.2271998353,INTERNE
24,94,0.0678570559,INTERNE
24,95,-0.077918219,INTERNE
24,96,0.1182694665,INTERNE
24,97,0.2576471582,INTERNE
24,98,-0.188845877,INTERNE
24,99,0.4817707931,INTERNE
24,100,-0.067981406,INTERNE
25,1,-0.181932126,INTERNE
25,2,-0.064337778,INTERNE
25,3,0.0498063173,INTERNE
25,4,0.2063239032,INTERNE
25,5,0.4944917307,INTERNE
25,6,-0.241645004,INTERNE
25,7,-0.12313127,INTERNE
25,8,-0.16777581,INTERNE
25,9,-0.169011447,INTERNE
25,10,-0.000365095,INTERNE
25,11,0.3036760815,INTERNE
25,12,-0.022765075,INTERNE
25,13,0.1840602417,INTERNE
25,14,-0.311213114,INTERNE
25,15,-0.05251371,INTERNE
25,16,-0.294543071,INTERNE
25,17,-0.040261065,INTERNE
25,18,0.0270007296,INTERNE
25,19,-0.1826481,INTERNE
25,20,-0.29940256,INTERNE
25,21,-0.209954576,INTERNE
25,22,0.20752596,INTERNE
25,23,0.2574552964,INTERNE
25,24,0.350961784,INTERNE
25,25,0.4648955455,INTERNE
25,26,0.1226855503,INTERNE
25,27,-0.22017479,INTERNE
25,28,-0.001648033,INTERNE
25,29,-0.014273597,INTERNE
25,30,0.9721190393,INTERNE
25,31,-0.093973566,INTERNE
25,32,0.1178139426,INTERNE
25,33,-0.118428254,INTERNE
25,34,0.30135752,INTERNE
25,35,-0.017586474,INTERNE
25,36,0.3600081988,INTERNE
25,37,0.0543025713,INTERNE
25,38,0.4169077038,INTERNE
25,39,0.2282634927,INTERNE
25,40,0.3311737203,INTERNE
25,41,-0.363991974,INTERNE
25,42,-0.237224041,INTERNE
25,43,-0.134875534,INTERNE
25,44,-0.230501715,INTERNE
25,45,0.1808451125,INTERNE
25,46,0.0612686525,INTERNE
25,47,0.372089438,INTERNE
25,48,0.1281904454,INTERNE
25,49,-0.112915607,INTERNE
25,50,-0.319825817,INTERNE
25,51,-0.419548439,INTERNE
25,52,0.2658476504,INTERNE
25,53,0.1711478683,INTERNE
25,54,-0.50685251,INTERNE
25,55,0.1251989359,INTERNE
25,56,-0.316498721,INTERNE
25,57,0.0907742779,INTERNE
25,58,0.3892758852,INTERNE
25,59,-0.014198219,INTERNE
25,60,0.2142241454,INTERNE
25,61,0.2605829879,INTERNE
25,62,-0.160852138,INTERNE
25,63,0.0084918491,INTERNE
25,64,-0.117534309,INTERNE
25,65,-0.200983434,INTERNE
25,66,0.4573197704,INTERNE
25,67,0.0036122485,INTERNE
25,68,0.1059513102,INTERNE
25,69,0.557258338,INTERNE
25,70,-0.34056952,INTERNE
25,71,-0.175922989,INTERNE
25,72,0.0907011746,INTERNE
25,73,0.2994976492,INTERNE
25,74,0.4961750378,INTERNE
25,75,0.4078329187,INTERNE
25,76,-0.062643347,INTERNE
25,77,0.0845549692,INTERNE
25,78,0.4510715431,INTERNE
25,79,0.4274344594,INTERNE
25,80,-0.416807994,INTERNE
25,81,0.0336209967,INTERNE
25,82,-0.020072687,INTERNE
25,83,-0.068476358,INTERNE
25,84,-0.003279615,INTERNE
25,85,0.0070135216,INTERNE
25,86,-0.312552547,INTERNE
25,87,0.1901951858,INTERNE
25,88,0.2969974301,INTERNE
25,89,0.1779057115,INTERNE
25,90,-0.228702577,INTERNE
25,91,-0.285781863,INTERNE
25,92,-0.271710185,INTERNE
25,93,0.3323009194,INTERNE
25,94,0.1631878118,INTERNE
25,95,-0.401610093,INTERNE
25,96,0.1169443315,INTERNE
25,97,-0.369817188,INTERNE
25,98,0.191144867,INTERNE
25,99,0.1665106031,INTERNE
25,100,0.2070381594,INTERNE
26,1,-0.375561716,INTERNE
26,2,0.0293822749,INTERNE
26,3,-0.202664314,INTERNE
26,4,-0.229265277,INTERNE
26,5,-0.21713005,INTERNE
26,6,-0.288864842,INTERNE
26,7,0.073079287,INTERNE
26,8,-0.130912575,INTERNE
26,9,-0.061417407,INTERNE
26,10,-0.26548183,INTERNE
26,11,-0.094178149,INTERNE
26,12,-0.087806184,INTERNE
26,13,0.3219635415,INTERNE
26,14,0.8408445003,INTERNE
26,15,0.2700978686,INTERNE
26,16,-0.165304683,INTERNE
26,17,-0.206746742,INTERNE
26,18,-0.181013138,INTERNE
26,19,-0.043817864,INTERNE
26,20,0.1346661353,INTERNE
26,21,0.5431931451,INTERNE
26,22,0.0198562323,INTERNE
26,23,0.2401187759,INTERNE
26,24,-0.002109039,INTERNE
26,25,0.1389723643,INTERNE
26,26,0.124279027,INTERNE
26,27,-0.14231457,INTERNE
26,28,-0.159729024,INTERNE
26,29,0.6313327287,INTERNE
26,30,0.0454311172,INTERNE
26,31,-0.024333916,INTERNE
26,32,0.368013487,INTERNE
26,33,0.0672258896,INTERNE
26,34,-0.045545242,INTERNE
26,35,0.075786461,INTERNE
26,36,-0.251272765,INTERNE
26,37,-0.306893364,INTERNE
26,38,0.5825352252,INTERNE
26,39,0.6256106664,INTERNE
26,40,0.6422624685,INTERNE
26,41,0.112021399,INTERNE
26,42,-0.110875478,INTERNE
26,43,-0.063391228,INTERNE
26,44,0.1148625092,INTERNE
26,45,-0.1341302,INTERNE
26,46,0.1212223016,INTERNE
26,47,-0.006700017,INTERNE
26,48,-0.187631421,INTERNE
26,49,0.0368624235,INTERNE
26,50,0.3734480783,INTERNE
26,51,-0.238653238,INTERNE
26,52,-0.100333216,INTERNE
26,53,0.0215819418,INTERNE
26,54,0.6786195019,INTERNE
26,55,0.4742930173,INTERNE
26,56,-0.236914474,INTERNE
26,57,-0.144500128,INTERNE
26,58,0.1041358406,INTERNE
26,59,-0.142956565,INTERNE
26,60,0.2182305213,INTERNE
26,61,0.4595556028,INTERNE
26,62,0.1358759084,INTERNE
26,63,0.2227524538,INTERNE
26,64,0.0046992398,INTERNE
26,65,0.1288332801,INTERNE
26,66,-0.025056208,INTERNE
26,67,-0.036784829,INTERNE
26,68,0.338138366,INTERNE
26,69,0.3630849757,INTERNE
26,70,0.1020168611,INTERNE
26,71,0.3461197192,INTERNE
26,72,-0.169045487,INTERNE
26,73,0.6507403672,INTERNE
26,74,-0.001413051,INTERNE
26,75,0.4905830605,INTERNE
26,76,0.383885458,INTERNE
26,77,0.200609379,INTERNE
26,78,0.2974196686,INTERNE
26,79,-0.108988393,INTERNE
26,80,-0.223665268,INTERNE
26,81,0.0965644351,INTERNE
26,82,0.0852120254,INTERNE
26,83,-0.463705688,INTERNE
26,84,-0.225530591,INTERNE
26,85,0.4048462171,INTERNE
26,86,-0.02755354,INTERNE
26,87,0.0864932373,INTERNE
26,88,0.8192638533,INTERNE
26,89,0.0344738321,INTERNE
26,90,0.2638334837,INTERNE
26,91,0.0670968996,INTERNE
26,92,-0.396495828,INTERNE
26,93,-0.183382208,INTERNE
26,94,0.4116080201,INTERNE
26,95,0.1502214281,INTERNE
26,96,0.3706319855,INTERNE
26,97,-0.193845041,INTERNE
26,98,-0.088146446,INTERNE
26,99,0.2633125334,INTERNE
26,100,-0.097535881,INTERNE
27,1,-0.245806143,INTERNE
27,2,-0.342284752,INTERNE
27,3,0.1037408311,INTERNE
27,4,-0.14511396,INTERNE
27,5,0.341110575,INTERNE
27,6,-0.104294973,INTERNE
27,7,0.4627230638,INTERNE
27,8,-0.026951689,INTERNE
27,9,0.1943333231,INTERNE
27,10,-0.007867772,INTERNE
27,11,-0.180859189,INTERNE
27,12,-0.003253236,INTERNE
27,13,0.4392793142,INTERNE
27,14,0.0471518247,INTERNE
27,15,0.2080590546,INTERNE
27,16,0.0126103231,INTERNE
27,17,-0.328416876,INTERNE
27,18,-0.069493855,INTERNE
27,19,0.3001741491,INTERNE
27,20,0.3410515901,INTERNE
27,21,0.5691431113,INTERNE
27,22,0.0213203332,INTERNE
27,23,0.1679905749,INTERNE
27,24,0.5380319745,INTERNE
27,25,0.377681463,INTERNE
27,26,0.0676680829,INTERNE
27,27,-0.179057389,INTERNE
27,28,0.4111165257,INTERNE
27,29,0.4672875455,INTERNE
27,30,-0.339456043,INTERNE
27,31,0.2380783551,INTERNE
27,32,0.1169713777,INTERNE
27,33,0.0822070932,INTERNE
27,34,0.0494213692,INTERNE
27,35,0.3930033088,INTERNE
27,36,-0.000266264,INTERNE
27,37,0.6719407274,INTERNE
27,38,-0.29522495,INTERNE
27,39,0.0325945481,INTERNE
27,40,-0.08049013,INTERNE
27,41,0.4597601742,INTERNE
27,42,-0.008246482,INTERNE
27,43,0.4461208179,INTERNE
27,44,-0.040932556,INTERNE
27,45,0.1230667864,INTERNE
27,46,0.125134608,INTERNE
27,47,0.011661007,INTERNE
27,48,0.0233359883,INTERNE
27,49,0.1211347599,INTERNE
27,50,0.0680774724,INTERNE
27,51,0.2064990985,INTERNE
27,52,-0.258541175,INTERNE
27,53,0.3829331685,INTERNE
27,54,-0.251302188,INTERNE
27,55,0.1454335817,INTERNE
27,56,0.0467615543,INTERNE
27,57,0.2446325077,INTERNE
27,58,0.4404084447,INTERNE
27,59,-0.29954836,INTERNE
27,60,0.3563972118,INTERNE
27,61,0.0424416508,INTERNE
27,62,0.1897663562,INTERNE
27,63,-0.189322707,INTERNE
27,64,-0.175897272,INTERNE
27,65,-0.275361471,INTERNE
27,66,-0.084232127,INTERNE
27,67,0.1025920848,INTERNE
27,68,0.0493535556,INTERNE
27,69,0.0053754345,INTERNE
27,70,-0.004449405,INTERNE
27,71,-0.053206507,INTERNE
27,72,-0.106395204,INTERNE
27,73,-0.398587396,INTERNE
27,74,-0.15816176,INTERNE
27,75,0.8638940193,INTERNE
27,76,-0.16868069,INTERNE
27,77,1.0681326706,INTERNE
27,78,0.3423874891,INTERNE
27,79,0.1471566565,INTERNE
27,80,-0.048528663,INTERNE
27,81,-0.342517476,INTERNE
27,82,0.2429685685,INTERNE
27,83,-0.137031549,INTERNE
27,84,0.4727387017,INTERNE
27,85,0.3582922422,INTERNE
27,86,-0.154784393,INTERNE
27,87,-0.208566467,INTERNE
27,88,0.1771279704,INTERNE
27,89,-0.076095387,INTERNE
27,90,-0.229468671,INTERNE
27,91,-0.142888451,INTERNE
27,92,-0.054845313,INTERNE
27,93,-0.274091817,INTERNE
27,94,-0.321146886,INTERNE
27,95,-0.218798874,INTERNE
27,96,0.0742189771,INTERNE
27,97,0.0508037598,INTERNE
27,98,-0.0586396,INTERNE
27,99,-0.221627637,INTERNE
27,100,0.0912050158,INTERNE
28,1,-0.116978723,INTERNE
28,2,0.4353938885,INTERNE
28,3,-0.179447832,INTERNE
28,4,-0.114463194,INTERNE
28,5,0.1848532952,INTERNE
28,6,-0.129136537,INTERNE
28,7,0.4665042168,INTERNE
28,8,0.1598005345,INTERNE
28,9,-0.13385294,INTERNE
28,10,-0.202288489,INTERNE
28,11,0.2090122489,INTERNE
28,12,0.1767938444,INTERNE
28,13,-0.20684206,INTERNE
28,14,-0.077918235,INTERNE
28,15,0.018193299,INTERNE
28,16,-0.086674146,INTERNE
28,17,-0.174030878,INTERNE
28,18,0.2427832742,INTERNE
28,19,-0.154284815,INTERNE
28,20,-0.106288238,INTERNE
28,21,-0.277488184,INTERNE
28,22,-0.14913919,INTERNE
28,23,-0.318934684,INTERNE
28,24,-0.229365177,INTERNE
28,25,0.1164630625,INTERNE
28,26,-0.006686319,INTERNE
28,27,0.0882089804,INTERNE
28,28,-0.0769338,INTERNE
28,29,0.0259703771,INTERNE
28,30,-0.054453497,INTERNE
28,31,0.1268940243,INTERNE
28,32,-0.124484439,INTERNE
28,33,0.0513846925,INTERNE
28,34,0.3501947029,INTERNE
28,35,0.1286969535,INTERNE
28,36,-0.105175414,INTERNE
28,37,0.445862031,INTERNE
28,38,0.5824065553,INTERNE
28,39,-0.133098034,INTERNE
28,40,0.2775399505,INTERNE
28,41,-0.054616981,INTERNE
28,42,0.2560206796,INTERNE
28,43,0.1611301053,INTERNE
28,44,-0.079184843,INTERNE
28,45,0.0072482519,INTERNE
28,46,-0.143186641,INTERNE
28,47,-0.078672045,INTERNE
28,48,-0.177030817,INTERNE
28,49,0.0779831605,INTERNE
28,50,-0.361152121,INTERNE
28,51,-0.070247316,INTERNE
28,52,-0.107194605,INTERNE
28,53,-0.166015123,INTERNE
28,54,-0.405212611,INTERNE
28,55,0.4680831339,INTERNE
28,56,0.3009712266,INTERNE
28,57,0.0150782977,INTERNE
28,58,0.5500531112,INTERNE
28,59,-0.319135103,INTERNE
28,60,-0.030031343,INTERNE
28,61,0.2726958034,INTERNE
28,62,-0.037021836,INTERNE
28,63,-0.206537427,INTERNE
28,64,-0.13481163,INTERNE
28,65,0.3365533419,INTERNE
28,66,0.2378562621,INTERNE
28,67,0.0593279903,INTERNE
28,68,-0.089107819,INTERNE
28,69,-0.18145204,INTERNE
28,70,0.5739564572,INTERNE
28,71,-0.065004843,INTERNE
28,72,-0.148195219,INTERNE
28,73,0.4938739803,INTERNE
28,74,0.5509286181,INTERNE
28,75,0.1130631116,INTERNE
28,76,-0.310844461,INTERNE
28,77,-0.068782104,INTERNE
28,78,0.2182779141,INTERNE
28,79,-0.056997766,INTERNE
28,80,-0.021089648,INTERNE
28,81,-0.249227222,INTERNE
28,82,-0.315793751,INTERNE
28,83,-0.265290736,INTERNE
28,84,-0.10842173,INTERNE
28,85,0.5481336008,INTERNE
28,86,0.442445711,INTERNE
28,87,0.2412602577,INTERNE
28,88,-0.071171648,INTERNE
28,89,0.1691529296,INTERNE
28,90,-0.082347822,INTERNE
28,91,0.4344066426,INTERNE
28,92,0.1053704159,INTERNE
28,93,0.2465741726,INTERNE
28,94,0.0442467133,INTERNE
28,95,-0.089224589,INTERNE
28,96,-0.238937843,INTERNE
28,97,-0.031592158,INTERNE
28,98,-0.074173353,INTERNE
28,99,0.1177277209,INTERNE
28,100,0.1013040922,INTERNE
29,1,-0.389558869,INTERNE
29,2,0.1392179009,INTERNE
29,3,0.4659518539,INTERNE
29,4,-0.141127552,INTERNE
29,5,-0.11470747,INTERNE
29,6,-0.293174356,INTERNE
29,7,-0.085405208,INTERNE
29,8,-0.272430384,INTERNE
29,9,0.1845008224,INTERNE
29,10,0.0301710065,INTERNE
29,11,0.9398422766,INTERNE
29,12,0.0894634462,INTERNE
29,13,-0.053506182,INTERNE
29,14,-0.061574535,INTERNE
29,15,0.5392091875,INTERNE
29,16,-0.120889613,INTERNE
29,17,-0.221465465,INTERNE
29,18,0.5100734979,INTERNE
29,19,0.008450868,INTERNE
29,20,-0.409020406,INTERNE
29,21,0.2443793952,INTERNE
29,22,-0.131769961,INTERNE
29,23,-0.154673566,INTERNE
29,24,0.3791917359,INTERNE
29,25,-0.153756413,INTERNE
29,26,-0.084920281,INTERNE
29,27,0.3335472518,INTERNE
29,28,0.0562558665,INTERNE
29,29,0.2788692072,INTERNE
29,30,-0.000034141,INTERNE
29,31,-0.308139976,INTERNE
29,32,-0.021439874,INTERNE
29,33,0.4956370996,INTERNE
29,34,-0.299146755,INTERNE
29,35,0.0792041055,INTERNE
29,36,0.012126296,INTERNE
29,37,0.2622712132,INTERNE
29,38,0.1630189421,INTERNE
29,39,0.1184071479,INTERNE
29,40,0.0366910318,INTERNE
29,41,0.0911804842,INTERNE
29,42,-0.266709934,INTERNE
29,43,-0.176897466,INTERNE
29,44,0.5708433779,INTERNE
29,45,-0.249967924,INTERNE
29,46,0.2827300874,INTERNE
29,47,-0.384513803,INTERNE
29,48,-0.32725326,INTERNE
29,49,-0.096165393,INTERNE
29,50,0.0616786237,INTERNE
29,51,-0.074268044,INTERNE
29,52,0.380504649,INTERNE
29,53,0.1504234413,INTERNE
29,54,0.1070686234,INTERNE
29,55,-0.318158857,INTERNE
29,56,0.3661684469,INTERNE
29,57,-0.374224514,INTERNE
29,58,-0.309720603,INTERNE
29,59,-0.184790753,INTERNE
29,60,0.1730629475,INTERNE
29,61,-0.020461085,INTERNE
29,62,0.4030427347,INTERNE
29,63,-0.052915663,INTERNE
29,64,0.0549250216,INTERNE
29,65,0.5343025845,INTERNE
29,66,0.1236654407,INTERNE
29,67,0.1258739561,INTERNE
29,68,0.0368923878,INTERNE
29,69,0.3304194987,INTERNE
29,70,0.3603585951,INTERNE
29,71,-0.10058211,INTERNE
29,72,-0.174522513,INTERNE
29,73,0.2464817844,INTERNE
29,74,-0.219391694,INTERNE
29,75,0.2932563696,INTERNE
29,76,-0.10486384,INTERNE
29,77,-0.1554896,INTERNE
29,78,0.0628127024,INTERNE
29,79,0.0627827489,INTERNE
29,80,-0.380918745,INTERNE
29,81,-0.274205295,INTERNE
29,82,0.2614321574,INTERNE
29,83,-0.026684246,INTERNE
29,84,-0.042556584,INTERNE
29,85,0.2560587455,INTERNE
29,86,0.1435173068,INTERNE
29,87,-0.09034741,INTERNE
29,88,0.548415926,INTERNE
29,89,0.0650942918,INTERNE
29,90,-0.408309287,INTERNE
29,91,-0.311859871,INTERNE
29,92,0.0018877571,INTERNE
29,93,0.3676460615,INTERNE
29,94,-0.312185227,INTERNE
29,95,0.3720158726,INTERNE
29,96,0.2893774805,INTERNE
29,97,0.1353180638,INTERNE
29,98,0.2280994719,INTERNE
29,99,0.1601078904,INTERNE
29,100,0.2587238976,INTERNE
30,1,-0.535802802,INTERNE
30,2,-0.403569354,INTERNE
30,3,-0.094385165,INTERNE
30,4,-0.051393551,INTERNE
30,5,-0.195697942,INTERNE
30,6,0.3870500383,INTERNE
30,7,-0.121962558,INTERNE
30,8,0.3153422477,INTERNE
30,9,0.4058323149,INTERNE
30,10,-0.038555101,INTERNE
30,11,0.0098337263,INTERNE
30,12,0.3697159617,INTERNE
30,13,0.2402673482,INTERNE
30,14,-0.039834602,INTERNE
30,15,-0.114433437,INTERNE
30,16,-0.100592643,INTERNE
30,17,-0.294939517,INTERNE
30,18,-0.26271173,INTERNE
30,19,-0.099721051,INTERNE
30,20,-0.123364768,INTERNE
30,21,-0.042892613,INTERNE
30,22,-0.035730478,INTERNE
30,23,0.123048203,INTERNE
30,24,0.0145352868,INTERNE
30,25,-0.011083434,INTERNE
30,26,-0.405249986,INTERNE
30,27,0.0981943252,INTERNE
30,28,0.4327538113,INTERNE
30,29,-0.103822117,INTERNE
30,30,-0.054062139,INTERNE
30,31,-0.26335614,INTERNE
30,32,0.1206382223,INTERNE
30,33,-0.181898866,INTERNE
30,34,-0.071168773,INTERNE
30,35,-0.286263784,INTERNE
30,36,0.1320105242,INTERNE
30,37,-0.075580688,INTERNE
30,38,-0.137811542,INTERNE
30,39,0.2791740182,INTERNE
30,40,-0.232476253,INTERNE
30,41,-0.35152815,INTERNE
30,42,-0.151864991,INTERNE
30,43,-0.005694055,INTERNE
30,44,0.106058485,INTERNE
30,45,0.0357233422,INTERNE
30,46,0.4350052644,INTERNE
30,47,0.0367514378,INTERNE
30,48,-0.326243777,INTERNE
30,49,-0.250710341,INTERNE
30,50,0.1116319719,INTERNE
30,51,-0.325163417,INTERNE
30,52,-0.166491345,INTERNE
30,53,0.0131611665,INTERNE
30,54,-0.171656993,INTERNE
30,55,0.1888715278,INTERNE
30,56,0.109115449,INTERNE
30,57,-0.040386936,INTERNE
30,58,-0.199778202,INTERNE
30,59,0.0944130027,INTERNE
30,60,0.0220608248,INTERNE
30,61,0.0934067345,INTERNE
30,62,0.6693945963,INTERNE
30,63,0.5656617847,INTERNE
30,64,-0.175553267,INTERNE
30,65,-0.339958736,INTERNE
30,66,-0.05583682,INTERNE
30,67,-0.038065668,INTERNE
30,68,-0.220335358,INTERNE
30,69,0.1326410078,INTERNE
30,70,0.3924568908,INTERNE
30,71,0.033963415,INTERNE
30,72,0.0427778086,INTERNE
30,73,0.0175051969,INTERNE
30,74,0.219978094,INTERNE
30,75,-0.059020388,INTERNE
30,76,-0.399218349,INTERNE
30,77,0.1831027433,INTERNE
30,78,0.0919391173,INTERNE
30,79,-0.088172439,INTERNE
30,80,0.6501643112,INTERNE
30,81,0.0445081189,INTERNE
30,82,-0.195303849,INTERNE
30,83,-0.029537023,INTERNE
30,84,-0.181602102,INTERNE
30,85,0.2006051071,INTERNE
30,86,0.3946865864,INTERNE
30,87,-0.025375763,INTERNE
30,88,-0.243604778,INTERNE
30,89,-0.121638587,INTERNE
30,90,-0.012657695,INTERNE
30,91,0.6348571749,INTERNE
30,92,0.0194678765,INTERNE
30,93,0.0756467496,INTERNE
30,94,0.1556912673,INTERNE
30,95,-0.024649568,INTERNE
30,96,-0.199280748,INTERNE
30,97,-0.171659713,INTERNE
30,98,0.1804333621,INTERNE
30,99,-0.293284383,INTERNE
30,100,0.6794735734,INTERNE
31,1,0.0332096866,INTERNE
31,2,-0.26792899,INTERNE
31,3,0.0294531263,INTERNE
31,4,0.2582848882,INTERNE
31,5,0.1644325842,INTERNE
31,6,0.1669421269,INTERNE
31,7,0.0682591546,INTERNE
31,8,0.1894454318,INTERNE
31,9,0.409436136,INTERNE
31,10,-0.160021987,INTERNE
31,11,0.1952615468,INTERNE
31,12,0.3118535371,INTERNE
31,13,0.2736375117,INTERNE
31,14,-0.230111167,INTERNE
31,15,0.0061325115,INTERNE
31,16,0.1498795015,INTERNE
31,17,0.055304031,INTERNE
31,18,0.2925863802,INTERNE
31,19,-0.138061602,INTERNE
31,20,0.0663686558,INTERNE
31,21,0.2990284631,INTERNE
31,22,-0.107354241,INTERNE
31,23,-0.152407346,INTERNE
31,24,0.1205855554,INTERNE
31,25,-0.399328466,INTERNE
31,26,0.3103836835,INTERNE
31,27,0.0608636543,INTERNE
31,28,-0.061338216,INTERNE
31,29,-0.148518498,INTERNE
31,30,-0.300739532,INTERNE
31,31,0.4552947288,INTERNE
31,32,0.1068559477,INTERNE
31,33,0.2514051688,INTERNE
31,34,-0.347839656,INTERNE
31,35,0.0694685859,INTERNE
31,36,0.0660538355,INTERNE
31,37,-0.324884913,INTERNE
31,38,-0.018403554,INTERNE
31,39,0.161078725,INTERNE
31,40,-0.171463883,INTERNE
31,41,0.3156474599,INTERNE
31,42,-0.060177399,INTERNE
31,43,-0.37091363,INTERNE
31,44,0.514288708,INTERNE
31,45,-0.316228688,INTERNE
31,46,0.411623743,INTERNE
31,47,-0.214390545,INTERNE
31,48,0.0166737663,INTERNE
31,49,0.4640341572,INTERNE
31,50,0.422186157,INTERNE
31,51,0.0851499141,INTERNE
31,52,-0.064831281,INTERNE
31,53,0.2434369558,INTERNE
31,54,0.6037879922,INTERNE
31,55,-0.092670337,INTERNE
31,56,-0.033112686,INTERNE
31,57,0.0170420906,INTERNE
31,58,-0.128359781,INTERNE
31,59,-0.211265598,INTERNE
31,60,-0.230665523,INTERNE
31,61,-0.063788791,INTERNE
31,62,0.1307287406,INTERNE
31,63,0.0167896154,INTERNE
31,64,0.2750199183,INTERNE
31,65,-0.144548078,INTERNE
31,66,0.0860068182,INTERNE
31,67,0.403295871,INTERNE
31,68,-0.138056716,INTERNE
31,69,-0.25213879,INTERNE
31,70,-0.10531613,INTERNE
31,71,0.1644960706,INTERNE
31,72,-0.060653905,INTERNE
31,73,0.087118663,INTERNE
31,74,0.6900983198,INTERNE
31,75,-0.42606127,INTERNE
31,76,-0.088213976,INTERNE
31,77,-0.302904943,INTERNE
31,78,-0.010499705,INTERNE
31,79,0.0868264379,INTERNE
31,80,-0.268676464,INTERNE
31,81,-0.315323355,INTERNE
31,82,-0.414553584,INTERNE
31,83,-0.195493552,INTERNE
31,84,-0.202418565,INTERNE
31,85,0.1567746321,INTERNE
31,86,0.1250036768,INTERNE
31,87,-0.279744817,INTERNE
31,88,-0.080175968,INTERNE
31,89,0.4061171354,INTERNE
31,90,-0.23545746,INTERNE
31,91,0.2270038081,INTERNE
31,92,-0.18127092,INTERNE
31,93,-0.036773029,INTERNE
31,94,0.3576097131,INTERNE
31,95,-0.143080222,INTERNE
31,96,0.0390035822,INTERNE
31,97,-0.208726803,INTERNE
31,98,-0.035873993,INTERNE
31,99,0.0714735562,INTERNE
31,100,0.9347588468,INTERNE
32,1,0.1376188764,INTERNE
32,2,0.3795290964,INTERNE
32,3,-0.084091141,INTERNE
32,4,-0.082302691,INTERNE
32,5,-0.162998578,INTERNE
32,6,-0.06867109,INTERNE
32,7,-0.246513845,INTERNE
32,8,-0.168125269,INTERNE
32,9,-0.219276784,INTERNE
32,10,-0.263634142,INTERNE
32,11,-0.058126844,INTERNE
32,12,-0.077622665,INTERNE
32,13,-0.070061835,INTERNE
32,14,0.0091609119,INTERNE
32,15,0.1012613814,INTERNE
32,16,0.092834349,INTERNE
32,17,0.4936302128,INTERNE
32,18,-0.342727376,INTERNE
32,19,0.4888325174,INTERNE
32,20,-0.395263432,INTERNE
32,21,0.0722064596,INTERNE
32,22,-0.179861112,INTERNE
32,23,0.1600488283,INTERNE
32,24,-0.064353659,INTERNE
32,25,0.1617143752,INTERNE
32,26,0.0572051769,INTERNE
32,27,-0.002592689,INTERNE
32,28,0.5358895263,INTERNE
32,29,0.1148843345,INTERNE
32,30,0.1266652255,INTERNE
32,31,-0.019507535,INTERNE
32,32,0.7702309179,INTERNE
32,33,-0.256774483,INTERNE
32,34,0.3040540707,INTERNE
32,35,-0.309003205,INTERNE
32,36,0.4054765122,INTERNE
32,37,0.010566596,INTERNE
32,38,-0.260271869,INTERNE
32,39,-0.143076663,INTERNE
32,40,0.1019509236,INTERNE
32,41,0.3234307165,INTERNE
32,42,0.429854101,INTERNE
32,43,0.2966425213,INTERNE
32,44,0.1469823822,INTERNE
32,45,0.0556815288,INTERNE
32,46,0.1256297754,INTERNE
32,47,0.2663480016,INTERNE
32,48,0.0554506869,INTERNE
32,49,0.1024021619,INTERNE
32,50,-0.348500215,INTERNE
32,51,-0.235426993,INTERNE
32,52,0.0346748995,INTERNE
32,53,0.0244768651,INTERNE
32,54,-0.071017107,INTERNE
32,55,0.046522717,INTERNE
32,56,-0.186103365,INTERNE
32,57,-0.209106935,INTERNE
32,58,0.1784166207,INTERNE
32,59,0.2937137418,INTERNE
32,60,1.0024153111,INTERNE
32,61,-0.223413187,INTERNE
32,62,0.708346632,INTERNE
32,63,0.0790155726,INTERNE
32,64,-0.320650328,INTERNE
32,65,0.1653385766,INTERNE
32,66,-0.085383247,INTERNE
32,67,0.5279256923,INTERNE
32,68,-0.072000869,INTERNE
32,69,0.4847291021,INTERNE
32,70,-0.108504621,INTERNE
32,71,0.3001615476,INTERNE
32,72,0.1332715743,INTERNE
32,73,0.1124392213,INTERNE
32,74,-0.051056447,INTERNE
32,75,0.3164086762,INTERNE
32,76,-0.066319663,INTERNE
32,77,0.4433703665,INTERNE
32,78,-0.083799843,INTERNE
32,79,0.4043032591,INTERNE
32,80,0.4520236753,INTERNE
32,81,0.0999604632,INTERNE
32,82,0.1156546618,INTERNE
32,83,-0.025797361,INTERNE
32,84,-0.397959291,INTERNE
32,85,-0.081214489,INTERNE
32,86,-0.067670242,INTERNE
32,87,-0.109234189,INTERNE
32,88,0.1694611319,INTERNE
32,89,0.1117485638,INTERNE
32,90,0.0654644643,INTERNE
32,91,-0.202139823,INTERNE
32,92,-0.042641499,INTERNE
32,93,0.1132425467,INTERNE
32,94,-0.31187869,INTERNE
32,95,-0.154756655,INTERNE
32,96,0.0912384695,INTERNE
32,97,-0.360355209,INTERNE
32,98,0.0154272844,INTERNE
32,99,-0.175249472,INTERNE
32,100,-0.437195282,INTERNE
33,1,0.0376175834,INTERNE
33,2,0.2907056453,INTERNE
33,3,0.2040731623,INTERNE
33,4,0.3400202089,INTERNE
33,5,-0.193188855,INTERNE
33,6,0.189365766,INTERNE
33,7,-0.060649461,INTERNE
33,8,0.0033063678,INTERNE
33,9,-0.010149003,INTERNE
33,10,0.0180874075,INTERNE
33,11,-0.066452435,INTERNE
33,12,0.5731138173,INTERNE
33,13,-0.113193264,INTERNE
33,14,-0.081652483,INTERNE
33,15,-0.027914919,INTERNE
33,16,-0.191573233,INTERNE
33,17,0.0295199461,INTERNE
33,18,0.0401703763,INTERNE
33,19,-0.004097864,INTERNE
33,20,-0.339269154,INTERNE
33,21,-0.33284905,INTERNE
33,22,-0.038602529,INTERNE
33,23,0.3388548587,INTERNE
33,24,-0.043177578,INTERNE
33,25,0.1149793175,INTERNE
33,26,0.2895559928,INTERNE
33,27,0.0174229493,INTERNE
33,28,0.5572875026,INTERNE
33,29,0.0730259151,INTERNE
33,30,0.3385460774,INTERNE
33,31,-0.044887561,INTERNE
33,32,0.0347002466,INTERNE
33,33,0.6571473242,INTERNE
33,34,0.349041548,INTERNE
33,35,-0.289494756,INTERNE
33,36,0.0715157242,INTERNE
33,37,0.260414392,INTERNE
33,38,0.1321416196,INTERNE
33,39,-0.03439112,INTERNE
33,40,-0.402871768,INTERNE
33,41,0.1416117052,INTERNE
33,42,-0.248243345,INTERNE
33,43,-0.276438645,INTERNE
33,44,0.215773527,INTERNE
33,45,0.026630328,INTERNE
33,46,0.1156154047,INTERNE
33,47,-0.068670739,INTERNE
33,48,0.3929080749,INTERNE
33,49,0.1395864198,INTERNE
33,50,-0.120476437,INTERNE
33,51,-0.157318232,INTERNE
33,52,-0.022251263,INTERNE
33,53,-0.190693985,INTERNE
33,54,0.0590102977,INTERNE
33,55,-0.123857063,INTERNE
33,56,0.2173791739,INTERNE
33,57,-0.242511621,INTERNE
33,58,0.0620936311,INTERNE
33,59,-0.260530266,INTERNE
33,60,0.0166952668,INTERNE
33,61,-0.083680607,INTERNE
33,62,-0.096062473,INTERNE
33,63,-0.060509381,INTERNE
33,64,-0.248832756,INTERNE
33,65,0.0147871645,INTERNE
33,66,-0.149053969,INTERNE
33,67,-0.125293267,INTERNE
33,68,0.0142781698,INTERNE
33,69,0.1424185842,INTERNE
33,70,0.0302905268,INTERNE
33,71,0.1465857632,INTERNE
33,72,-0.083260957,INTERNE
33,73,0.3872693131,INTERNE
33,74,-0.206715655,INTERNE
33,75,-0.215365009,INTERNE
33,76,0.1093310745,INTERNE
33,77,-0.139963777,INTERNE
33,78,0.1597069715,INTERNE
33,79,-0.195903297,INTERNE
33,80,0.0213185398,INTERNE
33,81,0.2714944542,INTERNE
33,82,-0.021316501,INTERNE
33,83,0.0680858103,INTERNE
33,84,0.3284710194,INTERNE
33,85,0.1904228618,INTERNE
33,86,0.293750514,INTERNE
33,87,-0.04147902,INTERNE
33,88,0.0741850858,INTERNE
33,89,-0.332629865,INTERNE
33,90,-0.139799773,INTERNE
33,91,-0.095215827,INTERNE
33,92,0.2382465089,INTERNE
33,93,0.2456035829,INTERNE
33,94,0.2053385362,INTERNE
33,95,0.1235783369,INTERNE
33,96,0.0235212167,INTERNE
33,97,-0.156994911,INTERNE
33,98,0.1780323198,INTERNE
33,99,0.504557485,INTERNE
33,100,0.0664433301,INTERNE
34,1,0.063381737,INTERNE
34,2,-0.015041787,INTERNE
34,3,-0.15679117,INTERNE
34,4,0.0605704286,INTERNE
34,5,0.692243094,INTERNE
34,6,0.1673577251,INTERNE
34,7,-0.168619382,INTERNE
34,8,0.0352343369,INTERNE
34,9,0.8652470661,INTERNE
34,10,-0.100737045,INTERNE
34,11,-0.206787678,INTERNE
34,12,-0.027835256,INTERNE
34,13,0.5035777273,INTERNE
34,14,0.1809709727,INTERNE
34,15,0.4583117937,INTERNE
34,16,0.0039835212,INTERNE
34,17,-0.211994878,INTERNE
34,18,0.1928680676,INTERNE
34,19,0.0449910843,INTERNE
34,20,-0.310337832,INTERNE
34,21,-0.281307016,INTERNE
34,22,0.1743365956,INTERNE
34,23,0.0712369423,INTERNE
34,24,0.2989064975,INTERNE
34,25,-0.187012617,INTERNE
34,26,-0.362824273,INTERNE
34,27,-0.150022878,INTERNE
34,28,-0.160652923,INTERNE
34,29,-0.092736524,INTERNE
34,30,0.0460345737,INTERNE
34,31,-0.020662079,INTERNE
34,32,0.0052454402,INTERNE
34,33,-0.042132955,INTERNE
34,34,-0.149897632,INTERNE
34,35,-0.090398342,INTERNE
34,36,0.1840371257,INTERNE
34,37,0.1352602905,INTERNE
34,38,0.1213822023,INTERNE
34,39,-0.041051469,INTERNE
34,40,0.7535933465,INTERNE
34,41,-0.059828304,INTERNE
34,42,-0.294460389,INTERNE
34,43,0.0650271373,INTERNE
34,44,0.3885596964,INTERNE
34,45,-0.006931691,INTERNE
34,46,-0.117735765,INTERNE
34,47,-0.318173932,INTERNE
34,48,0.3138442326,INTERNE
34,49,-0.008155325,INTERNE
34,50,-0.180921581,INTERNE
34,51,0.5966674628,INTERNE
34,52,0.0888407059,INTERNE
34,53,0.0582939728,INTERNE
34,54,-0.222343645,INTERNE
34,55,-0.188315214,INTERNE
34,56,-0.045172025,INTERNE
34,57,0.127797645,INTERNE
34,58,-0.23324201,INTERNE
34,59,0.1727229398,INTERNE
34,60,0.3745297433,INTERNE
34,61,0.0898258402,INTERNE
34,62,-0.026405544,INTERNE
34,63,0.0313518777,INTERNE
34,64,0.0675601177,INTERNE
34,65,0.3385189865,INTERNE
34,66,-0.063482157,INTERNE
34,67,-0.237800405,INTERNE
34,68,-0.117957489,INTERNE
34,69,0.3659864892,INTERNE
34,70,-0.237998674,INTERNE
34,71,0.4816847835,INTERNE
34,72,0.1384838549,INTERNE
34,73,-0.123542602,INTERNE
34,74,0.0025446996,INTERNE
34,75,-0.142854755,INTERNE
34,76,-0.018277828,INTERNE
34,77,0.0356923456,INTERNE
34,78,-0.102687616,INTERNE
34,79,-0.410526549,INTERNE
34,80,0.387325429,INTERNE
34,81,0.0727646936,INTERNE
34,82,0.5888952897,INTERNE
34,83,-0.136774997,INTERNE
34,84,0.0709573427,INTERNE
34,85,0.2715845255,INTERNE
34,86,-0.216021142,INTERNE
34,87,-0.137861764,INTERNE
34,88,0.1042645067,INTERNE
34,89,-0.305488642,INTERNE
34,90,-0.460539023,INTERNE
34,91,0.0392777328,INTERNE
34,92,-0.139867064,INTERNE
34,93,0.0251020657,INTERNE
34,94,0.0226825137,INTERNE
34,95,0.0657021807,INTERNE
34,96,-0.105749053,INTERNE
34,97,0.4581425911,INTERNE
34,98,0.2123311718,INTERNE
34,99,0.0132735382,INTERNE
34,100,-0.071711692,INTERNE
35,1,0.2961266989,INTERNE
35,2,0.0561926541,INTERNE
35,3,-0.306781826,INTERNE
35,4,-0.298604525,INTERNE
35,5,0.0901514356,INTERNE
35,6,0.3310596858,INTERNE
35,7,-0.054959569,INTERNE
35,8,-0.3464922,INTERNE
35,9,-0.22658302,INTERNE
35,10,0.0558647605,INTERNE
35,11,0.3305170797,INTERNE
35,12,0.1371093809,INTERNE
35,13,-0.171435368,INTERNE
35,14,0.1104687637,INTERNE
35,15,-0.072942482,INTERNE
35,16,-0.281306725,INTERNE
35,17,0.0470588483,INTERNE
35,18,0.0152918545,INTERNE
35,19,-0.156549015,INTERNE
35,20,-0.090456349,INTERNE
35,21,0.1021871045,INTERNE
35,22,0.2604270005,INTERNE
35,23,0.087212558,INTERNE
35,24,-0.042470817,INTERNE
35,25,-0.023045565,INTERNE
35,26,-0.16679687,INTERNE
35,27,0.2728445888,INTERNE
35,28,-0.099497909,INTERNE
35,29,-0.181170498,INTERNE
35,30,0.032884004,INTERNE
35,31,-0.068704528,INTERNE
35,32,0.1521813631,INTERNE
35,33,0.044255588,INTERNE
35,34,0.1085087748,INTERNE
35,35,0.1936934295,INTERNE
35,36,-0.164841388,INTERNE
35,37,-0.047157812,INTERNE
35,38,-0.018099532,INTERNE
35,39,0.1399257849,INTERNE
35,40,-0.124846104,INTERNE
35,41,0.1990192539,INTERNE
35,42,-0.228727438,INTERNE
35,43,0.3048552331,INTERNE
35,44,0.191838747,INTERNE
35,45,-0.101124027,INTERNE
35,46,0.5467455018,INTERNE
35,47,-0.108553955,INTERNE
35,48,-0.087145759,INTERNE
35,49,-0.084751603,INTERNE
35,50,0.2209869794,INTERNE
35,51,-0.008906746,INTERNE
35,52,-0.26821133,INTERNE
35,53,0.3899519429,INTERNE
35,54,-0.151980658,INTERNE
35,55,0.136349573,INTERNE
35,56,0.8021180662,INTERNE
35,57,0.2310855046,INTERNE
35,58,0.0917702081,INTERNE
35,59,0.5994513054,INTERNE
35,60,-0.218122542,INTERNE
35,61,0.1971853269,INTERNE
35,62,-0.023618593,INTERNE
35,63,-0.13713544,INTERNE
35,64,-0.080112233,INTERNE
35,65,0.3076380581,INTERNE
35,66,-0.073462503,INTERNE
35,67,-0.165483789,INTERNE
35,68,0.0693489242,INTERNE
35,69,0.0998265766,INTERNE
35,70,0.3777716363,INTERNE
35,71,0.4038920508,INTERNE
35,72,0.3011791587,INTERNE
35,73,-0.224126666,INTERNE
35,74,0.1769233692,INTERNE
35,75,-0.179450328,INTERNE
35,76,-0.024857964,INTERNE
35,77,0.1619010047,INTERNE
35,78,0.0664301541,INTERNE
35,79,0.0595826638,INTERNE
35,80,0.016019362,INTERNE
35,81,0.0811872603,INTERNE
35,82,-0.178088172,INTERNE
35,83,-0.349549819,INTERNE
35,84,0.1112142062,INTERNE
35,85,-0.132990271,INTERNE
35,86,-0.137469329,INTERNE
35,87,0.0313489652,INTERNE
35,88,-0.093900475,INTERNE
35,89,-0.081580156,INTERNE
35,90,-0.395879798,INTERNE
35,91,-0.153414065,INTERNE
35,92,-0.178859405,INTERNE
35,93,-0.003955336,INTERNE
35,94,-0.24576641,INTERNE
35,95,0.1250368768,INTERNE
35,96,0.3937653309,INTERNE
35,97,-0.390325118,INTERNE
35,98,0.3007975619,INTERNE
35,99,-0.11862847,INTERNE
35,100,0.0044696377,INTERNE
36,1,0.1681033233,INTERNE
36,2,-0.267847778,INTERNE
36,3,0.1952399069,INTERNE
36,4,-0.01914084,INTERNE
36,5,-0.112470963,INTERNE
36,6,0.0562517828,INTERNE
36,7,0.0284593438,INTERNE
36,8,-0.22441781,INTERNE
36,9,0.1194837951,INTERNE
36,10,-0.354012671,INTERNE
36,11,-0.121620743,INTERNE
36,12,-0.141754226,INTERNE
36,13,0.2593270616,INTERNE
36,14,0.1144989925,INTERNE
36,15,0.4845629375,INTERNE
36,16,0.0896196848,INTERNE
36,17,-0.393755418,INTERNE
36,18,-0.134775819,INTERNE
36,19,0.1763984738,INTERNE
36,20,-0.050768949,INTERNE
36,21,0.1038496004,INTERNE
36,22,0.1541343528,INTERNE
36,23,0.1161961696,INTERNE
36,24,0.4894503826,INTERNE
36,25,0.0800121698,INTERNE
36,26,0.0046794852,INTERNE
36,27,-0.072276023,INTERNE
36,28,0.1143452488,INTERNE
36,29,0.2423027733,INTERNE
36,30,0.1164112771,INTERNE
36,31,0.497687865,INTERNE
36,32,-0.058617118,INTERNE
36,33,-0.067026441,INTERNE
36,34,-0.000879498,INTERNE
36,35,-0.263421446,INTERNE
36,36,-0.334200284,INTERNE
36,37,-0.054793552,INTERNE
36,38,0.1221165294,INTERNE
36,39,0.0390762708,INTERNE
36,40,0.4314624039,INTERNE
36,41,-0.01669469,INTERNE
36,42,-0.182344655,INTERNE
36,43,0.1350162179,INTERNE
36,44,0.4135918348,INTERNE
36,45,-0.465084782,INTERNE
36,46,0.0174457039,INTERNE
36,47,0.0395908127,INTERNE
36,48,0.1054186325,INTERNE
36,49,0.2759139816,INTERNE
36,50,0.1758959863,INTERNE
36,51,-0.186090801,INTERNE
36,52,-0.147081835,INTERNE
36,53,0.2155924543,INTERNE
36,54,0.0275374444,INTERNE
36,55,-0.058768819,INTERNE
36,56,-0.042940001,INTERNE
36,57,0.3981971166,INTERNE
36,58,0.1777443682,INTERNE
36,59,0.2761110989,INTERNE
36,60,0.4396351484,INTERNE
36,61,-0.10331434,INTERNE
36,62,-0.170564722,INTERNE
36,63,-0.057274352,INTERNE
36,64,-0.214003402,INTERNE
36,65,-0.227557054,INTERNE
36,66,-0.272474799,INTERNE
36,67,0.2842830691,INTERNE
36,68,-0.074540301,INTERNE
36,69,0.2054810803,INTERNE
36,70,0.4058047836,INTERNE
36,71,0.0221294263,INTERNE
36,72,0.2552671652,INTERNE
36,73,0.0560234654,INTERNE
36,74,0.0080488417,INTERNE
36,75,-0.020138344,INTERNE
36,76,-0.30575149,INTERNE
36,77,-0.078603086,INTERNE
36,78,-0.213559649,INTERNE
36,79,0.2174778802,INTERNE
36,80,0.0655938251,INTERNE
36,81,0.2181209726,INTERNE
36,82,0.363817331,INTERNE
36,83,0.2710974888,INTERNE
36,84,0.0219026048,INTERNE
36,85,-0.27932944,INTERNE
36,86,-0.397325895,INTERNE
36,87,-0.120946751,INTERNE
36,88,-0.028602677,INTERNE
36,89,0.1296292081,INTERNE
36,90,-0.116240067,INTERNE
36,91,0.4586526679,INTERNE
36,92,-0.053105789,INTERNE
36,93,0.0306758345,INTERNE
36,94,-0.149509042,INTERNE
36,95,0.0441958936,INTERNE
36,96,0.1519476638,INTERNE
36,97,0.3181542564,INTERNE
36,98,0.1194894636,INTERNE
36,99,-0.283588079,INTERNE
36,100,-0.070309167,INTERNE
37,1,0.1369230587,INTERNE
37,2,0.0324757345,INTERNE
37,3,-0.015085326,INTERNE
37,4,-0.218481246,INTERNE
37,5,-0.040202481,INTERNE
37,6,0.1938788332,INTERNE
37,7,-0.187323913,INTERNE
37,8,0.1443810894,INTERNE
37,9,0.0039624716,INTERNE
37,10,0.0131826603,INTERNE
37,11,-0.254788536,INTERNE
37,12,0.5071190437,INTERNE
37,13,0.4267464398,INTERNE
37,14,-0.08485689,INTERNE
37,15,0.2885121702,INTERNE
37,16,-0.240243456,INTERNE
37,17,0.5357271773,INTERNE
37,18,-0.24365445,INTERNE
37,19,0.1950020179,INTERNE
37,20,-0.076608038,INTERNE
37,21,-0.217705494,INTERNE
37,22,0.280044902,INTERNE
37,23,0.0070089158,INTERNE
37,24,0.0341241004,INTERNE
37,25,0.2844953463,INTERNE
37,26,0.8001176203,INTERNE
37,27,-0.295342167,INTERNE
37,28,-0.098150886,INTERNE
37,29,0.136954205,INTERNE
37,30,0.2020739169,INTERNE
37,31,-0.194319076,INTERNE
37,32,0.1177650056,INTERNE
37,33,0.0250573238,INTERNE
37,34,-0.299799685,INTERNE
37,35,-0.123513304,INTERNE
37,36,0.1511824751,INTERNE
37,37,0.2510078693,INTERNE
37,38,-0.106198818,INTERNE
37,39,0.2782515871,INTERNE
37,40,0.2703877962,INTERNE
37,41,-0.429912937,INTERNE
37,42,0.4756043435,INTERNE
37,43,-0.146982095,INTERNE
37,44,-0.219479369,INTERNE
37,45,-0.058739735,INTERNE
37,46,0.2353079704,INTERNE
37,47,-0.000814239,INTERNE
37,48,-0.026699241,INTERNE
37,49,-0.392680125,INTERNE
37,50,0.3679529191,INTERNE
37,51,-0.39051408,INTERNE
37,52,0.3769197787,INTERNE
37,53,0.2139539973,INTERNE
37,54,0.2322275167,INTERNE
37,55,-0.176859385,INTERNE
37,56,0.0041056038,INTERNE
37,57,0.1007207903,INTERNE
37,58,-0.220308898,INTERNE
37,59,0.0860952936,INTERNE
37,60,0.0879535199,INTERNE
37,61,0.0881532672,INTERNE
37,62,-0.2762388,INTERNE
37,63,-0.157468592,INTERNE
37,64,-0.071152729,INTERNE
37,65,0.0076413854,INTERNE
37,66,-0.158757262,INTERNE
37,67,0.2547976467,INTERNE
37,68,-0.004236181,INTERNE
37,69,0.180798104,INTERNE
37,70,0.1059098994,INTERNE
37,71,-0.03424873,INTERNE
37,72,0.1835504232,INTERNE
37,73,0.3079486,INTERNE
37,74,0.0565319538,INTERNE
37,75,-0.266759999,INTERNE
37,76,0.2941437049,INTERNE
37,77,-0.002876644,INTERNE
37,78,0.0211906196,INTERNE
37,79,-0.034150131,INTERNE
37,80,-0.203252868,INTERNE
37,81,0.1919687756,INTERNE
37,82,-0.203973267,INTERNE
37,83,-0.237956892,INTERNE
37,84,-0.056595174,INTERNE
37,85,0.0607346402,INTERNE
37,86,0.091509411,INTERNE
37,87,0.2629409908,INTERNE
37,88,-0.071213555,INTERNE
37,89,0.3973499795,INTERNE
37,90,-0.174250623,INTERNE
37,91,0.0047942984,INTERNE
37,92,-0.053878748,INTERNE
37,93,-0.063514799,INTERNE
37,94,-0.341847171,INTERNE
37,95,-0.027609808,INTERNE
37,96,-0.35757143,INTERNE
37,97,0.4124359702,INTERNE
37,98,0.2316660025,INTERNE
37,99,0.4533201304,INTERNE
37,100,0.4181717103,INTERNE
38,1,-0.093096242,INTERNE
38,2,-0.035197482,INTERNE
38,3,-0.20149774,INTERNE
38,4,-0.095270345,INTERNE
38,5,-0.097567126,INTERNE
38,6,-0.417547858,INTERNE
38,7,0.0190721144,INTERNE
38,8,-0.124821421,INTERNE
38,9,-0.189584154,INTERNE
38,10,0.3384244951,INTERNE
38,11,-0.083451068,INTERNE
38,12,-0.269021647,INTERNE
38,13,-0.220503819,INTERNE
38,14,-0.057457429,INTERNE
38,15,-0.118980869,INTERNE
38,16,0.9761927102,INTERNE
38,17,0.0206402197,INTERNE
38,18,0.0612369378,INTERNE
38,19,0.1934837986,INTERNE
38,20,-0.180439647,INTERNE
38,21,-0.01039731,INTERNE
38,22,0.3197286809,INTERNE
38,23,-0.053350724,INTERNE
38,24,-0.015205059,INTERNE
38,25,0.0342225844,INTERNE
38,26,0.1856256918,INTERNE
38,27,0.0335853648,INTERNE
38,28,-0.46005239,INTERNE
38,29,-0.183626594,INTERNE
38,30,0.1279239246,INTERNE
38,31,0.6517757104,INTERNE
38,32,0.026735692,INTERNE
38,33,-0.254521371,INTERNE
38,34,-0.402083239,INTERNE
38,35,0.1394723139,INTERNE
38,36,0.0638149864,INTERNE
38,37,0.2354200344,INTERNE
38,38,0.0447111388,INTERNE
38,39,0.1713185246,INTERNE
38,40,-0.226487252,INTERNE
38,41,-0.017726063,INTERNE
38,42,0.364464195,INTERNE
38,43,-0.432171994,INTERNE
38,44,0.0125985154,INTERNE
38,45,0.6660219927,INTERNE
38,46,-0.187412341,INTERNE
38,47,0.4861027737,INTERNE
38,48,0.437687699,INTERNE
38,49,0.007878019,INTERNE
38,50,0.1662778503,INTERNE
38,51,-0.037193261,INTERNE
38,52,0.1746553637,INTERNE
38,53,0.2263282466,INTERNE
38,54,0.3917576615,INTERNE
38,55,0.9908599863,INTERNE
38,56,-0.500572391,INTERNE
38,57,-0.00562319,INTERNE
38,58,0.0608369154,INTERNE
38,59,0.0165148731,INTERNE
38,60,0.1388122739,INTERNE
38,61,0.115169103,INTERNE
38,62,-0.291312556,INTERNE
38,63,-0.07981278,INTERNE
38,64,-0.135765928,INTERNE
38,65,-0.023045541,INTERNE
38,66,-0.02691239,INTERNE
38,67,0.3222896442,INTERNE
38,68,-0.20277764,INTERNE
38,69,-0.094137886,INTERNE
38,70,0.2776713536,INTERNE
38,71,-0.157229154,INTERNE
38,72,-0.426083966,INTERNE
38,73,0.1191451678,INTERNE
38,74,-0.098444874,INTERNE
38,75,0.046180483,INTERNE
38,76,-0.351865219,INTERNE
38,77,0.0315858971,INTERNE
38,78,-0.252679499,INTERNE
38,79,-0.437486228,INTERNE
38,80,-0.435457289,INTERNE
38,81,-0.468814506,INTERNE
38,82,0.04901824,INTERNE
38,83,0.652972011,INTERNE
38,84,-0.109106897,INTERNE
38,85,-0.034817041,INTERNE
38,86,0.3176149771,INTERNE
38,87,-0.142288861,INTERNE
38,88,-0.466051031,INTERNE
38,89,-0.099645142,INTERNE
38,90,-0.22019532,INTERNE
38,91,-0.301934625,INTERNE
38,92,0.0576849428,INTERNE
38,93,-0.325746932,INTERNE
38,94,0.4695857265,INTERNE
38,95,0.1254822536,INTERNE
38,96,-0.114493994,INTERNE
38,97,-0.144350215,INTERNE
38,98,0.3401736338,INTERNE
38,99,0.3216164803,INTERNE
38,100,0.5387278381,INTERNE
39,1,0.1655838299,INTERNE
39,2,-0.065566132,INTERNE
39,3,0.3292303642,INTERNE
39,4,-0.065162979,INTERNE
39,5,0.1405331493,INTERNE
39,6,0.1843001694,INTERNE
39,7,-0.083788918,INTERNE
39,8,0.0226889378,INTERNE
39,9,-0.333226101,INTERNE
39,10,0.1004132414,INTERNE
39,11,-0.232639929,INTERNE
39,12,-0.413940906,INTERNE
39,13,-0.224563424,INTERNE
39,14,0.4514333763,INTERNE
39,15,0.1687611305,INTERNE
39,16,-0.207731845,INTERNE
39,17,0.4979634069,INTERNE
39,18,0.0847458876,INTERNE
39,19,0.215560375,INTERNE
39,20,-0.163201013,INTERNE
39,21,0.027891873,INTERNE
39,22,-0.013786741,INTERNE
39,23,-0.152090521,INTERNE
39,24,0.5965157256,INTERNE
39,25,-0.257528334,INTERNE
39,26,-0.030257552,INTERNE
39,27,0.1220195889,INTERNE
39,28,0.1461167077,INTERNE
39,29,0.1134879789,INTERNE
39,30,0.1131259857,INTERNE
39,31,-0.056718048,INTERNE
39,32,-0.048937963,INTERNE
39,33,0.5185911328,INTERNE
39,34,0.2433920076,INTERNE
39,35,-0.092833121,INTERNE
39,36,0.1613245668,INTERNE
39,37,0.3582156375,INTERNE
39,38,-0.03430512,INTERNE
39,39,0.1976933859,INTERNE
39,40,0.6308305909,INTERNE
39,41,-0.038817706,INTERNE
39,42,-0.074150811,INTERNE
39,43,-0.200300724,INTERNE
39,44,-0.24479828,INTERNE
39,45,-0.020518317,INTERNE
39,46,-0.104843846,INTERNE
39,47,-0.465476722,INTERNE
39,48,-0.047903977,INTERNE
39,49,0.2000785054,INTERNE
39,50,0.0103967213,INTERNE
39,51,0.0213750038,INTERNE
39,52,-0.039662749,INTERNE
39,53,-0.215064731,INTERNE
39,54,0.4020188513,INTERNE
39,55,0.3217212798,INTERNE
39,56,0.0390345758,INTERNE
39,57,-0.118491472,INTERNE
39,58,0.1220740435,INTERNE
39,59,0.1693664823,INTERNE
39,60,-0.377316934,INTERNE
39,61,0.0351061005,INTERNE
39,62,0.4289332698,INTERNE
39,63,0.3424081611,INTERNE
39,64,0.1441788159,INTERNE
39,65,-0.168363348,INTERNE
39,66,0.1211700347,INTERNE
39,67,-0.091350942,INTERNE
39,68,0.2903138648,INTERNE
39,69,-0.105570276,INTERNE
39,70,0.181228358,INTERNE
39,71,-0.296999828,INTERNE
39,72,-0.280518536,INTERNE
39,73,0.0627707217,INTERNE
39,74,0.1352615657,INTERNE
39,75,-0.10382955,INTERNE
39,76,-0.061809698,INTERNE
39,77,0.4612832948,INTERNE
39,78,0.674991999,INTERNE
39,79,-0.055051849,INTERNE
39,80,-0.024622422,INTERNE
39,81,0.0872029612,INTERNE
39,82,0.5131503102,INTERNE
39,83,0.2044339502,INTERNE
39,84,-0.094873557,INTERNE
39,85,0.262827947,INTERNE
39,86,0.2321582709,INTERNE
39,87,0.2223458811,INTERNE
39,88,0.7115610292,INTERNE
39,89,-0.035352091,INTERNE
39,90,-0.027317105,INTERNE
39,91,0.138836075,INTERNE
39,92,-0.399856881,INTERNE
39,93,-0.131950749,INTERNE
39,94,-0.399198777,INTERNE
39,95,-0.029058859,INTERNE
39,96,-0.113502694,INTERNE
39,97,0.2147693992,INTERNE
39,98,-0.093190767,INTERNE
39,99,0.3275543874,INTERNE
39,100,0.0773379166,INTERNE
40,1,-0.143286583,INTERNE
40,2,0.3679565554,INTERNE
40,3,-0.153844795,INTERNE
40,4,0.1380154001,INTERNE
40,5,0.063161433,INTERNE
40,6,0.0690289569,INTERNE
40,7,-0.095337295,INTERNE
40,8,-0.291015727,INTERNE
40,9,-0.011061356,INTERNE
40,10,0.1679384282,INTERNE
40,11,0.386813293,INTERNE
40,12,-0.351945148,INTERNE
40,13,-0.333200555,INTERNE
40,14,0.0034794195,INTERNE
40,15,0.0493028117,INTERNE
40,16,-0.453266742,INTERNE
40,17,-0.001133472,INTERNE
40,18,-0.096635139,INTERNE
40,19,0.0498340406,INTERNE
40,20,0.0124961443,INTERNE
40,21,0.2153098919,INTERNE
40,22,-0.032782989,INTERNE
40,23,-0.328583452,INTERNE
40,24,-0.195286723,INTERNE
40,25,0.1238525565,INTERNE
40,26,-0.044440052,INTERNE
40,27,0.4907511946,INTERNE
40,28,-0.287995469,INTERNE
40,29,0.1016696985,INTERNE
40,30,0.5703099181,INTERNE
40,31,0.116522542,INTERNE
40,32,-0.211162219,INTERNE
40,33,-0.071782146,INTERNE
40,34,0.1821520847,INTERNE
40,35,-0.097735605,INTERNE
40,36,0.6251004234,INTERNE
40,37,-0.258630755,INTERNE
40,38,0.1052386363,INTERNE
40,39,-0.319195476,INTERNE
40,40,-0.008094252,INTERNE
40,41,0.0307002383,INTERNE
40,42,0.0332574378,INTERNE
40,43,0.0100669771,INTERNE
40,44,0.413836636,INTERNE
40,45,-0.073363416,INTERNE
40,46,-0.363452617,INTERNE
40,47,-0.342189508,INTERNE
40,48,-0.038544138,INTERNE
40,49,-0.459882459,INTERNE
40,50,-0.141032463,INTERNE
40,51,-0.298200509,INTERNE
40,52,0.6326538916,INTERNE
40,53,-0.090051814,INTERNE
40,54,0.2059256076,INTERNE
40,55,-0.463341425,INTERNE
40,56,0.2026184607,INTERNE
40,57,-0.234906315,INTERNE
40,58,0.0589318361,INTERNE
40,59,0.2131236884,INTERNE
40,60,-0.371528107,INTERNE
40,61,0.0204516018,INTERNE
40,62,0.546689213,INTERNE
40,63,-0.025378446,INTERNE
40,64,-0.055983267,INTERNE
40,65,0.0751798215,INTERNE
40,66,-0.196914028,INTERNE
40,67,0.1926779021,INTERNE
40,68,0.4116941868,INTERNE
40,69,-0.045440605,INTERNE
40,70,-0.233735609,INTERNE
40,71,-0.294966224,INTERNE
40,72,0.0728747847,INTERNE
40,73,-0.111544118,INTERNE
40,74,0.177900008,INTERNE
40,75,0.3500818495,INTERNE
40,76,-0.138205853,INTERNE
40,77,0.4825919158,INTERNE
40,78,-0.279759267,INTERNE
40,79,-0.15924554,INTERNE
40,80,0.050260792,INTERNE
40,81,0.1197664745,INTERNE
40,82,-0.200386682,INTERNE
40,83,0.059413611,INTERNE
40,84,0.1200357969,INTERNE
40,85,-0.272568552,INTERNE
40,86,-0.0474628,INTERNE
40,87,0.0776511891,INTERNE
40,88,0.3019282972,INTERNE
40,89,0.416632159,INTERNE
40,90,0.3904035932,INTERNE
40,91,-0.163783748,INTERNE
40,92,-0.157743907,INTERNE
40,93,-0.263608459,INTERNE
40,94,-0.288478026,INTERNE
40,95,-0.053599368,INTERNE
40,96,-0.095450867,INTERNE
40,97,-0.142018014,INTERNE
40,98,-0.179955391,INTERNE
40,99,0.3588682265,INTERNE
40,100,0.0896791648,INTERNE
41,1,0.4121925381,INTERNE
41,2,-0.027160572,INTERNE
41,3,-0.035076498,INTERNE
41,4,-0.20581751,INTERNE
41,5,-0.031878184,INTERNE
41,6,0.0176394925,INTERNE
41,7,-0.426959084,INTERNE
41,8,-0.212264635,INTERNE
41,9,-0.255233658,INTERNE
41,10,-0.245651768,INTERNE
41,11,0.1082480466,INTERNE
41,12,0.1142530523,INTERNE
41,13,-0.139100006,INTERNE
41,14,0.1798935611,INTERNE
41,15,0.1449680127,INTERNE
41,16,0.4945622167,INTERNE
41,17,-0.271616207,INTERNE
41,18,0.2763275367,INTERNE
41,19,-0.223446671,INTERNE
41,20,0.2758207479,INTERNE
41,21,0.3810757396,INTERNE
41,22,0.1530567869,INTERNE
41,23,-0.14477144,INTERNE
41,24,0.005733362,INTERNE
41,25,-0.020558054,INTERNE
41,26,0.1100516649,INTERNE
41,27,-0.188717593,INTERNE
41,28,-0.128021876,INTERNE
41,29,0.3836987864,INTERNE
41,30,-0.146399827,INTERNE
41,31,0.1878806053,INTERNE
41,32,-0.01696386,INTERNE
41,33,-0.073659357,INTERNE
41,34,-0.045803643,INTERNE
41,35,0.5301253723,INTERNE
41,36,0.716506481,INTERNE
41,37,-0.21290849,INTERNE
41,38,-0.308029155,INTERNE
41,39,0.1502507649,INTERNE
41,40,0.4766694092,INTERNE
41,41,-0.187485021,INTERNE
41,42,-0.112129228,INTERNE
41,43,0.4326914192,INTERNE
41,44,0.1962978534,INTERNE
41,45,0.0112184034,INTERNE
41,46,-0.00415592,INTERNE
41,47,0.0168258711,INTERNE
41,48,-0.246228969,INTERNE
41,49,-0.09968576,INTERNE
41,50,-0.1761911,INTERNE
41,51,-0.316684999,INTERNE
41,52,0.300063484,INTERNE
41,53,-0.248421415,INTERNE
41,54,-0.258153751,INTERNE
41,55,-0.149187159,INTERNE
41,56,0.1034986475,INTERNE
41,57,0.6182963311,INTERNE
41,58,-0.03039532,INTERNE
41,59,0.1307344794,INTERNE
41,60,0.2931303797,INTERNE
41,61,-0.227884683,INTERNE
41,62,0.4187110731,INTERNE
41,63,-0.258254192,INTERNE
41,64,0.0368923956,INTERNE
41,65,0.016554434,INTERNE
41,66,-0.008887801,INTERNE
41,67,-0.170571992,INTERNE
41,68,0.0149999471,INTERNE
41,69,0.1162199286,INTERNE
41,70,-0.003024435,INTERNE
41,71,-0.217555413,INTERNE
41,72,0.3298215944,INTERNE
41,73,0.302201186,INTERNE
41,74,-0.245074436,INTERNE
41,75,0.0947852503,INTERNE
41,76,-0.117869715,INTERNE
41,77,0.3619524242,INTERNE
41,78,0.1782857985,INTERNE
41,79,0.1652487411,INTERNE
41,80,-0.379296673,INTERNE
41,81,-0.073378324,INTERNE
41,82,-0.311538275,INTERNE
41,83,-0.232623451,INTERNE
41,84,0.3955986503,INTERNE
41,85,0.1517415454,INTERNE
41,86,0.0168651992,INTERNE
41,87,-0.070711916,INTERNE
41,88,-0.159191899,INTERNE
41,89,-0.108845576,INTERNE
41,90,0.3374326846,INTERNE
41,91,-0.055241686,INTERNE
41,92,-0.330341368,INTERNE
41,93,0.2237169757,INTERNE
41,94,-0.235959979,INTERNE
41,95,0.0039161818,INTERNE
41,96,-0.067021902,INTERNE
41,97,-0.05293722,INTERNE
41,98,-0.270188821,INTERNE
41,99,-0.116149384,INTERNE
41,100,0.3124131463,INTERNE
42,1,-0.045213063,INTERNE
42,2,0.1108084805,INTERNE
42,3,0.0500123415,INTERNE
42,4,-0.30293766,INTERNE
42,5,-0.051216081,INTERNE
42,6,0.0839231827,INTERNE
42,7,-0.237930651,INTERNE
42,8,-0.166838581,INTERNE
42,9,0.293179402,INTERNE
42,10,-0.366576768,INTERNE
42,11,-0.154980203,INTERNE
42,12,-0.009041464,INTERNE
42,13,-0.266614965,INTERNE
42,14,0.0928261755,INTERNE
42,15,0.0553251848,INTERNE
42,16,0.0481502127,INTERNE
42,17,0.0782855263,INTERNE
42,18,0.4410819847,INTERNE
42,19,-0.186146774,INTERNE
42,20,0.0782492869,INTERNE
42,21,-0.201431486,INTERNE
42,22,0.2104499782,INTERNE
42,23,-0.040598318,INTERNE
42,24,0.1576314629,INTERNE
42,25,-0.192902641,INTERNE
42,26,0.2951052902,INTERNE
42,27,0.4146783722,INTERNE
42,28,-0.017906713,INTERNE
42,29,-0.024536261,INTERNE
42,30,0.4798661458,INTERNE
42,31,0.4101218751,INTERNE
42,32,0.4262478449,INTERNE
42,33,-0.178438236,INTERNE
42,34,0.5009434007,INTERNE
42,35,-0.359145445,INTERNE
42,36,0.2324455739,INTERNE
42,37,-0.045598976,INTERNE
42,38,-0.316639226,INTERNE
42,39,-0.288232077,INTERNE
42,40,-0.112798969,INTERNE
42,41,0.0070196172,INTERNE
42,42,-0.202380972,INTERNE
42,43,-0.496434357,INTERNE
42,44,0.2374105186,INTERNE
42,45,0.1954388313,INTERNE
42,46,-0.282503719,INTERNE
42,47,-0.022377669,INTERNE
42,48,0.1885974903,INTERNE
42,49,-0.114630096,INTERNE
42,50,-0.121528079,INTERNE
42,51,-0.212378558,INTERNE
42,52,0.2623427199,INTERNE
42,53,0.0241283511,INTERNE
42,54,-0.398792713,INTERNE
42,55,0.2532731946,INTERNE
42,56,-0.06435214,INTERNE
42,57,-0.017988409,INTERNE
42,58,0.1603854739,INTERNE
42,59,0.2344726204,INTERNE
42,60,-0.076086259,INTERNE
42,61,-0.077260092,INTERNE
42,62,-0.417287014,INTERNE
42,63,-0.216994633,INTERNE
42,64,0.068199119,INTERNE
42,65,-0.176019562,INTERNE
42,66,0.0467888553,INTERNE
42,67,0.3216473105,INTERNE
42,68,-0.28401165,INTERNE
42,69,0.6661834218,INTERNE
42,70,0.3652659538,INTERNE
42,71,-0.462817312,INTERNE
42,72,0.1547603835,INTERNE
42,73,0.4875824158,INTERNE
42,74,-0.149221962,INTERNE
42,75,0.1716185175,INTERNE
42,76,0.1109903607,INTERNE
42,77,0.4820225036,INTERNE
42,78,0.5319394234,INTERNE
42,79,-0.144283589,INTERNE
42,80,0.1353237165,INTERNE
42,81,-0.149406931,INTERNE
42,82,-0.341431525,INTERNE
42,83,-0.05527488,INTERNE
42,84,0.2095129919,INTERNE
42,85,-0.177510096,INTERNE
42,86,0.5660707205,INTERNE
42,87,-0.272604023,INTERNE
42,88,-0.072683758,INTERNE
42,89,0.0428205102,INTERNE
42,90,0.2011318841,INTERNE
42,91,-0.014340777,INTERNE
42,92,-0.327589166,INTERNE
42,93,0.3550270826,INTERNE
42,94,0.0600888206,INTERNE
42,95,-0.120109845,INTERNE
42,96,-0.281518157,INTERNE
42,97,-0.179019346,INTERNE
42,98,0.5076140467,INTERNE
42,99,0.033732861,INTERNE
42,100,0.2617309373,INTERNE
43,1,0.4290812228,INTERNE
43,2,-0.111586072,INTERNE
43,3,0.1136125176,INTERNE
43,4,0.1837038346,INTERNE
43,5,0.1851182147,INTERNE
43,6,0.0232617314,INTERNE
43,7,0.0912313455,INTERNE
43,8,-0.134885845,INTERNE
43,9,-0.07795856,INTERNE
43,10,-0.241113298,INTERNE
43,11,0.2669119749,INTERNE
43,12,-0.280669942,INTERNE
43,13,0.6953855583,INTERNE
43,14,-0.354055772,INTERNE
43,15,0.1974358343,INTERNE
43,16,-0.170002605,INTERNE
43,17,0.2020267692,INTERNE
43,18,-0.425430289,INTERNE
43,19,-0.00852425,INTERNE
43,20,-0.328050652,INTERNE
43,21,-0.123530096,INTERNE
43,22,0.0758858032,INTERNE
43,23,-0.343422719,INTERNE
43,24,0.1586918544,INTERNE
43,25,-0.301562688,INTERNE
43,26,0.1711236499,INTERNE
43,27,0.3873405885,INTERNE
43,28,0.6608899544,INTERNE
43,29,0.1096675041,INTERNE
43,30,0.8920182606,INTERNE
43,31,0.1409003367,INTERNE
43,32,0.0723055136,INTERNE
43,33,-0.186476056,INTERNE
43,34,-0.316439887,INTERNE
43,35,-0.096864725,INTERNE
43,36,-0.149538171,INTERNE
43,37,0.131400526,INTERNE
43,38,-0.421148953,INTERNE
43,39,0.0184233891,INTERNE
43,40,0.1150928985,INTERNE
43,41,-0.163533673,INTERNE
43,42,0.0072959158,INTERNE
43,43,-0.49279511,INTERNE
43,44,-0.152790946,INTERNE
43,45,0.0062945575,INTERNE
43,46,-0.108698897,INTERNE
43,47,0.1238886565,INTERNE
43,48,0.1248334529,INTERNE
43,49,0.2300060238,INTERNE
43,50,0.0624090703,INTERNE
43,51,-0.015383609,INTERNE
43,52,-0.339206427,INTERNE
43,53,-0.05338164,INTERNE
43,54,-0.080872362,INTERNE
43,55,0.3953830503,INTERNE
43,56,0.1698140652,INTERNE
43,57,-0.277845261,INTERNE
43,58,-0.095549754,INTERNE
43,59,-0.038979714,INTERNE
43,60,-0.242942591,INTERNE
43,61,0.2459723912,INTERNE
43,62,0.1853679189,INTERNE
43,63,-0.211219617,INTERNE
43,64,-0.057593384,INTERNE
43,65,-0.052345514,INTERNE
43,66,-0.087901091,INTERNE
43,67,0.3064177022,INTERNE
43,68,0.1819853018,INTERNE
43,69,-0.112582228,INTERNE
43,70,0.0630577565,INTERNE
43,71,-0.115856043,INTERNE
43,72,0.5210521622,INTERNE
43,73,0.0487659172,INTERNE
43,74,0.3370664109,INTERNE
43,75,0.1795904426,INTERNE
43,76,-0.180015189,INTERNE
43,77,-0.074566172,INTERNE
43,78,0.065011878,INTERNE
43,79,0.0440843418,INTERNE
43,80,0.6298901701,INTERNE
43,81,-0.05329283,INTERNE
43,82,-0.189781974,INTERNE
43,83,-0.093335901,INTERNE
43,84,0.2543248617,INTERNE
43,85,0.2840292927,INTERNE
43,86,0.2994802515,INTERNE
43,87,0.2099589165,INTERNE
43,88,-0.233433593,INTERNE
43,89,-0.491483651,INTERNE
43,90,-0.047926966,INTERNE
43,91,-0.037254478,INTERNE
43,92,0.0922892677,INTERNE
43,93,1.0728486869,INTERNE
43,94,-0.120846262,INTERNE
43,95,-0.208879318,INTERNE
43,96,-0.083621411,INTERNE
43,97,-0.247008227,INTERNE
43,98,-0.163513378,INTERNE
43,99,-0.304825691,INTERNE
43,100,-0.085790661,INTERNE
44,1,-0.078335876,INTERNE
44,2,-0.171446392,INTERNE
44,3,0.2130504148,INTERNE
44,4,0.2944849208,INTERNE
44,5,0.9333519287,INTERNE
44,6,-0.005729068,INTERNE
44,7,0.0017420066,INTERNE
44,8,0.0233133657,INTERNE
44,9,0.1367170222,INTERNE
44,10,0.3016845839,INTERNE
44,11,0.3650304117,INTERNE
44,12,0.4122360894,INTERNE
44,13,-0.574299927,INTERNE
44,14,0.0892007388,INTERNE
44,15,-0.087926016,INTERNE
44,16,0.0904749879,INTERNE
44,17,0.2086417602,INTERNE
44,18,-0.152156883,INTERNE
44,19,0.1701318817,INTERNE
44,20,0.1369987418,INTERNE
44,21,-0.130990376,INTERNE
44,22,0.1147427612,INTERNE
44,23,0.2060042663,INTERNE
44,24,-0.171766468,INTERNE
44,25,0.3915301057,INTERNE
44,26,-0.137306718,INTERNE
44,27,-0.001128502,INTERNE
44,28,0.1623107231,INTERNE
44,29,-0.330658957,INTERNE
44,30,0.1795178062,INTERNE
44,31,-0.004692196,INTERNE
44,32,0.0498706736,INTERNE
44,33,0.3593138679,INTERNE
44,34,0.1239495718,INTERNE
44,35,-0.036969417,INTERNE
44,36,-0.032561592,INTERNE
44,37,-0.023936491,INTERNE
44,38,0.2149335568,INTERNE
44,39,0.2921628846,INTERNE
44,40,-0.243287829,INTERNE
44,41,0.2263630539,INTERNE
44,42,-0.125280918,INTERNE
44,43,0.0648817283,INTERNE
44,44,-0.142878115,INTERNE
44,45,-0.121845427,INTERNE
44,46,-0.193838576,INTERNE
44,47,-0.069350158,INTERNE
44,48,0.1007115721,INTERNE
44,49,0.4624719486,INTERNE
44,50,0.9703637965,INTERNE
44,51,-0.105649588,INTERNE
44,52,-0.052212935,INTERNE
44,53,0.0025735392,INTERNE
44,54,-0.131771328,INTERNE
44,55,0.2547401862,INTERNE
44,56,0.231247739,INTERNE
44,57,0.1934514227,INTERNE
44,58,-0.128487645,INTERNE
44,59,-0.317196896,INTERNE
44,60,-0.307313122,INTERNE
44,61,-0.321724065,INTERNE
44,62,-0.09484367,INTERNE
44,63,-0.178270191,INTERNE
44,64,0.0699824239,INTERNE
44,65,0.0948872235,INTERNE
44,66,-0.076317266,INTERNE
44,67,-0.03543765,INTERNE
44,68,0.3477660788,INTERNE
44,69,0.3120904549,INTERNE
44,70,-0.013237258,INTERNE
44,71,0.2842091023,INTERNE
44,72,-0.224775224,INTERNE
44,73,-0.17649157,INTERNE
44,74,0.0680723758,INTERNE
44,75,0.3882552189,INTERNE
44,76,0.5082862863,INTERNE
44,77,0.0960290425,INTERNE
44,78,-0.207969562,INTERNE
44,79,-0.127904483,INTERNE
44,80,-0.267955447,INTERNE
44,81,0.4227324886,INTERNE
44,82,0.0557966337,INTERNE
44,83,-0.230960285,INTERNE
44,84,-0.160928235,INTERNE
44,85,0.3675570885,INTERNE
44,86,-0.294502774,INTERNE
44,87,0.2167533639,INTERNE
44,88,-0.162326347,INTERNE
44,89,-0.128732332,INTERNE
44,90,0.2742825082,INTERNE
44,91,-0.143033654,INTERNE
44,92,-0.306890203,INTERNE
44,93,0.2605243626,INTERNE
44,94,-0.051319117,INTERNE
44,95,0.694641586,INTERNE
44,96,0.3134415285,INTERNE
44,97,-0.126034278,INTERNE
44,98,0.4539308471,INTERNE
44,99,0.5737352641,INTERNE
44,100,-0.239119973,INTERNE
45,1,0.0828199953,INTERNE
45,2,-0.301764179,INTERNE
45,3,0.0240233516,INTERNE
45,4,0.0013678778,INTERNE
45,5,0.0272503588,INTERNE
45,6,0.0319709001,INTERNE
45,7,-0.139424524,INTERNE
45,8,-0.296391054,INTERNE
45,9,-0.232972571,INTERNE
45,10,0.19215033,INTERNE
45,11,-0.182241203,INTERNE
45,12,-0.013615539,INTERNE
45,13,-0.369320036,INTERNE
45,14,-0.020623744,INTERNE
45,15,0.1342429196,INTERNE
45,16,-0.028601973,INTERNE
45,17,-0.054940691,INTERNE
45,18,-0.059745069,INTERNE
45,19,0.0868862553,INTERNE
45,20,0.0028937978,INTERNE
45,21,-0.02621083,INTERNE
45,22,-0.499583095,INTERNE
45,23,0.2436158887,INTERNE
45,24,0.1305887474,INTERNE
45,25,0.0512668791,INTERNE
45,26,0.2361712181,INTERNE
45,27,0.1331472364,INTERNE
45,28,0.0314876192,INTERNE
45,29,0.0758329803,INTERNE
45,30,0.1375241335,INTERNE
45,31,0.3143332047,INTERNE
45,32,0.1782384872,INTERNE
45,33,-0.011319645,INTERNE
45,34,-0.292974376,INTERNE
45,35,-0.069243932,INTERNE
45,36,-0.008551419,INTERNE
45,37,0.325548127,INTERNE
45,38,0.3235116742,INTERNE
45,39,0.2048942879,INTERNE
45,40,-0.226868488,INTERNE
45,41,-0.120076123,INTERNE
45,42,-0.333723384,INTERNE
45,43,0.0173457544,INTERNE
45,44,-0.452923613,INTERNE
45,45,-0.042610525,INTERNE
45,46,-0.206348469,INTERNE
45,47,-0.169616754,INTERNE
45,48,-0.010446851,INTERNE
45,49,-0.074476789,INTERNE
45,50,-0.4132749,INTERNE
45,51,0.1819019491,INTERNE
45,52,0.2181281146,INTERNE
45,53,0.2556553715,INTERNE
45,54,0.3853670026,INTERNE
45,55,0.4465518386,INTERNE
45,56,0.0409037555,INTERNE
45,57,-0.045177578,INTERNE
45,58,0.0031859702,INTERNE
45,59,0.4150554325,INTERNE
45,60,0.2780242376,INTERNE
45,61,-0.101886474,INTERNE
45,62,0.0589816643,INTERNE
45,63,-0.093460369,INTERNE
45,64,0.0268816032,INTERNE
45,65,0.2276873869,INTERNE
45,66,0.1318778078,INTERNE
45,67,0.3321683518,INTERNE
45,68,-0.094823902,INTERNE
45,69,-0.225928214,INTERNE
45,70,-0.37039344,INTERNE
45,71,-0.345998445,INTERNE
45,72,-0.060328503,INTERNE
45,73,0.0985847631,INTERNE
45,74,0.0220749025,INTERNE
45,75,-0.369801432,INTERNE
45,76,-0.361255828,INTERNE
45,77,-0.116905011,INTERNE
45,78,-0.305113572,INTERNE
45,79,0.1957763277,INTERNE
45,80,0.0054974443,INTERNE
45,81,-0.039912226,INTERNE
45,82,-0.180757878,INTERNE
45,83,0.9755545177,INTERNE
45,84,-0.186519961,INTERNE
45,85,-0.173000175,INTERNE
45,86,0.2175408214,INTERNE
45,87,0.0218909864,INTERNE
45,88,-0.213683022,INTERNE
45,89,-0.27290562,INTERNE
45,90,0.1001666735,INTERNE
45,91,0.5883400688,INTERNE
45,92,-0.232316233,INTERNE
45,93,-0.055965005,INTERNE
45,94,-0.197694041,INTERNE
45,95,0.1018797658,INTERNE
45,96,0.018609581,INTERNE
45,97,-0.006848138,INTERNE
45,98,-0.128916475,INTERNE
45,99,0.145058087,INTERNE
45,100,0.3998471096,INTERNE
46,1,0.3990086969,INTERNE
46,2,-0.185506682,INTERNE
46,3,-0.228940232,INTERNE
46,4,0.0416815228,INTERNE
46,5,0.1238530961,INTERNE
46,6,0.3454773145,INTERNE
46,7,-0.290185382,INTERNE
46,8,-0.030466157,INTERNE
46,9,0.1979015902,INTERNE
46,10,0.2471810223,INTERNE
46,11,-0.30133761,INTERNE
46,12,-0.169898758,INTERNE
46,13,-0.259614122,INTERNE
46,14,-0.236273081,INTERNE
46,15,-0.082149434,INTERNE
46,16,-0.020449566,INTERNE
46,17,-0.151939082,INTERNE
46,18,-0.148480645,INTERNE
46,19,-0.023024679,INTERNE
46,20,-0.01569543,INTERNE
46,21,-0.282770317,INTERNE
46,22,0.3070315083,INTERNE
46,23,-0.121409298,INTERNE
46,24,-0.054577317,INTERNE
46,25,0.0067412676,INTERNE
46,26,-0.153985047,INTERNE
46,27,0.0252274712,INTERNE
46,28,0.8365724442,INTERNE
46,29,-0.101421884,INTERNE
46,30,-0.044013581,INTERNE
46,31,0.1362039394,INTERNE
46,32,-0.465064983,INTERNE
46,33,0.0900527667,INTERNE
46,34,0.0518666545,INTERNE
46,35,-0.150564926,INTERNE
46,36,-0.297780545,INTERNE
46,37,-0.052611602,INTERNE
46,38,0.7186139149,INTERNE
46,39,-0.36826494,INTERNE
46,40,-0.034615856,INTERNE
46,41,0.7837795806,INTERNE
46,42,0.3748850616,INTERNE
46,43,-0.406725202,INTERNE
46,44,0.0590491989,INTERNE
46,45,0.1133106307,INTERNE
46,46,0.031381369,INTERNE
46,47,0.3195292899,INTERNE
46,48,0.1012033133,INTERNE
46,49,0.2630538802,INTERNE
46,50,0.0049941275,INTERNE
46,51,-0.200529147,INTERNE
46,52,0.4151797459,INTERNE
46,53,0.2318611522,INTERNE
46,54,-0.139237851,INTERNE
46,55,0.2769166055,INTERNE
46,56,-0.139720232,INTERNE
46,57,-0.083446557,INTERNE
46,58,0.1127540235,INTERNE
46,59,-0.016121604,INTERNE
46,60,0.0316453265,INTERNE
46,61,-0.266083263,INTERNE
46,62,0.0262892308,INTERNE
46,63,0.051418943,INTERNE
46,64,-0.033379659,INTERNE
46,65,0.5670045665,INTERNE
46,66,-0.106742587,INTERNE
46,67,0.3246340398,INTERNE
46,68,-0.087999139,INTERNE
46,69,0.0150208948,INTERNE
46,70,-0.292402653,INTERNE
46,71,0.0997173558,INTERNE
46,72,0.4201769978,INTERNE
46,73,0.2205965085,INTERNE
46,74,-0.238809988,INTERNE
46,75,-0.093317582,INTERNE
46,76,0.1605662113,INTERNE
46,77,0.1214635134,INTERNE
46,78,-0.189313992,INTERNE
46,79,-0.071871797,INTERNE
46,80,-0.344380552,INTERNE
46,81,-0.473972029,INTERNE
46,82,0.4071843892,INTERNE
46,83,-0.004058143,INTERNE
46,84,0.2886360535,INTERNE
46,85,-0.282018684,INTERNE
46,86,-0.061349095,INTERNE
46,87,0.0577444664,INTERNE
46,88,-0.041741322,INTERNE
46,89,-0.317390685,INTERNE
46,90,0.0395226015,INTERNE
46,91,-0.162021791,INTERNE
46,92,-0.149123945,INTERNE
46,93,0.7479587884,INTERNE
46,94,0.4266133812,INTERNE
46,95,0.0723027496,INTERNE
46,96,0.0747676509,INTERNE
46,97,-0.076087,INTERNE
46,98,0.2265963543,INTERNE
46,99,0.338528112,INTERNE
46,100,-0.301670327,INTERNE
47,1,0.0195958677,INTERNE
47,2,0.3023871133,INTERNE
47,3,0.1319620127,INTERNE
47,4,-0.117083316,INTERNE
47,5,-0.020738393,INTERNE
47,6,0.0283081473,INTERNE
47,7,0.1058075582,INTERNE
47,8,0.0056802035,INTERNE
47,9,0.0335839177,INTERNE
47,10,-0.403144855,INTERNE
47,11,0.4865404513,INTERNE
47,12,-0.310367153,INTERNE
47,13,-0.263950011,INTERNE
47,14,0.3741123809,INTERNE
47,15,-0.204485263,INTERNE
47,16,0.3106435973,INTERNE
47,17,-0.100163498,INTERNE
47,18,0.1501793348,INTERNE
47,19,-0.148346261,INTERNE
47,20,-0.34400819,INTERNE
47,21,0.2996368707,INTERNE
47,22,0.1325720059,INTERNE
47,23,0.0431880722,INTERNE
47,24,-0.323305176,INTERNE
47,25,-0.081474687,INTERNE
47,26,-0.2201469,INTERNE
47,27,0.0131024033,INTERNE
47,28,-0.227481525,INTERNE
47,29,-0.008190687,INTERNE
47,30,0.023267852,INTERNE
47,31,-0.112431316,INTERNE
47,32,0.087468685,INTERNE
47,33,0.0325699994,INTERNE
47,34,0.1277711683,INTERNE
47,35,0.0011524422,INTERNE
47,36,0.1053023869,INTERNE
47,37,0.1378291164,INTERNE
47,38,0.0217617489,INTERNE
47,39,-0.186730741,INTERNE
47,40,-0.067762487,INTERNE
47,41,-0.426688321,INTERNE
47,42,-0.260871597,INTERNE
47,43,0.040590314,INTERNE
47,44,-0.257495525,INTERNE
47,45,0.0978370128,INTERNE
47,46,-0.289523277,INTERNE
47,47,0.1637084467,INTERNE
47,48,0.4059211116,INTERNE
47,49,-0.007425986,INTERNE
47,50,-0.118605877,INTERNE
47,51,-0.138038427,INTERNE
47,52,-0.089958191,INTERNE
47,53,-0.267301706,INTERNE
47,54,0.1482009039,INTERNE
47,55,0.1491301539,INTERNE
47,56,0.1420096798,INTERNE
47,57,1.0409741974,INTERNE
47,58,0.0361103583,INTERNE
47,59,0.0195554414,INTERNE
47,60,-0.125918171,INTERNE
47,61,-0.02742023,INTERNE
47,62,0.0507707209,INTERNE
47,63,0.1758637082,INTERNE
47,64,0.0653952989,INTERNE
47,65,0.4593397478,INTERNE
47,66,-0.206067976,INTERNE
47,67,0.326072361,INTERNE
47,68,-0.239530876,INTERNE
47,69,-0.28212581,INTERNE
47,70,0.0601125177,INTERNE
47,71,0.3114322829,INTERNE
47,72,0.2067164518,INTERNE
47,73,0.2716976556,INTERNE
47,74,0.3202205904,INTERNE
47,75,-0.191714164,INTERNE
47,76,0.0824577737,INTERNE
47,77,-0.353089149,INTERNE
47,78,0.3777603216,INTERNE
47,79,-0.135854204,INTERNE
47,80,0.4261169387,INTERNE
47,81,-0.022824695,INTERNE
47,82,-0.083113098,INTERNE
47,83,0.217457795,INTERNE
47,84,-0.138696861,INTERNE
47,85,-0.329817207,INTERNE
47,86,0.1328765788,INTERNE
47,87,0.0738731215,INTERNE
47,88,-0.234272614,INTERNE
47,89,0.0411310915,INTERNE
47,90,0.5712488022,INTERNE
47,91,-0.387270432,INTERNE
47,92,-0.121243534,INTERNE
47,93,-0.332273354,INTERNE
47,94,-0.024691941,INTERNE
47,95,-0.021092851,INTERNE
47,96,0.0969225157,INTERNE
47,97,0.0502771873,INTERNE
47,98,-0.031011223,INTERNE
47,99,-0.085531726,INTERNE
47,100,-0.187021647,INTERNE
48,1,0.0201690976,INTERNE
48,2,0.0529589012,INTERNE
48,3,-0.267390116,INTERNE
48,4,-0.331387729,INTERNE
48,5,-0.074360807,INTERNE
48,6,-0.092851651,INTERNE
48,7,0.2911602642,INTERNE
48,8,-0.167048718,INTERNE
48,9,0.4940352006,INTERNE
48,10,0.4152043232,INTERNE
48,11,0.0647688934,INTERNE
48,12,-0.373728749,INTERNE
48,13,-0.154343712,INTERNE
48,14,0.0838944978,INTERNE
48,15,0.2991691935,INTERNE
48,16,-0.34120716,INTERNE
48,17,0.0663936249,INTERNE
48,18,0.0233160805,INTERNE
48,19,0.5121263548,INTERNE
48,20,-0.043425011,INTERNE
48,21,0.7994550809,INTERNE
48,22,-0.103391044,INTERNE
48,23,-0.072707646,INTERNE
48,24,0.0612625597,INTERNE
48,25,-0.006878109,INTERNE
48,26,0.4532314847,INTERNE
48,27,0.1553250242,INTERNE
48,28,0.7586135393,INTERNE
48,29,-0.167150538,INTERNE
48,30,-0.056079382,INTERNE
48,31,-0.181071734,INTERNE
48,32,0.2057485395,INTERNE
48,33,-0.247845395,INTERNE
48,34,0.1252561016,INTERNE
48,35,-0.148045424,INTERNE
48,36,0.0345392647,INTERNE
48,37,-0.117080361,INTERNE
48,38,-0.195092103,INTERNE
48,39,-0.275387086,INTERNE
48,40,-0.046338727,INTERNE
48,41,0.0188723999,INTERNE
48,42,-0.270898223,INTERNE
48,43,0.2157517016,INTERNE
48,44,-0.087947108,INTERNE
48,45,0.3332129706,INTERNE
48,46,-0.022383418,INTERNE
48,47,0.0342498014,INTERNE
48,48,0.1901341862,INTERNE
48,49,-0.318023381,INTERNE
48,50,0.3595582868,INTERNE
48,51,0.2208645084,INTERNE
48,52,0.2727678243,INTERNE
48,53,0.423437193,INTERNE
48,54,-0.137851201,INTERNE
48,55,-0.103148341,INTERNE
48,56,0.3491784759,INTERNE
48,57,-0.062224785,INTERNE
48,58,-0.235624959,INTERNE
48,59,-0.014752817,INTERNE
48,60,-0.173284322,INTERNE
48,61,0.4010255426,INTERNE
48,62,0.1372722568,INTERNE
48,63,0.1849211187,INTERNE
48,64,-0.100434351,INTERNE
48,65,-0.121376651,INTERNE
48,66,-0.380554944,INTERNE
48,67,0.0285735131,INTERNE
48,68,0.7253407609,INTERNE
48,69,-0.137674476,INTERNE
48,70,-0.078105621,INTERNE
48,71,-0.223335414,INTERNE
48,72,-0.195738895,INTERNE
48,73,-0.15895963,INTERNE
48,74,0.1536840118,INTERNE
48,75,-0.084789749,INTERNE
48,76,-0.383993121,INTERNE
48,77,-0.022283466,INTERNE
48,78,-0.093197259,INTERNE
48,79,-0.120480807,INTERNE
48,80,-0.076629033,INTERNE
48,81,-0.215029154,INTERNE
48,82,0.3410953484,INTERNE
48,83,0.0864654066,INTERNE
48,84,-0.071195535,INTERNE
48,85,-0.124136848,INTERNE
48,86,-0.084477608,INTERNE
48,87,-0.018360713,INTERNE
48,88,0.0661909619,INTERNE
48,89,-0.312467853,INTERNE
48,90,-0.216933385,INTERNE
48,91,0.0382316624,INTERNE
48,92,0.0801654569,INTERNE
48,93,-0.180630788,INTERNE
48,94,-0.567473277,INTERNE
48,95,-0.30443194,INTERNE
48,96,0.003839314,INTERNE
48,97,0.155712722,INTERNE
48,98,-0.084936109,INTERNE
48,99,-0.116996389,INTERNE
48,100,-0.048682068,INTERNE
49,1,-0.147714604,INTERNE
49,2,-0.169599942,INTERNE
49,3,-0.039688282,INTERNE
49,4,0.1812268351,INTERNE
49,5,-0.297005396,INTERNE
49,6,0.6157111943,INTERNE
49,7,-0.165708565,INTERNE
49,8,0.3015862229,INTERNE
49,9,-0.033032011,INTERNE
49,10,0.0510906569,INTERNE
49,11,0.2287259212,INTERNE
49,12,0.3982277526,INTERNE
49,13,0.0212432059,INTERNE
49,14,0.0876139434,INTERNE
49,15,-0.175611794,INTERNE
49,16,0.1416805726,INTERNE
49,17,0.4572515588,INTERNE
49,18,-0.023567429,INTERNE
49,19,-0.499453452,INTERNE
49,20,-0.178005939,INTERNE
49,21,0.578011888,INTERNE
49,22,0.3832550911,INTERNE
49,23,-0.097653212,INTERNE
49,24,0.2138400195,INTERNE
49,25,0.2523203224,INTERNE
49,26,0.2022836995,INTERNE
49,27,0.0829719364,INTERNE
49,28,0.0430487857,INTERNE
49,29,-0.309778581,INTERNE
49,30,0.2146081324,INTERNE
49,31,-0.42955313,INTERNE
49,32,-0.216070892,INTERNE
49,33,0.1059091105,INTERNE
49,34,0.1892968247,INTERNE
49,35,0.6350589288,INTERNE
49,36,0.1157439499,INTERNE
49,37,0.6464643917,INTERNE
49,38,0.1312094152,INTERNE
49,39,-0.257556724,INTERNE
49,40,0.7025332105,INTERNE
49,41,0.0438603388,INTERNE
49,42,0.1356031726,INTERNE
49,43,-0.36094957,INTERNE
49,44,0.0352700081,INTERNE
49,45,0.0110732194,INTERNE
49,46,-0.443027898,INTERNE
49,47,0.1002778383,INTERNE
49,48,0.3904277708,INTERNE
49,49,0.1640105023,INTERNE
49,50,-0.085034743,INTERNE
49,51,-0.242144094,INTERNE
49,52,0.2768107706,INTERNE
49,53,0.247830545,INTERNE
49,54,-0.3753133,INTERNE
49,55,0.0932125787,INTERNE
49,56,0.2133025819,INTERNE
49,57,0.0883332047,INTERNE
49,58,0.505536811,INTERNE
49,59,0.1010731339,INTERNE
49,60,-0.387186219,INTERNE
49,61,0.3930700356,INTERNE
49,62,-0.068049738,INTERNE
49,63,0.0693490349,INTERNE
49,64,0.1556183314,INTERNE
49,65,-0.00524769,INTERNE
49,66,-0.061468093,INTERNE
49,67,0.1450966153,INTERNE
49,68,0.5096959551,INTERNE
49,69,-0.237015531,INTERNE
49,70,-0.085270165,INTERNE
49,71,0.0572597972,INTERNE
49,72,0.4890419128,INTERNE
49,73,0.0248100972,INTERNE
49,74,-0.326007171,INTERNE
49,75,1.3391184225,INTERNE
49,76,0.2490463901,INTERNE
49,77,0.5759372567,INTERNE
49,78,0.1168040388,INTERNE
49,79,0.159612212,INTERNE
49,80,-0.369846855,INTERNE
49,81,0.0437024802,INTERNE
49,82,-0.110497044,INTERNE
49,83,-0.17247747,INTERNE
49,84,-0.069961322,INTERNE
49,85,-0.107650906,INTERNE
49,86,-0.19960973,INTERNE
49,87,0.399522761,INTERNE
49,88,0.0225981245,INTERNE
49,89,0.3288474082,INTERNE
49,90,0.2591245403,INTERNE
49,91,0.1263151897,INTERNE
49,92,-0.051305087,INTERNE
49,93,-0.211574405,INTERNE
49,94,-0.094398019,INTERNE
49,95,-0.030816794,INTERNE
49,96,-0.077027275,INTERNE
49,97,-0.053108994,INTERNE
49,98,0.0893327499,INTERNE
49,99,-0.096195604,INTERNE
49,100,-0.047729062,INTERNE
50,1,0.0152700769,INTERNE
50,2,-0.151656219,INTERNE
50,3,0.0856434918,INTERNE
50,4,0.130263098,INTERNE
50,5,0.1165721417,INTERNE
50,6,-0.113267406,INTERNE
50,7,0.6135033803,INTERNE
50,8,-0.239733176,INTERNE
50,9,-0.15713687,INTERNE
50,10,0.4061000541,INTERNE
50,11,0.3138001808,INTERNE
50,12,0.6298637388,INTERNE
50,13,-0.437942401,INTERNE
50,14,0.4471615838,INTERNE
50,15,0.1396644332,INTERNE
50,16,-0.037406901,INTERNE
50,17,0.305523446,INTERNE
50,18,-0.398287804,INTERNE
50,19,-0.05153377,INTERNE
50,20,0.1698202534,INTERNE
50,21,0.3116747702,INTERNE
50,22,-0.342102184,INTERNE
50,23,0.4026355389,INTERNE
50,24,0.0893021042,INTERNE
50,25,-0.269641971,INTERNE
50,26,0.2717893268,INTERNE
50,27,-0.318247104,INTERNE
50,28,-0.296400797,INTERNE
50,29,-0.368811445,INTERNE
50,30,-0.254416389,INTERNE
50,31,-0.275269593,INTERNE
50,32,0.2442553214,INTERNE
50,33,-0.188346395,INTERNE
50,34,0.0610368225,INTERNE
50,35,-0.202978934,INTERNE
50,36,0.141226007,INTERNE
50,37,0.1795039566,INTERNE
50,38,-0.193442812,INTERNE
50,39,-0.079098735,INTERNE
50,40,-0.086409582,INTERNE
50,41,0.4422258075,INTERNE
50,42,-0.161828565,INTERNE
50,43,-0.100766281,INTERNE
50,44,0.2557464408,INTERNE
50,45,-0.431338688,INTERNE
50,46,-0.014810007,INTERNE
50,47,0.2183486526,INTERNE
50,48,0.0313210357,INTERNE
50,49,0.3713838164,INTERNE
50,50,-0.097248248,INTERNE
50,51,0.1108713752,INTERNE
50,52,-0.012037969,INTERNE
50,53,-0.119082678,INTERNE
50,54,-0.059410234,INTERNE
50,55,-0.210185503,INTERNE
50,56,-0.144667707,INTERNE
50,57,0.0003503108,INTERNE
50,58,0.0260163171,INTERNE
50,59,0.1206569225,INTERNE
50,60,-0.045506862,INTERNE
50,61,0.595880169,INTERNE
50,62,0.3878970095,INTERNE
50,63,-0.350897266,INTERNE
50,64,-0.166227269,INTERNE
50,65,-0.263529487,INTERNE
50,66,-0.200591111,INTERNE
50,67,0.3351748539,INTERNE
50,68,-0.182015995,INTERNE
50,69,0.0547602604,INTERNE
50,70,0.1517825413,INTERNE
50,71,-0.136673705,INTERNE
50,72,0.0763119778,INTERNE
50,73,0.4134007071,INTERNE
50,74,0.3936459282,INTERNE
50,75,-0.037679379,INTERNE
50,76,0.0486566913,INTERNE
50,77,-0.230258001,INTERNE
50,78,0.0324944764,INTERNE
50,79,-0.118430406,INTERNE
50,80,-0.332530558,INTERNE
50,81,0.0513967935,INTERNE
50,82,0.247346387,INTERNE
50,83,0.2391100542,INTERNE
50,84,0.8960628451,INTERNE
50,85,-0.09260437,INTERNE
50,86,0.3065707223,INTERNE
50,87,-0.082063153,INTERNE
50,88,-0.237256692,INTERNE
50,89,0.1784899226,INTERNE
50,90,-0.292198132,INTERNE
50,91,-0.243425294,INTERNE
50,92,0.1761084015,INTERNE
50,93,0.1193561059,INTERNE
50,94,-0.069476282,INTERNE
50,95,0.0277123194,INTERNE
50,96,-0.013726586,INTERNE
50,97,0.1566147447,INTERNE
50,98,0.0419582906,INTERNE
50,99,0.1584294424,INTERNE
50,100,-0.136257312,INTERNE
51,1,-0.355444694,INTERNE
51,2,0.0645431366,INTERNE
51,3,0.2074428553,INTERNE
51,4,0.0249787837,INTERNE
51,5,0.000549079,INTERNE
51,6,0.2106362777,INTERNE
51,7,-0.352921148,INTERNE
51,8,0.0425814875,INTERNE
51,9,-0.063226816,INTERNE
51,10,0.0295176661,INTERNE
51,11,-0.447183442,INTERNE
51,12,0.1099486316,INTERNE
51,13,0.1840552127,INTERNE
51,14,0.4980081265,INTERNE
51,15,-0.348696442,INTERNE
51,16,0.4700294829,INTERNE
51,17,0.2454725763,INTERNE
51,18,0.1489131236,INTERNE
51,19,0.0478906101,INTERNE
51,20,-0.279748893,INTERNE
51,21,-0.152759147,INTERNE
51,22,-0.158659434,INTERNE
51,23,-0.276482022,INTERNE
51,24,0.053140651,INTERNE
51,25,0.007842627,INTERNE
51,26,-0.185640562,INTERNE
51,27,0.2288174645,INTERNE
51,28,-0.004654973,INTERNE
51,29,0.1166693292,INTERNE
51,30,-0.201188861,INTERNE
51,31,-0.274871324,INTERNE
51,32,-0.466864854,INTERNE
51,33,0.1092973307,INTERNE
51,34,0.5808590373,INTERNE
51,35,0.2129892367,INTERNE
51,36,0.2664329872,INTERNE
51,37,0.0585994903,INTERNE
51,38,0.0943475553,INTERNE
51,39,-0.342209214,INTERNE
51,40,0.2056633915,INTERNE
51,41,0.1383872,INTERNE
51,42,0.1805344207,INTERNE
51,43,0.1736301919,INTERNE
51,44,0.2753812645,INTERNE
51,45,0.1310463327,INTERNE
51,46,0.4479723045,INTERNE
51,47,0.0071939108,INTERNE
51,48,-0.024602743,INTERNE
51,49,-0.075695545,INTERNE
51,50,-0.307982187,INTERNE
51,51,-0.004007464,INTERNE
51,52,0.0195096344,INTERNE
51,53,-0.406081012,INTERNE
51,54,-0.176782699,INTERNE
51,55,-0.191626907,INTERNE
51,56,0.3147577381,INTERNE
51,57,0.0768313075,INTERNE
51,58,0.8323217151,INTERNE
51,59,-0.373312924,INTERNE
51,60,0.0784024995,INTERNE
51,61,-0.206015084,INTERNE
51,62,0.1092422018,INTERNE
51,63,0.0614081704,INTERNE
51,64,0.2858927026,INTERNE
51,65,-0.10704418,INTERNE
51,66,-0.069316629,INTERNE
51,67,0.134540207,INTERNE
51,68,0.0145330952,INTERNE
51,69,-0.28478558,INTERNE
51,70,-0.121266006,INTERNE
51,71,0.1886365889,INTERNE
51,72,-0.310746484,INTERNE
51,73,0.0617951892,INTERNE
51,74,0.1883826205,INTERNE
51,75,1.0158449058,INTERNE
51,76,0.2421804036,INTERNE
51,77,-0.192356301,INTERNE
51,78,0.0902629845,INTERNE
51,79,-0.01162669,INTERNE
51,80,-0.253033575,INTERNE
51,81,0.07558931,INTERNE
51,82,0.5196145612,INTERNE
51,83,-0.19865242,INTERNE
51,84,-0.21012823,INTERNE
51,85,0.4750909385,INTERNE
51,86,0.3215568551,INTERNE
51,87,-0.090570172,INTERNE
51,88,0.319032361,INTERNE
51,89,-0.047297864,INTERNE
51,90,0.2427378739,INTERNE
51,91,0.5279160722,INTERNE
51,92,-0.249366863,INTERNE
51,93,0.2991598134,INTERNE
51,94,-0.094206134,INTERNE
51,95,-0.09393424,INTERNE
51,96,0.4423149587,INTERNE
51,97,0.1979576034,INTERNE
51,98,0.1806082664,INTERNE
51,99,0.0632397181,INTERNE
51,100,-0.191013234,INTERNE
52,1,0.4132437988,INTERNE
52,2,-0.082044597,INTERNE
52,3,-0.150132011,INTERNE
52,4,-0.079624638,INTERNE
52,5,-0.143467183,INTERNE
52,6,0.0737521067,INTERNE
52,7,-0.317178604,INTERNE
52,8,-0.057698419,INTERNE
52,9,0.0252343307,INTERNE
52,10,-0.124474454,INTERNE
52,11,0.1234495515,INTERNE
52,12,-0.189131641,INTERNE
52,13,0.1536275125,INTERNE
52,14,-0.226660097,INTERNE
52,15,-0.039761699,INTERNE
52,16,-0.101741714,INTERNE
52,17,-0.228579967,INTERNE
52,18,-0.279917111,INTERNE
52,19,0.1515718475,INTERNE
52,20,0.0418408861,INTERNE
52,21,0.0275771721,INTERNE
52,22,-0.140315056,INTERNE
52,23,0.3089636507,INTERNE
52,24,0.0319275036,INTERNE
52,25,0.199566888,INTERNE
52,26,0.1586717806,INTERNE
52,27,0.2288334553,INTERNE
52,28,0.3615094121,INTERNE
52,29,-0.109451895,INTERNE
52,30,-0.188174076,INTERNE
52,31,0.2176330066,INTERNE
52,32,-0.13075725,INTERNE
52,33,-0.059790104,INTERNE
52,34,-0.13499715,INTERNE
52,35,0.633467179,INTERNE
52,36,-0.138713174,INTERNE
52,37,-0.284209676,INTERNE
52,38,0.0589362055,INTERNE
52,39,0.5237921712,INTERNE
52,40,-0.216669222,INTERNE
52,41,0.1597452918,INTERNE
52,42,0.1059785631,INTERNE
52,43,-0.331922664,INTERNE
52,44,0.37700528,INTERNE
52,45,0.4091341592,INTERNE
52,46,-0.054152875,INTERNE
52,47,0.0415508586,INTERNE
52,48,-0.171251408,INTERNE
52,49,0.043432876,INTERNE
52,50,-0.241290912,INTERNE
52,51,0.0357553488,INTERNE
52,52,-0.094580912,INTERNE
52,53,0.0086077273,INTERNE
52,54,0.0280031834,INTERNE
52,55,0.7685449151,INTERNE
52,56,0.2998909586,INTERNE
52,57,-0.126414112,INTERNE
52,58,-0.092495359,INTERNE
52,59,-0.123331029,INTERNE
52,60,0.6646406682,INTERNE
52,61,-0.219594857,INTERNE
52,62,0.1909136629,INTERNE
52,63,-0.028830276,INTERNE
52,64,0.0904512309,INTERNE
52,65,0.2574853918,INTERNE
52,66,0.0919359784,INTERNE
52,67,0.4919876439,INTERNE
52,68,-0.247674701,INTERNE
52,69,-0.103331069,INTERNE
52,70,-0.184015894,INTERNE
52,71,0.2436994817,INTERNE
52,72,-0.226686598,INTERNE
52,73,0.8113982297,INTERNE
52,74,0.3408095585,INTERNE
52,75,-0.083204994,INTERNE
52,76,-0.256464797,INTERNE
52,77,0.2165545065,INTERNE
52,78,0.0347838565,INTERNE
52,79,-0.168530284,INTERNE
52,80,0.2008345526,INTERNE
52,81,0.3669627481,INTERNE
52,82,0.2318275655,INTERNE
52,83,0.0031491394,INTERNE
52,84,-0.141618247,INTERNE
52,85,-0.112432667,INTERNE
52,86,-0.309946596,INTERNE
52,87,-0.161227917,INTERNE
52,88,0.1400476591,INTERNE
52,89,-0.101925054,INTERNE
52,90,-0.140016517,INTERNE
52,91,-0.260030331,INTERNE
52,92,0.0709599608,INTERNE
52,93,-0.211387817,INTERNE
52,94,0.0138726793,INTERNE
52,95,-0.134617926,INTERNE
52,96,-0.238166338,INTERNE
52,97,-0.265125082,INTERNE
52,98,0.1215859411,INTERNE
52,99,0.2126427147,INTERNE
52,100,0.0514111349,INTERNE
53,1,0.6423541062,INTERNE
53,2,0.2872606916,INTERNE
53,3,0.0697152535,INTERNE
53,4,0.0316363318,INTERNE
53,5,0.065117965,INTERNE
53,6,0.0879400727,INTERNE
53,7,-0.211599933,INTERNE
53,8,0.0646249195,INTERNE
53,9,-0.137076095,INTERNE
53,10,-0.092821728,INTERNE
53,11,-0.334819313,INTERNE
53,12,-0.043673539,INTERNE
53,13,-0.306600745,INTERNE
53,14,0.295847446,INTERNE
53,15,-0.015487429,INTERNE
53,16,-0.342593306,INTERNE
53,17,0.1700230191,INTERNE
53,18,0.3890776141,INTERNE
53,19,-0.083971591,INTERNE
53,20,0.1855868215,INTERNE
53,21,0.2453301657,INTERNE
53,22,0.4377688841,INTERNE
53,23,0.7907984169,INTERNE
53,24,-0.171254689,INTERNE
53,25,0.4968378751,INTERNE
53,26,0.0058411371,INTERNE
53,27,0.1539806266,INTERNE
53,28,-0.338422838,INTERNE
53,29,-0.03811208,INTERNE
53,30,-0.225887511,INTERNE
53,31,0.1274578657,INTERNE
53,32,-0.218760011,INTERNE
53,33,-0.169889544,INTERNE
53,34,-0.015194696,INTERNE
53,35,0.3034079589,INTERNE
53,36,0.2805101766,INTERNE
53,37,-0.165652573,INTERNE
53,38,-0.081826642,INTERNE
53,39,-0.244358441,INTERNE
53,40,-0.123699708,INTERNE
53,41,-0.12070336,INTERNE
53,42,0.1732306745,INTERNE
53,43,0.1142148018,INTERNE
53,44,0.1855857118,INTERNE
53,45,-0.188580194,INTERNE
53,46,0.1785272636,INTERNE
53,47,-0.067692205,INTERNE
53,48,-0.028997264,INTERNE
53,49,-0.0987474,INTERNE
53,50,0.0042479926,INTERNE
53,51,-0.093473561,INTERNE
53,52,-0.229843803,INTERNE
53,53,-0.04851448,INTERNE
53,54,0.034170739,INTERNE
53,55,-0.321343758,INTERNE
53,56,-0.027157661,INTERNE
53,57,1.2642728123,INTERNE
53,58,-0.130344936,INTERNE
53,59,0.0642612779,INTERNE
53,60,-0.211528691,INTERNE
53,61,-0.192669287,INTERNE
53,62,0.4797679813,INTERNE
53,63,0.4641900087,INTERNE
53,64,0.7481071783,INTERNE
53,65,-0.001216338,INTERNE
53,66,0.2782492533,INTERNE
53,67,-0.183799483,INTERNE
53,68,-0.059996671,INTERNE
53,69,0.0530108644,INTERNE
53,70,0.1407493217,INTERNE
53,71,-0.128158002,INTERNE
53,72,0.6805687146,INTERNE
53,73,-0.014939192,INTERNE
53,74,0.2687352793,INTERNE
53,75,-0.028408861,INTERNE
53,76,-0.277591157,INTERNE
53,77,0.4216092771,INTERNE
53,78,0.1348338796,INTERNE
53,79,-0.050941064,INTERNE
53,80,-0.005516893,INTERNE
53,81,-0.044933083,INTERNE
53,82,0.1821390901,INTERNE
53,83,0.2205574939,INTERNE
53,84,-0.231255649,INTERNE
53,85,-0.104990378,INTERNE
53,86,-0.271621086,INTERNE
53,87,0.424382879,INTERNE
53,88,0.669489578,INTERNE
53,89,-0.287067754,INTERNE
53,90,0.3015862941,INTERNE
53,91,-0.287398177,INTERNE
53,92,-0.066145911,INTERNE
53,93,-0.202379446,INTERNE
53,94,0.350276718,INTERNE
53,95,0.016023712,INTERNE
53,96,-0.002701543,INTERNE
53,97,0.3431396551,INTERNE
53,98,0.212425108,INTERNE
53,99,0.0797467249,INTERNE
53,100,0.152499962,INTERNE
54,1,0.2858806721,INTERNE
54,2,-0.10963667,INTERNE
54,3,0.2421029052,INTERNE
54,4,0.1186074775,INTERNE
54,5,0.1612108189,INTERNE
54,6,0.0681714223,INTERNE
54,7,0.2393665354,INTERNE
54,8,0.3927171493,INTERNE
54,9,0.2654997831,INTERNE
54,10,0.0251684661,INTERNE
54,11,0.1395781939,INTERNE
54,12,0.2764266349,INTERNE
54,13,0.105012002,INTERNE
54,14,-0.046639842,INTERNE
54,15,-0.322351169,INTERNE
54,16,0.3962892377,INTERNE
54,17,0.3844959793,INTERNE
54,18,0.5951773538,INTERNE
54,19,0.350955483,INTERNE
54,20,-0.067840038,INTERNE
54,21,-0.300272758,INTERNE
54,22,0.4301226736,INTERNE
54,23,0.0165839926,INTERNE
54,24,-0.259826833,INTERNE
54,25,-0.08067241,INTERNE
54,26,0.3254559674,INTERNE
54,27,-0.077727044,INTERNE
54,28,-0.32305319,INTERNE
54,29,0.1971122753,INTERNE
54,30,-0.176471298,INTERNE
54,31,0.4568384054,INTERNE
54,32,0.2629840293,INTERNE
54,33,-0.346499526,INTERNE
54,34,-0.162335957,INTERNE
54,35,0.0786159489,INTERNE
54,36,0.0087203572,INTERNE
54,37,-0.287184063,INTERNE
54,38,-0.03168948,INTERNE
54,39,-0.093707309,INTERNE
54,40,-0.118746825,INTERNE
54,41,-0.123250001,INTERNE
54,42,0.3438636405,INTERNE
54,43,-0.202053321,INTERNE
54,44,-0.165445809,INTERNE
54,45,-0.0006717,INTERNE
54,46,0.5592772484,INTERNE
54,47,0.0819467033,INTERNE
54,48,-0.139811955,INTERNE
54,49,-0.29433407,INTERNE
54,50,-0.052076838,INTERNE
54,51,-0.029433815,INTERNE
54,52,0.4815982198,INTERNE
54,53,0.3021254322,INTERNE
54,54,0.3071971781,INTERNE
54,55,0.445156839,INTERNE
54,56,0.0686514019,INTERNE
54,57,-0.221516299,INTERNE
54,58,-0.157567,INTERNE
54,59,-0.025589531,INTERNE
54,60,0.3799090207,INTERNE
54,61,-0.243894282,INTERNE
54,62,-0.157324189,INTERNE
54,63,-0.311496066,INTERNE
54,64,0.0882503752,INTERNE
54,65,-0.025838105,INTERNE
54,66,-0.041356802,INTERNE
54,67,-0.322089204,INTERNE
54,68,0.2616760169,INTERNE
54,69,0.2224418787,INTERNE
54,70,0.2337343232,INTERNE
54,71,-0.096644832,INTERNE
54,72,-0.052720739,INTERNE
54,73,0.0137786102,INTERNE
54,74,-0.036696348,INTERNE
54,75,-0.027143455,INTERNE
54,76,0.0446733159,INTERNE
54,77,-0.086030794,INTERNE
54,78,-0.166338486,INTERNE
54,79,-0.261892421,INTERNE
54,80,0.0206389345,INTERNE
54,81,-0.000348021,INTERNE
54,82,-0.064451954,INTERNE
54,83,0.1399089318,INTERNE
54,84,0.7126656621,INTERNE
54,85,-0.000960419,INTERNE
54,86,0.247294825,INTERNE
54,87,0.3256560942,INTERNE
54,88,0.1660207825,INTERNE
54,89,0.3988642438,INTERNE
54,90,0.1994270074,INTERNE
54,91,-0.116721622,INTERNE
54,92,0.2092596011,INTERNE
54,93,0.0024862491,INTERNE
54,94,0.141046731,INTERNE
54,95,0.2060812707,INTERNE
54,96,0.216397338,INTERNE
54,97,0.2580122608,INTERNE
54,98,-0.199713878,INTERNE
54,99,0.3240165536,INTERNE
54,100,-0.18033001,INTERNE
55,1,0.4683573255,INTERNE
55,2,0.0382959582,INTERNE
55,3,-0.330672815,INTERNE
55,4,-0.153675968,INTERNE
55,5,-0.109359231,INTERNE
55,6,0.866583832,INTERNE
55,7,0.0521876606,INTERNE
55,8,-0.142898839,INTERNE
55,9,-0.109129812,INTERNE
55,10,-0.188392577,INTERNE
55,11,-0.340905918,INTERNE
55,12,-0.130201031,INTERNE
55,13,0.0522299976,INTERNE
55,14,0.0728831091,INTERNE
55,15,0.4461516672,INTERNE
55,16,-0.348148244,INTERNE
55,17,-0.103314404,INTERNE
55,18,-0.039115568,INTERNE
55,19,0.2023956994,INTERNE
55,20,0.7645030994,INTERNE
55,21,-0.341938778,INTERNE
55,22,-0.251735653,INTERNE
55,23,-0.185091324,INTERNE
55,24,0.110068586,INTERNE
55,25,-0.390046549,INTERNE
55,26,0.0018098735,INTERNE
55,27,0.2849292413,INTERNE
55,28,-0.125858941,INTERNE
55,29,0.3623623899,INTERNE
55,30,-0.084083651,INTERNE
55,31,0.1222251794,INTERNE
55,32,0.0748271505,INTERNE
55,33,-0.140793766,INTERNE
55,34,-0.155974863,INTERNE
55,35,-0.160746381,INTERNE
55,36,-0.118503523,INTERNE
55,37,-0.340093909,INTERNE
55,38,-0.059316227,INTERNE
55,39,-0.250061742,INTERNE
55,40,0.2152409352,INTERNE
55,41,0.1230215793,INTERNE
55,42,-0.032764003,INTERNE
55,43,-0.223733399,INTERNE
55,44,-0.090575851,INTERNE
55,45,0.3474395683,INTERNE
55,46,-0.161723829,INTERNE
55,47,-0.268073443,INTERNE
55,48,0.1138157141,INTERNE
55,49,0.323491026,INTERNE
55,50,0.0890010182,INTERNE
55,51,-0.033800154,INTERNE
55,52,0.0355154502,INTERNE
55,53,0.5564010881,INTERNE
55,54,-0.017466348,INTERNE
55,55,-0.047752614,INTERNE
55,56,0.0301865569,INTERNE
55,57,0.4695587562,INTERNE
55,58,0.0849667291,INTERNE
55,59,0.0277333492,INTERNE
55,60,0.4332546079,INTERNE
55,61,0.6083184252,INTERNE
55,62,-0.243809022,INTERNE
55,63,-0.147808787,INTERNE
55,64,-0.381991667,INTERNE
55,65,-0.079219492,INTERNE
55,66,0.0529865452,INTERNE
55,67,-0.24270863,INTERNE
55,68,0.2276434878,INTERNE
55,69,-0.081703857,INTERNE
55,70,0.122429497,INTERNE
55,71,-0.003492654,INTERNE
55,72,0.3646430054,INTERNE
55,73,-0.111511358,INTERNE
55,74,0.1045271653,INTERNE
55,75,0.0584730786,INTERNE
55,76,-0.183880648,INTERNE
55,77,-0.118004285,INTERNE
55,78,-0.108406668,INTERNE
55,79,0.054425763,INTERNE
55,80,-0.025263078,INTERNE
55,81,0.1537415748,INTERNE
55,82,0.0580472435,INTERNE
55,83,-0.180129729,INTERNE
55,84,-0.209841208,INTERNE
55,85,0.123968783,INTERNE
55,86,0.0979788333,INTERNE
55,87,0.6223543838,INTERNE
55,88,-0.417793501,INTERNE
55,89,0.6264021195,INTERNE
55,90,-0.081448882,INTERNE
55,91,0.0292652814,INTERNE
55,92,-0.359554865,INTERNE
55,93,0.0822017527,INTERNE
55,94,0.0512945218,INTERNE
55,95,0.1833620893,INTERNE
55,96,0.0117379332,INTERNE
55,97,-0.104771861,INTERNE
55,98,0.4893293362,INTERNE
55,99,-0.044952092,INTERNE
55,100,-0.438510392,INTERNE
56,1,-0.281948941,INTERNE
56,2,-0.043127792,INTERNE
56,3,-0.24761121,INTERNE
56,4,-0.189206355,INTERNE
56,5,-0.061345246,INTERNE
56,6,0.2224560137,INTERNE
56,7,-0.217145821,INTERNE
56,8,-0.193063859,INTERNE
56,9,0.3679894325,INTERNE
56,10,-0.341640757,INTERNE
56,11,-0.044245297,INTERNE
56,12,0.0390742302,INTERNE
56,13,0.1926240553,INTERNE
56,14,0.2685135595,INTERNE
56,15,-0.382731902,INTERNE
56,16,-0.261918186,INTERNE
56,17,0.3524490198,INTERNE
56,18,-0.361400608,INTERNE
56,19,-0.011362508,INTERNE
56,20,-0.174465828,INTERNE
56,21,-0.028389952,INTERNE
56,22,-0.164590215,INTERNE
56,23,0.0898878123,INTERNE
56,24,0.0064605766,INTERNE
56,25,-0.192610456,INTERNE
56,26,0.8449174673,INTERNE
56,27,0.0834574142,INTERNE
56,28,0.2151591503,INTERNE
56,29,-0.017621885,INTERNE
56,30,0.1046619237,INTERNE
56,31,0.1007554122,INTERNE
56,32,-0.17072509,INTERNE
56,33,-0.347455264,INTERNE
56,34,0.1468315133,INTERNE
56,35,-0.226870542,INTERNE
56,36,0.4069897815,INTERNE
56,37,0.6601713907,INTERNE
56,38,-0.23995512,INTERNE
56,39,0.7034765054,INTERNE
56,40,-0.357695118,INTERNE
56,41,-0.106330871,INTERNE
56,42,-0.168812284,INTERNE
56,43,-0.08684199,INTERNE
56,44,-0.045003927,INTERNE
56,45,0.2170716217,INTERNE
56,46,0.3395294489,INTERNE
56,47,-0.239496022,INTERNE
56,48,-0.18198948,INTERNE
56,49,-0.039946407,INTERNE
56,50,0.4274471249,INTERNE
56,51,-0.135039094,INTERNE
56,52,0.0292213458,INTERNE
56,53,0.1467013949,INTERNE
56,54,0.0488002656,INTERNE
56,55,0.6305778136,INTERNE
56,56,-0.108001418,INTERNE
56,57,0.0029782121,INTERNE
56,58,-0.0548999,INTERNE
56,59,0.0610229413,INTERNE
56,60,-0.256840071,INTERNE
56,61,-0.222286243,INTERNE
56,62,-0.291677917,INTERNE
56,63,-0.19702729,INTERNE
56,64,-0.114537971,INTERNE
56,65,-0.083246604,INTERNE
56,66,0.4619761765,INTERNE
56,67,-0.205934725,INTERNE
56,68,-0.037296876,INTERNE
56,69,-0.003197982,INTERNE
56,70,0.0592118218,INTERNE
56,71,-0.119378865,INTERNE
56,72,1.4107641457,INTERNE
56,73,-0.048163718,INTERNE
56,74,0.5468285163,INTERNE
56,75,-0.006038203,INTERNE
56,76,0.1537660031,INTERNE
56,77,-0.076995488,INTERNE
56,78,-0.254440457,INTERNE
56,79,0.1029467682,INTERNE
56,80,0.1897839541,INTERNE
56,81,0.0388983943,INTERNE
56,82,-0.36685614,INTERNE
56,83,0.01695897,INTERNE
56,84,0.4741472043,INTERNE
56,85,-0.112098476,INTERNE
56,86,0.3139590014,INTERNE
56,87,-0.055859545,INTERNE
56,88,-0.360955519,INTERNE
56,89,-0.069230745,INTERNE
56,90,0.077584023,INTERNE
56,91,-0.154184042,INTERNE
56,92,-0.253779302,INTERNE
56,93,-0.144348224,INTERNE
56,94,-0.038438182,INTERNE
56,95,0.4928202272,INTERNE
56,96,-0.078712859,INTERNE
56,97,0.3240574575,INTERNE
56,98,0.7141880248,INTERNE
56,99,0.1069221174,INTERNE
56,100,0.2168221903,INTERNE
57,1,-0.012085417,INTERNE
57,2,0.2816385806,INTERNE
57,3,0.0751888814,INTERNE
57,4,0.042057861,INTERNE
57,5,0.0096592953,INTERNE
57,6,-0.153038852,INTERNE
57,7,0.2499395543,INTERNE
57,8,0.2938694987,INTERNE
57,9,0.2359469456,INTERNE
57,10,0.2529137366,INTERNE
57,11,0.1475564285,INTERNE
57,12,-0.090842777,INTERNE
57,13,0.0921799708,INTERNE
57,14,0.1642460686,INTERNE
57,15,-0.010803014,INTERNE
57,16,-0.246575085,INTERNE
57,17,-0.093242227,INTERNE
57,18,-0.180553258,INTERNE
57,19,0.0457914564,INTERNE
57,20,-0.296385935,INTERNE
57,21,0.0430016864,INTERNE
57,22,0.2382081316,INTERNE
57,23,0.118839235,INTERNE
57,24,0.0805896247,INTERNE
57,25,0.1182805369,INTERNE
57,26,-0.262009189,INTERNE
57,27,-0.331880191,INTERNE
57,28,0.3826124641,INTERNE
57,29,0.1764210176,INTERNE
57,30,-0.205667287,INTERNE
57,31,-0.340245547,INTERNE
57,32,0.2872771407,INTERNE
57,33,-0.163254834,INTERNE
57,34,0.5116444648,INTERNE
57,35,0.4962341556,INTERNE
57,36,0.3414098081,INTERNE
57,37,-0.004114576,INTERNE
57,38,-0.369656186,INTERNE
57,39,-0.250531203,INTERNE
57,40,0.1424004363,INTERNE
57,41,-0.013916568,INTERNE
57,42,-0.103706111,INTERNE
57,43,-0.375959368,INTERNE
57,44,-0.236128421,INTERNE
57,45,-0.123914979,INTERNE
57,46,0.5119735918,INTERNE
57,47,-0.004521738,INTERNE
57,48,-0.296417822,INTERNE
57,49,0.1807188446,INTERNE
57,50,-0.154524388,INTERNE
57,51,0.9415646489,INTERNE
57,52,0.2023345625,INTERNE
57,53,0.0224730026,INTERNE
57,54,0.1439358597,INTERNE
57,55,-0.204580372,INTERNE
57,56,-0.210295377,INTERNE
57,57,0.3899965643,INTERNE
57,58,0.2892314019,INTERNE
57,59,-0.32208004,INTERNE
57,60,0.1857901459,INTERNE
57,61,-0.401037594,INTERNE
57,62,0.3227394747,INTERNE
57,63,-0.174465998,INTERNE
57,64,0.0393769604,INTERNE
57,65,-0.176446865,INTERNE
57,66,0.6080756086,INTERNE
57,67,0.130609118,INTERNE
57,68,0.2595428734,INTERNE
57,69,0.2724249806,INTERNE
57,70,0.517067153,INTERNE
57,71,-0.373078216,INTERNE
57,72,-0.08970788,INTERNE
57,73,-0.295295156,INTERNE
57,74,-0.134193177,INTERNE
57,75,-0.002329423,INTERNE
57,76,-0.212331595,INTERNE
57,77,0.212637402,INTERNE
57,78,0.3198002865,INTERNE
57,79,-0.372866191,INTERNE
57,80,-0.126383008,INTERNE
57,81,-0.391878351,INTERNE
57,82,1.0978624856,INTERNE
57,83,0.1441063591,INTERNE
57,84,-0.344723507,INTERNE
57,85,0.0502263931,INTERNE
57,86,0.3833972785,INTERNE
57,87,0.056492725,INTERNE
57,88,-0.006869592,INTERNE
57,89,0.1968137056,INTERNE
57,90,-0.073346274,INTERNE
57,91,0.1051023558,INTERNE
57,92,-0.206479481,INTERNE
57,93,-0.036196372,INTERNE
57,94,0.6647817337,INTERNE
57,95,-0.213691374,INTERNE
57,96,-0.184119658,INTERNE
57,97,0.0492370607,INTERNE
57,98,0.0832491545,INTERNE
57,99,-0.221265306,INTERNE
57,100,-0.086173765,INTERNE
58,1,-0.291061364,INTERNE
58,2,0.0003925077,INTERNE
58,3,0.0141829218,INTERNE
58,4,0.4172352347,INTERNE
58,5,-0.205852799,INTERNE
58,6,-0.086409618,INTERNE
58,7,-0.184803953,INTERNE
58,8,0.0823409849,INTERNE
58,9,-0.055464943,INTERNE
58,10,-0.10014961,INTERNE
58,11,-0.06102025,INTERNE
58,12,-0.000990698,INTERNE
58,13,-0.109647885,INTERNE
58,14,-0.2317356,INTERNE
58,15,0.0839323575,INTERNE
58,16,0.0170417061,INTERNE
58,17,0.0418919303,INTERNE
58,18,0.0615281596,INTERNE
58,19,0.2859919982,INTERNE
58,20,0.0869994235,INTERNE
58,21,0.0254552557,INTERNE
58,22,0.2233218024,INTERNE
58,23,-0.216071034,INTERNE
58,24,0.1246464077,INTERNE
58,25,0.0463904402,INTERNE
58,26,0.0236570435,INTERNE
58,27,-0.103264105,INTERNE
58,28,0.2401465248,INTERNE
58,29,-0.123881582,INTERNE
58,30,0.2576560073,INTERNE
58,31,0.1845400405,INTERNE
58,32,-0.425135917,INTERNE
58,33,0.3208446595,INTERNE
58,34,-0.173699777,INTERNE
58,35,-0.175578337,INTERNE
58,36,0.4368536599,INTERNE
58,37,-0.05695147,INTERNE
58,38,-0.087527815,INTERNE
58,39,-0.168842835,INTERNE
58,40,0.158387181,INTERNE
58,41,0.3088694255,INTERNE
58,42,0.0550948331,INTERNE
58,43,-0.221692158,INTERNE
58,44,0.5978563612,INTERNE
58,45,-0.169548277,INTERNE
58,46,-0.164959941,INTERNE
58,47,-0.035897017,INTERNE
58,48,-0.282371593,INTERNE
58,49,-0.102942227,INTERNE
58,50,0.1496426643,INTERNE
58,51,-0.138917169,INTERNE
58,52,-0.068152942,INTERNE
58,53,0.2329339263,INTERNE
58,54,-0.224896053,INTERNE
58,55,-0.219986995,INTERNE
58,56,-0.269022312,INTERNE
58,57,0.0001790736,INTERNE
58,58,0.2313784039,INTERNE
58,59,0.1945496825,INTERNE
58,60,-0.111695987,INTERNE
58,61,0.0760930252,INTERNE
58,62,0.2455921849,INTERNE
58,63,-0.242308356,INTERNE
58,64,-0.195258586,INTERNE
58,65,0.6127208857,INTERNE
58,66,0.0098592731,INTERNE
58,67,-0.176397778,INTERNE
58,68,-0.165913823,INTERNE
58,69,-0.184457607,INTERNE
58,70,0.1800174035,INTERNE
58,71,-0.31857176,INTERNE
58,72,0.0785777103,INTERNE
58,73,-0.114121526,INTERNE
58,74,0.0515383308,INTERNE
58,75,0.3476513941,INTERNE
58,76,-0.114000682,INTERNE
58,77,0.1247235481,INTERNE
58,78,0.419632976,INTERNE
58,79,0.2612103929,INTERNE
58,80,-0.370538825,INTERNE
58,81,-0.337357293,INTERNE
58,82,0.1660879322,INTERNE
58,83,-0.174599228,INTERNE
58,84,-0.215702114,INTERNE
58,85,0.0349545804,INTERNE
58,86,0.0142862937,INTERNE
58,87,0.043128002,INTERNE
58,88,-0.021984906,INTERNE
58,89,-0.218815716,INTERNE
58,90,1.3494172149,INTERNE
58,91,0.1952743001,INTERNE
58,92,0.5813061173,INTERNE
58,93,-0.049042607,INTERNE
58,94,-0.133020081,INTERNE
58,95,-0.17079647,INTERNE
58,96,0.1921151968,INTERNE
58,97,0.2265974289,INTERNE
58,98,0.0537976531,INTERNE
58,99,0.0940808796,INTERNE
58,100,-0.297290174,INTERNE
59,1,-0.37417392,INTERNE
59,2,0.1509418501,INTERNE
59,3,-0.109603406,INTERNE
59,4,0.4963785821,INTERNE
59,5,0.1748802805,INTERNE
59,6,-0.040233204,INTERNE
59,7,0.0584670614,INTERNE
59,8,0.2985810901,INTERNE
59,9,-0.074298252,INTERNE
59,10,0.2907855999,INTERNE
59,11,-0.189555214,INTERNE
59,12,0.101258279,INTERNE
59,13,0.3578445201,INTERNE
59,14,0.2320560871,INTERNE
59,15,-0.132615389,INTERNE
59,16,-0.067495486,INTERNE
59,17,0.4648361813,INTERNE
59,18,-0.324838599,INTERNE
59,19,-0.198036673,INTERNE
59,20,0.1615924759,INTERNE
59,21,0.0991197995,INTERNE
59,22,0.0695150998,INTERNE
59,23,-0.246216946,INTERNE
59,24,0.7528781145,INTERNE
59,25,-0.081316414,INTERNE
59,26,0.1397045419,INTERNE
59,27,0.3203725627,INTERNE
59,28,0.2875167422,INTERNE
59,29,-0.327255159,INTERNE
59,30,-0.211383026,INTERNE
59,31,0.2746606894,INTERNE
59,32,-0.002224037,INTERNE
59,33,-0.019044143,INTERNE
59,34,-0.234185158,INTERNE
59,35,0.3180575039,INTERNE
59,36,-0.219767527,INTERNE
59,37,0.051142546,INTERNE
59,38,-0.112173413,INTERNE
59,39,-0.069911105,INTERNE
59,40,-0.060803576,INTERNE
59,41,-0.279585125,INTERNE
59,42,-0.015856633,INTERNE
59,43,-0.246462431,INTERNE
59,44,-0.381730565,INTERNE
59,45,0.7352206529,INTERNE
59,46,0.0177406584,INTERNE
59,47,0.0524754761,INTERNE
59,48,-0.096487473,INTERNE
59,49,-0.215227695,INTERNE
59,50,0.0751362006,INTERNE
59,51,0.1980816608,INTERNE
59,52,-0.065452339,INTERNE
59,53,0.0149634058,INTERNE
59,54,0.5142066688,INTERNE
59,55,0.3003596276,INTERNE
59,56,-0.045363731,INTERNE
59,57,0.1613507647,INTERNE
59,58,-0.187033667,INTERNE
59,59,0.542856304,INTERNE
59,60,0.7509498991,INTERNE
59,61,0.5040699135,INTERNE
59,62,0.3561071307,INTERNE
59,63,0.3237703181,INTERNE
59,64,-0.19558708,INTERNE
59,65,-0.027368998,INTERNE
59,66,-0.275839419,INTERNE
59,67,-0.122952023,INTERNE
59,68,0.4280608695,INTERNE
59,69,0.0262975691,INTERNE
59,70,0.2625176148,INTERNE
59,71,-0.259571983,INTERNE
59,72,-0.225198105,INTERNE
59,73,0.7281797675,INTERNE
59,74,-0.018985269,INTERNE
59,75,0.5101671446,INTERNE
59,76,0.0959474306,INTERNE
59,77,0.1754824837,INTERNE
59,78,0.0172112186,INTERNE
59,79,0.1433922861,INTERNE
59,80,-0.118409009,INTERNE
59,81,-0.154343946,INTERNE
59,82,0.0866603246,INTERNE
59,83,-0.157848412,INTERNE
59,84,0.0323302669,INTERNE
59,85,0.040321488,INTERNE
59,86,0.2422996282,INTERNE
59,87,0.1433264686,INTERNE
59,88,0.4708213506,INTERNE
59,89,-0.214570996,INTERNE
59,90,0.0169436434,INTERNE
59,91,-0.007764616,INTERNE
59,92,0.0885926169,INTERNE
59,93,-0.161399783,INTERNE
59,94,-0.113526101,INTERNE
59,95,-0.162606219,INTERNE
59,96,-0.352053471,INTERNE
59,97,0.3588884241,INTERNE
59,98,0.3815548647,INTERNE
59,99,0.5988116257,INTERNE
59,100,0.2499739422,INTERNE
60,1,0.0930936248,INTERNE
60,2,0.230041314,INTERNE
60,3,0.3240125595,INTERNE
60,4,0.2788144631,INTERNE
60,5,0.3586049082,INTERNE
60,6,0.447970267,INTERNE
60,7,-0.025271164,INTERNE
60,8,-0.299404515,INTERNE
60,9,0.0263470045,INTERNE
60,10,-0.183222357,INTERNE
60,11,-0.0853385,INTERNE
60,12,-0.268377616,INTERNE
60,13,0.2147464411,INTERNE
60,14,0.0697736811,INTERNE
60,15,0.2495324803,INTERNE
60,16,0.0132516301,INTERNE
60,17,-0.455781179,INTERNE
60,18,-0.127106257,INTERNE
60,19,0.3337163167,INTERNE
60,20,-0.319426999,INTERNE
60,21,-0.093120768,INTERNE
60,22,-0.239633007,INTERNE
60,23,-0.002455142,INTERNE
60,24,0.1413685555,INTERNE
60,25,0.0477803073,INTERNE
60,26,0.0077479925,INTERNE
60,27,0.0713232425,INTERNE
60,28,-0.09714682,INTERNE
60,29,0.0255825913,INTERNE
60,30,0.2352374862,INTERNE
60,31,0.1104380496,INTERNE
60,32,0.477299629,INTERNE
60,33,0.2037994327,INTERNE
60,34,-0.12224999,INTERNE
60,35,-0.034283924,INTERNE
60,36,0.088643628,INTERNE
60,37,-0.054621678,INTERNE
60,38,-0.106290047,INTERNE
60,39,0.4684034634,INTERNE
60,40,0.0113655776,INTERNE
60,41,0.3946956024,INTERNE
60,42,0.1879065912,INTERNE
60,43,0.3005907304,INTERNE
60,44,-0.155674192,INTERNE
60,45,-0.204312927,INTERNE
60,46,-0.297756583,INTERNE
60,47,0.3827601413,INTERNE
60,48,-0.366386844,INTERNE
60,49,-0.007526399,INTERNE
60,50,0.2367291422,INTERNE
60,51,-0.189779155,INTERNE
60,52,-0.008607035,INTERNE
60,53,-0.17389974,INTERNE
60,54,0.0850548561,INTERNE
60,55,-0.035063802,INTERNE
60,56,-0.197995196,INTERNE
60,57,0.182126835,INTERNE
60,58,0.0616629038,INTERNE
60,59,0.1908233515,INTERNE
60,60,0.7111881615,INTERNE
60,61,-0.130627403,INTERNE
60,62,-0.485592592,INTERNE
60,63,0.3386974281,INTERNE
60,64,0.0579706341,INTERNE
60,65,0.4076121617,INTERNE
60,66,-0.098122295,INTERNE
60,67,-0.203013201,INTERNE
60,68,0.6117504811,INTERNE
60,69,-0.032299071,INTERNE
60,70,0.0623674009,INTERNE
60,71,0.1801670635,INTERNE
60,72,-0.355579123,INTERNE
60,73,-0.198773066,INTERNE
60,74,-0.020431089,INTERNE
60,75,-0.36885367,INTERNE
60,76,-0.296518031,INTERNE
60,77,0.2950681561,INTERNE
60,78,0.1585624928,INTERNE
60,79,0.1768382301,INTERNE
60,80,-0.055890957,INTERNE
60,81,-0.317929988,INTERNE
60,82,0.3188069136,INTERNE
60,83,0.121167999,INTERNE
60,84,0.0205838628,INTERNE
60,85,0.1792408728,INTERNE
60,86,0.233097106,INTERNE
60,87,-0.039116284,INTERNE
60,88,-0.129716145,INTERNE
60,89,0.2246615455,INTERNE
60,90,-0.164815095,INTERNE
60,91,-0.291267054,INTERNE
60,92,0.3871285525,INTERNE
60,93,-0.117139939,INTERNE
60,94,-0.178156402,INTERNE
60,95,0.3570080136,INTERNE
60,96,-0.247553659,INTERNE
60,97,0.5599559966,INTERNE
60,98,0.2103407653,INTERNE
60,99,-0.081547534,INTERNE
60,100,0.4034430846,INTERNE
61,1,0.2810701028,INTERNE
61,2,0.0259391109,INTERNE
61,3,-0.040545082,INTERNE
61,4,-0.053350235,INTERNE
61,5,-0.354442116,INTERNE
61,6,0.0415799439,INTERNE
61,7,0.1812326235,INTERNE
61,8,-0.138218498,INTERNE
61,9,-0.236710544,INTERNE
61,10,-0.036368945,INTERNE
61,11,-0.332212963,INTERNE
61,12,-0.214110284,INTERNE
61,13,-0.343728427,INTERNE
61,14,-0.118688538,INTERNE
61,15,-0.28903637,INTERNE
61,16,0.071751283,INTERNE
61,17,-0.254174174,INTERNE
61,18,0.3164655719,INTERNE
61,19,-0.133185429,INTERNE
61,20,-0.26228207,INTERNE
61,21,-0.054202657,INTERNE
61,22,0.2010088676,INTERNE
61,23,-0.159369711,INTERNE
61,24,-0.17799944,INTERNE
61,25,-0.140401115,INTERNE
61,26,-0.253484278,INTERNE
61,27,0.3237792209,INTERNE
61,28,-0.121887403,INTERNE
61,29,-0.000753811,INTERNE
61,30,0.10452931,INTERNE
61,31,0.3323120789,INTERNE
61,32,0.4451268608,INTERNE
61,33,-0.339830961,INTERNE
61,34,0.0501032826,INTERNE
61,35,0.0845465825,INTERNE
61,36,0.216237317,INTERNE
61,37,-0.071452801,INTERNE
61,38,0.6580539301,INTERNE
61,39,-0.06236038,INTERNE
61,40,-0.0932948,INTERNE
61,41,0.0620039525,INTERNE
61,42,-0.195161802,INTERNE
61,43,-0.272634297,INTERNE
61,44,0.7390848301,INTERNE
61,45,-0.107449495,INTERNE
61,46,-0.011786389,INTERNE
61,47,-0.246610303,INTERNE
61,48,0.1708196223,INTERNE
61,49,-0.183385711,INTERNE
61,50,-0.304499911,INTERNE
61,51,0.7794621527,INTERNE
61,52,-0.024140411,INTERNE
61,53,-0.22922893,INTERNE
61,54,0.1883101812,INTERNE
61,55,0.1513116205,INTERNE
61,56,-0.145892877,INTERNE
61,57,0.8253743031,INTERNE
61,58,-0.355269616,INTERNE
61,59,0.0644259255,INTERNE
61,60,-0.244025871,INTERNE
61,61,0.083840617,INTERNE
61,62,0.2161414529,INTERNE
61,63,-0.254468327,INTERNE
61,64,-0.243092855,INTERNE
61,65,0.2972018455,INTERNE
61,66,0.6160679066,INTERNE
61,67,0.0662171099,INTERNE
61,68,0.0465876733,INTERNE
61,69,-0.473449974,INTERNE
61,70,-0.147068278,INTERNE
61,71,0.4848063587,INTERNE
61,72,0.0906988966,INTERNE
61,73,0.0543689198,INTERNE
61,74,-0.22601126,INTERNE
61,75,-0.191531676,INTERNE
61,76,0.1087502303,INTERNE
61,77,0.0007828061,INTERNE
61,78,0.3346091296,INTERNE
61,79,0.2555411198,INTERNE
61,80,-0.361838967,INTERNE
61,81,-0.021571356,INTERNE
61,82,0.010849209,INTERNE
61,83,-0.190867493,INTERNE
61,84,-0.01452777,INTERNE
61,85,-0.053901465,INTERNE
61,86,0.0623656526,INTERNE
61,87,0.2812569958,INTERNE
61,88,-0.366750932,INTERNE
61,89,-0.025245585,INTERNE
61,90,-0.224708494,INTERNE
61,91,-0.030253934,INTERNE
61,92,-0.02763055,INTERNE
61,93,0.3389501177,INTERNE
61,94,-0.519415509,INTERNE
61,95,-0.097539089,INTERNE
61,96,-0.096452137,INTERNE
61,97,0.3327748959,INTERNE
61,98,0.239282478,INTERNE
61,99,-0.174538739,INTERNE
61,100,-0.046697056,INTERNE
62,1,-0.059202436,INTERNE
62,2,0.0502148836,INTERNE
62,3,-0.310954848,INTERNE
62,4,-0.079728116,INTERNE
62,5,0.2966120738,INTERNE
62,6,-0.43775695,INTERNE
62,7,0.2637387683,INTERNE
62,8,0.1696879456,INTERNE
62,9,-0.090403105,INTERNE
62,10,-0.449728575,INTERNE
62,11,-0.115671634,INTERNE
62,12,0.0388055452,INTERNE
62,13,0.0336785388,INTERNE
62,14,-0.011060143,INTERNE
62,15,-0.451948749,INTERNE
62,16,-0.188090818,INTERNE
62,17,0.1407229969,INTERNE
62,18,-0.218032385,INTERNE
62,19,0.0893679516,INTERNE
62,20,0.5901802448,INTERNE
62,21,0.0072900806,INTERNE
62,22,0.2195822357,INTERNE
62,23,0.3463723562,INTERNE
62,24,-0.147267814,INTERNE
62,25,-0.323741214,INTERNE
62,26,-0.2648152,INTERNE
62,27,0.0816015606,INTERNE
62,28,-0.150826813,INTERNE
62,29,-0.110537485,INTERNE
62,30,-0.042125166,INTERNE
62,31,-0.499516956,INTERNE
62,32,0.2885129448,INTERNE
62,33,0.2177281195,INTERNE
62,34,-0.28802585,INTERNE
62,35,0.0274751967,INTERNE
62,36,0.0794449338,INTERNE
62,37,-0.242470011,INTERNE
62,38,0.1156247345,INTERNE
62,39,0.4635494947,INTERNE
62,40,0.2303710314,INTERNE
62,41,-0.16415383,INTERNE
62,42,0.0714629647,INTERNE
62,43,-0.177394241,INTERNE
62,44,0.0425352016,INTERNE
62,45,0.2224098459,INTERNE
62,46,0.1942996368,INTERNE
62,47,0.0963738816,INTERNE
62,48,0.3126243932,INTERNE
62,49,0.0655446348,INTERNE
62,50,0.1664344821,INTERNE
62,51,0.0664936346,INTERNE
62,52,-0.167312884,INTERNE
62,53,0.1648929693,INTERNE
62,54,-0.108071011,INTERNE
62,55,0.4786924437,INTERNE
62,56,-0.160133231,INTERNE
62,57,0.1657997365,INTERNE
62,58,-0.024716239,INTERNE
62,59,0.1007041976,INTERNE
62,60,0.3402156397,INTERNE
62,61,-0.234222275,INTERNE
62,62,0.0369717054,INTERNE
62,63,0.1881646165,INTERNE
62,64,0.1914176261,INTERNE
62,65,-0.002289479,INTERNE
62,66,-0.355954498,INTERNE
62,67,-0.280759293,INTERNE
62,68,-0.047837593,INTERNE
62,69,0.6734474511,INTERNE
62,70,-0.054878674,INTERNE
62,71,-0.198853679,INTERNE
62,72,0.0343576564,INTERNE
62,73,0.7437258751,INTERNE
62,74,-0.099620827,INTERNE
62,75,0.9457137053,INTERNE
62,76,0.178929599,INTERNE
62,77,0.3482813717,INTERNE
62,78,0.0123554839,INTERNE
62,79,-0.245781465,INTERNE
62,80,0.2233415842,INTERNE
62,81,0.3597605002,INTERNE
62,82,-0.028011905,INTERNE
62,83,0.3309203899,INTERNE
62,84,-0.22020577,INTERNE
62,85,-0.139173321,INTERNE
62,86,-0.289583903,INTERNE
62,87,0.1308605198,INTERNE
62,88,-0.104697473,INTERNE
62,89,-0.181419447,INTERNE
62,90,0.0990203915,INTERNE
62,91,-0.104263188,INTERNE
62,92,0.50903544,INTERNE
62,93,-0.247938027,INTERNE
62,94,-0.391351052,INTERNE
62,95,-0.249380455,INTERNE
62,96,-0.029831334,INTERNE
62,97,-0.211647858,INTERNE
62,98,0.211445469,INTERNE
62,99,-0.293749909,INTERNE
62,100,0.0848434441,INTERNE
63,1,0.2185749783,INTERNE
63,2,0.1653606435,INTERNE
63,3,-0.126559099,INTERNE
63,4,-0.19149079,INTERNE
63,5,0.0422321888,INTERNE
63,6,-0.319772466,INTERNE
63,7,0.3388900888,INTERNE
63,8,0.3326124215,INTERNE
63,9,0.4638462062,INTERNE
63,10,0.0388248016,INTERNE
63,11,0.047004323,INTERNE
63,12,-0.126024843,INTERNE
63,13,-0.151108962,INTERNE
63,14,0.3012386951,INTERNE
63,15,0.2850476403,INTERNE
63,16,-0.054667377,INTERNE
63,17,0.1137680346,INTERNE
63,18,-0.017159191,INTERNE
63,19,-0.231560271,INTERNE
63,20,0.0849003128,INTERNE
63,21,0.0057298015,INTERNE
63,22,0.2278432863,INTERNE
63,23,-0.158529854,INTERNE
63,24,0.1325968861,INTERNE
63,25,-0.152445099,INTERNE
63,26,-0.290823984,INTERNE
63,27,-0.100945483,INTERNE
63,28,0.1264076745,INTERNE
63,29,0.1780291166,INTERNE
63,30,0.1496861893,INTERNE
63,31,0.4429999042,INTERNE
63,32,0.3935706428,INTERNE
63,33,-0.23296852,INTERNE
63,34,0.414864641,INTERNE
63,35,-0.228191374,INTERNE
63,36,0.4309194366,INTERNE
63,37,-0.074824737,INTERNE
63,38,-0.283996607,INTERNE
63,39,0.1351795363,INTERNE
63,40,-0.165918486,INTERNE
63,41,-0.13618422,INTERNE
63,42,0.0713950689,INTERNE
63,43,0.0078126866,INTERNE
63,44,0.7429625789,INTERNE
63,45,0.1237693491,INTERNE
63,46,-0.380240235,INTERNE
63,47,-0.025218367,INTERNE
63,48,0.3175368047,INTERNE
63,49,0.127902802,INTERNE
63,50,-0.150217828,INTERNE
63,51,0.2074507695,INTERNE
63,52,0.1164552007,INTERNE
63,53,-0.103716358,INTERNE
63,54,0.1807549974,INTERNE
63,55,0.2565793629,INTERNE
63,56,-0.101500245,INTERNE
63,57,0.4373378996,INTERNE
63,58,0.313204807,INTERNE
63,59,-0.20549013,INTERNE
63,60,0.0281071125,INTERNE
63,61,-0.369861403,INTERNE
63,62,-0.06262081,INTERNE
63,63,-0.122080628,INTERNE
63,64,-0.050832067,INTERNE
63,65,0.0593110773,INTERNE
63,66,0.4240748711,INTERNE
63,67,0.0707196465,INTERNE
63,68,0.209940801,INTERNE
63,69,0.1570278524,INTERNE
63,70,-0.35831036,INTERNE
63,71,-0.142471699,INTERNE
63,72,-0.323259113,INTERNE
63,73,0.0027898111,INTERNE
63,74,-0.221731716,INTERNE
63,75,-0.423757522,INTERNE
63,76,-0.181195208,INTERNE
63,77,-0.112571053,INTERNE
63,78,-0.242772523,INTERNE
63,79,-0.129052125,INTERNE
63,80,-0.219949514,INTERNE
63,81,0.0632556842,INTERNE
63,82,-0.187759134,INTERNE
63,83,-0.243459848,INTERNE
63,84,0.8653357593,INTERNE
63,85,0.3302730027,INTERNE
63,86,-0.194879297,INTERNE
63,87,0.5804792744,INTERNE
63,88,0.2603206401,INTERNE
63,89,-0.199139709,INTERNE
63,90,-0.415829842,INTERNE
63,91,-0.220986334,INTERNE
63,92,0.5540567337,INTERNE
63,93,-0.179678551,INTERNE
63,94,-0.161654648,INTERNE
63,95,-0.438928004,INTERNE
63,96,-0.216022773,INTERNE
63,97,0.3105082232,INTERNE
63,98,1.0298114934,INTERNE
63,99,-0.121841871,INTERNE
63,100,0.0103098342,INTERNE
64,1,0.0615931215,INTERNE
64,2,-0.28193321,INTERNE
64,3,-0.045717378,INTERNE
64,4,0.2776424559,INTERNE
64,5,0.0995691384,INTERNE
64,6,-0.227003254,INTERNE
64,7,0.2670307632,INTERNE
64,8,0.2284104124,INTERNE
64,9,-0.058269399,INTERNE
64,10,-0.014043966,INTERNE
64,11,0.2379886769,INTERNE
64,12,-0.033903327,INTERNE
64,13,0.4592678925,INTERNE
64,14,-0.06050782,INTERNE
64,15,0.0224944046,INTERNE
64,16,0.2884334254,INTERNE
64,17,0.226656289,INTERNE
64,18,-0.014965001,INTERNE
64,19,-0.291027337,INTERNE
64,20,-0.244201722,INTERNE
64,21,-0.04099168,INTERNE
64,22,-0.188604132,INTERNE
64,23,0.1040265293,INTERNE
64,24,0.10478847,INTERNE
64,25,-0.199219821,INTERNE
64,26,-0.049920935,INTERNE
64,27,0.2069038003,INTERNE
64,28,-0.358783506,INTERNE
64,29,0.1724021496,INTERNE
64,30,-0.124407569,INTERNE
64,31,0.1868068617,INTERNE
64,32,-0.078090126,INTERNE
64,33,0.1851057825,INTERNE
64,34,0.2317475161,INTERNE
64,35,-0.193032373,INTERNE
64,36,-0.323439134,INTERNE
64,37,0.1079560362,INTERNE
64,38,-0.470406388,INTERNE
64,39,-0.408186097,INTERNE
64,40,0.0919195262,INTERNE
64,41,0.0058557029,INTERNE
64,42,0.0179631569,INTERNE
64,43,0.2527207739,INTERNE
64,44,-0.021001114,INTERNE
64,45,-0.185826572,INTERNE
64,46,0.0314636217,INTERNE
64,47,0.1241834213,INTERNE
64,48,0.2608591048,INTERNE
64,49,0.0941551556,INTERNE
64,50,-0.006493888,INTERNE
64,51,-0.17676074,INTERNE
64,52,0.2381082905,INTERNE
64,53,-0.258980981,INTERNE
64,54,0.1838244389,INTERNE
64,55,0.2335847384,INTERNE
64,56,-0.258983735,INTERNE
64,57,-0.050433844,INTERNE
64,58,0.0113361593,INTERNE
64,59,-0.255384937,INTERNE
64,60,0.0872245022,INTERNE
64,61,0.3970916784,INTERNE
64,62,0.3598976024,INTERNE
64,63,0.0169205181,INTERNE
64,64,0.7434710019,INTERNE
64,65,-0.372872917,INTERNE
64,66,-0.078947701,INTERNE
64,67,-0.090379577,INTERNE
64,68,0.2242755635,INTERNE
64,69,0.1000027028,INTERNE
64,70,-0.297678088,INTERNE
64,71,0.1295081827,INTERNE
64,72,-0.212670829,INTERNE
64,73,-0.171721397,INTERNE
64,74,-0.542959123,INTERNE
64,75,-0.139792548,INTERNE
64,76,-0.167503656,INTERNE
64,77,0.1816618663,INTERNE
64,78,0.3804755056,INTERNE
64,79,-0.222294358,INTERNE
64,80,0.0554766894,INTERNE
64,81,-0.151886695,INTERNE
64,82,-0.033292254,INTERNE
64,83,0.3857994224,INTERNE
64,84,-0.098536583,INTERNE
64,85,0.0038059077,INTERNE
64,86,0.1321528626,INTERNE
64,87,-0.241001836,INTERNE
64,88,-0.124328078,INTERNE
64,89,-0.120646095,INTERNE
64,90,0.0980630845,INTERNE
64,91,0.0291822046,INTERNE
64,92,-0.190197112,INTERNE
64,93,-0.005728799,INTERNE
64,94,-0.188653537,INTERNE
64,95,-0.092401251,INTERNE
64,96,-0.122989215,INTERNE
64,97,0.0153855978,INTERNE
64,98,-0.039908872,INTERNE
64,99,-0.337750718,INTERNE
64,100,-0.486424891,INTERNE
65,1,-0.054783194,INTERNE
65,2,0.0788830997,INTERNE
65,3,0.1756411095,INTERNE
65,4,0.2694298404,INTERNE
65,5,0.2333899163,INTERNE
65,6,0.1031062544,INTERNE
65,7,-0.192564371,INTERNE
65,8,-0.319785421,INTERNE
65,9,0.0219346456,INTERNE
65,10,0.1609492066,INTERNE
65,11,0.0003879297,INTERNE
65,12,0.4919372676,INTERNE
65,13,-0.02438925,INTERNE
65,14,0.4460253862,INTERNE
65,15,0.6280144463,INTERNE
65,16,-0.323865398,INTERNE
65,17,0.1399410181,INTERNE
65,18,-0.036305361,INTERNE
65,19,0.0237894532,INTERNE
65,20,0.0813109417,INTERNE
65,21,0.2258287687,INTERNE
65,22,-0.144013375,INTERNE
65,23,-0.193448323,INTERNE
65,24,-0.049678409,INTERNE
65,25,-0.270277616,INTERNE
65,26,-0.185795079,INTERNE
65,27,0.0979806838,INTERNE
65,28,0.3121425108,INTERNE
65,29,0.3213512019,INTERNE
65,30,-0.280280128,INTERNE
65,31,0.1783735214,INTERNE
65,32,0.1206350008,INTERNE
65,33,0.1099511311,INTERNE
65,34,0.1013583498,INTERNE
65,35,-0.324147055,INTERNE
65,36,0.0369167529,INTERNE
65,37,0.2051344627,INTERNE
65,38,0.3946027638,INTERNE
65,39,0.1054869257,INTERNE
65,40,-0.211266029,INTERNE
65,41,0.1561207474,INTERNE
65,42,-0.084606163,INTERNE
65,43,0.2439349182,INTERNE
65,44,-0.111144987,INTERNE
65,45,-0.394597231,INTERNE
65,46,-0.131284887,INTERNE
65,47,0.0119248815,INTERNE
65,48,-0.293186388,INTERNE
65,49,-0.383127541,INTERNE
65,50,-0.13986839,INTERNE
65,51,-0.15751368,INTERNE
65,52,-0.237398206,INTERNE
65,53,0.1776109531,INTERNE
65,54,0.0048238729,INTERNE
65,55,0.1355708382,INTERNE
65,56,0.1167725604,INTERNE
65,57,0.3078951686,INTERNE
65,58,0.1202693715,INTERNE
65,59,0.0077131778,INTERNE
65,60,-0.137180942,INTERNE
65,61,-0.372003192,INTERNE
65,62,0.4032492734,INTERNE
65,63,0.094563226,INTERNE
65,64,-0.190721994,INTERNE
65,65,0.0210046261,INTERNE
65,66,-0.247045636,INTERNE
65,67,0.2001057904,INTERNE
65,68,0.4008807729,INTERNE
65,69,0.0210339287,INTERNE
65,70,0.7299121028,INTERNE
65,71,-0.187445802,INTERNE
65,72,-0.260898828,INTERNE
65,73,0.1374383755,INTERNE
65,74,-0.061134407,INTERNE
65,75,-0.242017544,INTERNE
65,76,-0.223275438,INTERNE
65,77,-0.11608882,INTERNE
65,78,-0.162168423,INTERNE
65,79,-0.051166678,INTERNE
65,80,-0.017396365,INTERNE
65,81,0.6026205955,INTERNE
65,82,-0.163180068,INTERNE
65,83,0.745720762,INTERNE
65,84,-0.359653611,INTERNE
65,85,-0.309833227,INTERNE
65,86,0.1346200823,INTERNE
65,87,0.1503404557,INTERNE
65,88,0.0603985721,INTERNE
65,89,-0.043449262,INTERNE
65,90,0.3282264197,INTERNE
65,91,0.0433780238,INTERNE
65,92,0.1467772324,INTERNE
65,93,0.1581705266,INTERNE
65,94,0.2024178817,INTERNE
65,95,0.0735464135,INTERNE
65,96,-0.02643985,INTERNE
65,97,-0.200060047,INTERNE
65,98,-0.135929262,INTERNE
65,99,0.3289129014,INTERNE
65,100,-0.168434946,INTERNE
66,1,0.0087774535,INTERNE
66,2,-0.175257328,INTERNE
66,3,0.3520889673,INTERNE
66,4,0.8139128376,INTERNE
66,5,0.6324492479,INTERNE
66,6,0.0321292026,INTERNE
66,7,-0.159373308,INTERNE
66,8,-0.41430626,INTERNE
66,9,-0.201966304,INTERNE
66,10,-0.504584709,INTERNE
66,11,0.2341960314,INTERNE
66,12,0.1478127251,INTERNE
66,13,0.0656120922,INTERNE
66,14,0.1689792024,INTERNE
66,15,-0.313772575,INTERNE
66,16,-0.209448763,INTERNE
66,17,0.1856808357,INTERNE
66,18,-0.112160922,INTERNE
66,19,-0.207124589,INTERNE
66,20,0.1109885895,INTERNE
66,21,0.2577346083,INTERNE
66,22,-0.105460103,INTERNE
66,23,-0.096909231,INTERNE
66,24,0.1979035552,INTERNE
66,25,-0.303593339,INTERNE
66,26,0.0837131934,INTERNE
66,27,-0.085622755,INTERNE
66,28,-0.114732322,INTERNE
66,29,0.0588310967,INTERNE
66,30,-0.098625817,INTERNE
66,31,-0.068542335,INTERNE
66,32,0.002651726,INTERNE
66,33,-0.243105581,INTERNE
66,34,0.0928495426,INTERNE
66,35,0.6013431573,INTERNE
66,36,0.4032151667,INTERNE
66,37,0.1134807473,INTERNE
66,38,0.1410989522,INTERNE
66,39,0.1755815292,INTERNE
66,40,0.0957270394,INTERNE
66,41,-0.091967159,INTERNE
66,42,0.117528275,INTERNE
66,43,0.2654965318,INTERNE
66,44,0.1136815336,INTERNE
66,45,-0.128015832,INTERNE
66,46,0.3847015196,INTERNE
66,47,-0.506546468,INTERNE
66,48,-0.102635596,INTERNE
66,49,-0.10877082,INTERNE
66,50,-0.051470474,INTERNE
66,51,0.193674778,INTERNE
66,52,-0.0392155,INTERNE
66,53,0.2035941089,INTERNE
66,54,-0.47237685,INTERNE
66,55,0.0239373026,INTERNE
66,56,-0.078446274,INTERNE
66,57,-0.369577235,INTERNE
66,58,0.6694507629,INTERNE
66,59,0.0826506655,INTERNE
66,60,-0.020070718,INTERNE
66,61,0.0950182636,INTERNE
66,62,0.1875050825,INTERNE
66,63,0.2751246183,INTERNE
66,64,0.3088284577,INTERNE
66,65,0.2709087006,INTERNE
66,66,-0.198643074,INTERNE
66,67,-0.16757707,INTERNE
66,68,0.2988622724,INTERNE
66,69,0.025934464,INTERNE
66,70,-0.35968337,INTERNE
66,71,-0.104378395,INTERNE
66,72,0.0246996262,INTERNE
66,73,-0.036527387,INTERNE
66,74,-0.252226776,INTERNE
66,75,-0.243939642,INTERNE
66,76,0.0695626228,INTERNE
66,77,-0.073449751,INTERNE
66,78,0.0198948227,INTERNE
66,79,-0.195598988,INTERNE
66,80,0.2076550638,INTERNE
66,81,-0.178046298,INTERNE
66,82,-0.009873937,INTERNE
66,83,-0.013350142,INTERNE
66,84,-0.117606564,INTERNE
66,85,-0.164594827,INTERNE
66,86,-0.25254309,INTERNE
66,87,0.2878343727,INTERNE
66,88,0.1026004711,INTERNE
66,89,-0.074033415,INTERNE
66,90,-0.346790594,INTERNE
66,91,0.1460219808,INTERNE
66,92,0.1182052025,INTERNE
66,93,-0.093922709,INTERNE
66,94,0.7502460671,INTERNE
66,95,-0.062217113,INTERNE
66,96,0.0206669932,INTERNE
66,97,-0.089780239,INTERNE
66,98,-0.219469635,INTERNE
66,99,0.3104325882,INTERNE
66,100,-0.132524185,INTERNE
67,1,0.3129764817,INTERNE
67,2,0.3590241939,INTERNE
67,3,0.1218385672,INTERNE
67,4,-0.365237484,INTERNE
67,5,-0.102765608,INTERNE
67,6,0.1038523842,INTERNE
67,7,0.4044274155,INTERNE
67,8,0.515049359,INTERNE
67,9,0.1545146612,INTERNE
67,10,0.4096972393,INTERNE
67,11,0.321862223,INTERNE
67,12,0.1586466459,INTERNE
67,13,0.5940555794,INTERNE
67,14,-0.156229431,INTERNE
67,15,0.2306987926,INTERNE
67,16,0.0325421459,INTERNE
67,17,-0.364928665,INTERNE
67,18,0.4934569163,INTERNE
67,19,-0.172893201,INTERNE
67,20,0.5170692924,INTERNE
67,21,-0.013266061,INTERNE
67,22,-0.060716205,INTERNE
67,23,0.1402635051,INTERNE
67,24,-0.123259016,INTERNE
67,25,-0.007612649,INTERNE
67,26,0.3055023208,INTERNE
67,27,0.1807894634,INTERNE
67,28,-0.141174675,INTERNE
67,29,-0.225178337,INTERNE
67,30,-0.175280806,INTERNE
67,31,-0.217121886,INTERNE
67,32,0.7845474591,INTERNE
67,33,0.0724232074,INTERNE
67,34,0.1693179104,INTERNE
67,35,-0.222326681,INTERNE
67,36,0.2303278203,INTERNE
67,37,0.0905051094,INTERNE
67,38,0.0376338641,INTERNE
67,39,-0.115434876,INTERNE
67,40,0.3446757786,INTERNE
67,41,-0.119683741,INTERNE
67,42,-0.179379453,INTERNE
67,43,0.0928158238,INTERNE
67,44,0.136684472,INTERNE
67,45,-0.162022003,INTERNE
67,46,-0.03208407,INTERNE
67,47,0.0333807345,INTERNE
67,48,0.7393651537,INTERNE
67,49,0.2399026966,INTERNE
67,50,0.1067180632,INTERNE
67,51,0.2477784191,INTERNE
67,52,0.1384676424,INTERNE
67,53,-0.091671416,INTERNE
67,54,-0.106647321,INTERNE
67,55,-0.045465712,INTERNE
67,56,-0.05881757,INTERNE
67,57,-0.023213343,INTERNE
67,58,0.0151516287,INTERNE
67,59,0.0013680954,INTERNE
67,60,0.0057283849,INTERNE
67,61,-0.219134281,INTERNE
67,62,0.2098611273,INTERNE
67,63,0.1514931851,INTERNE
67,64,0.1137212969,INTERNE
67,65,0.120996393,INTERNE
67,66,-0.048732869,INTERNE
67,67,-0.303402033,INTERNE
67,68,0.2502264317,INTERNE
67,69,-0.3084783,INTERNE
67,70,0.10499354,INTERNE
67,71,-0.167024632,INTERNE
67,72,-0.162076139,INTERNE
67,73,-0.004335198,INTERNE
67,74,-0.070219989,INTERNE
67,75,0.3541766519,INTERNE
67,76,-0.273211924,INTERNE
67,77,-0.305696369,INTERNE
67,78,0.076173075,INTERNE
67,79,0.1723693228,INTERNE
67,80,-0.113460724,INTERNE
67,81,0.0665581215,INTERNE
67,82,-0.088667629,INTERNE
67,83,0.2705948929,INTERNE
67,84,-0.115543255,INTERNE
67,85,-0.007733108,INTERNE
67,86,-0.274498069,INTERNE
67,87,0.4055816559,INTERNE
67,88,-0.051028992,INTERNE
67,89,0.1828707052,INTERNE
67,90,0.4578195685,INTERNE
67,91,-0.39148276,INTERNE
67,92,0.0997020269,INTERNE
67,93,0.0803754727,INTERNE
67,94,-0.252372968,INTERNE
67,95,-0.324318789,INTERNE
67,96,0.1346861072,INTERNE
67,97,0.6053768872,INTERNE
67,98,-0.210378763,INTERNE
67,99,-0.254243026,INTERNE
67,100,0.0379091315,INTERNE
68,1,0.2969704661,INTERNE
68,2,0.5108970588,INTERNE
68,3,0.3975674003,INTERNE
68,4,0.0034490622,INTERNE
68,5,0.1033110318,INTERNE
68,6,-0.264630401,INTERNE
68,7,0.2371400604,INTERNE
68,8,-0.181594718,INTERNE
68,9,0.3758539784,INTERNE
68,10,0.0665586861,INTERNE
68,11,-0.058036715,INTERNE
68,12,-0.064498521,INTERNE
68,13,0.1075810322,INTERNE
68,14,-0.185926883,INTERNE
68,15,-0.221662939,INTERNE
68,16,0.1844862418,INTERNE
68,17,0.0059107235,INTERNE
68,18,-0.145704345,INTERNE
68,19,-0.07807638,INTERNE
68,20,-0.026860831,INTERNE
68,21,-0.084250526,INTERNE
68,22,-0.046504968,INTERNE
68,23,0.4909751921,INTERNE
68,24,-0.133951824,INTERNE
68,25,0.2435002472,INTERNE
68,26,-0.262180259,INTERNE
68,27,0.0839143591,INTERNE
68,28,0.0523899734,INTERNE
68,29,-0.352984014,INTERNE
68,30,-0.188983251,INTERNE
68,31,0.430527327,INTERNE
68,32,0.3055514343,INTERNE
68,33,0.3512448947,INTERNE
68,34,-0.174450919,INTERNE
68,35,0.5713377308,INTERNE
68,36,0.1777034417,INTERNE
68,37,0.0254595362,INTERNE
68,38,0.0665224603,INTERNE
68,39,-0.448927819,INTERNE
68,40,0.4843059314,INTERNE
68,41,0.1298194557,INTERNE
68,42,0.3120633914,INTERNE
68,43,0.0082283858,INTERNE
68,44,-0.357267357,INTERNE
68,45,-0.309310183,INTERNE
68,46,0.0262503785,INTERNE
68,47,0.1665126628,INTERNE
68,48,0.5875035096,INTERNE
68,49,-0.220903548,INTERNE
68,50,-0.114779791,INTERNE
68,51,0.2635277248,INTERNE
68,52,0.4248856439,INTERNE
68,53,-0.305228213,INTERNE
68,54,0.2397053999,INTERNE
68,55,-0.167192917,INTERNE
68,56,-0.051131125,INTERNE
68,57,0.1363387036,INTERNE
68,58,-0.133968898,INTERNE
68,59,-0.1380329,INTERNE
68,60,-0.071467959,INTERNE
68,61,-0.071653828,INTERNE
68,62,0.1044587663,INTERNE
68,63,0.2370639795,INTERNE
68,64,0.3383385203,INTERNE
68,65,-0.214952386,INTERNE
68,66,-0.37416314,INTERNE
68,67,0.1123453479,INTERNE
68,68,-0.337282403,INTERNE
68,69,0.1038754214,INTERNE
68,70,0.2908473426,INTERNE
68,71,-0.216535432,INTERNE
68,72,0.3181096813,INTERNE
68,73,0.6138762393,INTERNE
68,74,0.0432042175,INTERNE
68,75,-0.183298233,INTERNE
68,76,-0.056345237,INTERNE
68,77,-0.177199426,INTERNE
68,78,-0.133032372,INTERNE
68,79,-0.081127297,INTERNE
68,80,-0.206921048,INTERNE
68,81,-0.122193298,INTERNE
68,82,-0.002421089,INTERNE
68,83,0.1071518495,INTERNE
68,84,-0.104553161,INTERNE
68,85,0.6772532336,INTERNE
68,86,0.0934835425,INTERNE
68,87,0.2683286194,INTERNE
68,88,0.0908214232,INTERNE
68,89,-0.123509914,INTERNE
68,90,-0.124827156,INTERNE
68,91,0.0860618908,INTERNE
68,92,0.5517825072,INTERNE
68,93,-0.310695578,INTERNE
68,94,0.3094004429,INTERNE
68,95,-0.052991702,INTERNE
68,96,0.227923758,INTERNE
68,97,0.1195315061,INTERNE
68,98,0.1337146846,INTERNE
68,99,0.403976274,INTERNE
68,100,-0.005505923,INTERNE
69,1,-0.083553931,INTERNE
69,2,0.0738203741,INTERNE
69,3,-0.120887508,INTERNE
69,4,0.3420866307,INTERNE
69,5,-0.072614343,INTERNE
69,6,0.2055819265,INTERNE
69,7,-0.03665568,INTERNE
69,8,-0.159071724,INTERNE
69,9,0.0801537476,INTERNE
69,10,0.0765785004,INTERNE
69,11,0.4314549778,INTERNE
69,12,-0.008243623,INTERNE
69,13,0.0171700872,INTERNE
69,14,0.3072018727,INTERNE
69,15,0.3947615039,INTERNE
69,16,0.1226258681,INTERNE
69,17,-0.2204778,INTERNE
69,18,-0.168004667,INTERNE
69,19,0.0083036782,INTERNE
69,20,-0.094543726,INTERNE
69,21,0.0899062528,INTERNE
69,22,0.1515911059,INTERNE
69,23,-0.120730045,INTERNE
69,24,0.4190831017,INTERNE
69,25,0.2731697631,INTERNE
69,26,-0.088395026,INTERNE
69,27,0.1822046122,INTERNE
69,28,0.2663607153,INTERNE
69,29,-0.240639682,INTERNE
69,30,-0.399724399,INTERNE
69,31,-0.286673418,INTERNE
69,32,-0.342254882,INTERNE
69,33,-0.031859221,INTERNE
69,34,0.0925833301,INTERNE
69,35,0.2794588585,INTERNE
69,36,0.1949367272,INTERNE
69,37,-0.172284152,INTERNE
69,38,-0.143705034,INTERNE
69,39,-0.253845689,INTERNE
69,40,0.5520572484,INTERNE
69,41,0.5046892058,INTERNE
69,42,0.4303280043,INTERNE
69,43,-0.12326972,INTERNE
69,44,0.5701728439,INTERNE
69,45,-0.463594747,INTERNE
69,46,0.36989613,INTERNE
69,47,-0.230338232,INTERNE
69,48,-0.341884378,INTERNE
69,49,-0.193788015,INTERNE
69,50,0.3956969611,INTERNE
69,51,0.0682750279,INTERNE
69,52,-0.125910578,INTERNE
69,53,0.3687881879,INTERNE
69,54,-0.239894062,INTERNE
69,55,-0.115864691,INTERNE
69,56,-0.03502368,INTERNE
69,57,-0.23916308,INTERNE
69,58,0.4403889138,INTERNE
69,59,-0.111460422,INTERNE
69,60,0.2045054724,INTERNE
69,61,-0.152863703,INTERNE
69,62,-0.196968418,INTERNE
69,63,0.1884054414,INTERNE
69,64,0.23666508,INTERNE
69,65,-0.309200651,INTERNE
69,66,0.149515188,INTERNE
69,67,-0.17459836,INTERNE
69,68,-0.310889818,INTERNE
69,69,0.4779506639,INTERNE
69,70,-0.041107264,INTERNE
69,71,-0.221933093,INTERNE
69,72,0.2320736399,INTERNE
69,73,-0.120459492,INTERNE
69,74,-0.007541907,INTERNE
69,75,0.2336217158,INTERNE
69,76,-0.063015046,INTERNE
69,77,0.0606867414,INTERNE
69,78,0.312695637,INTERNE
69,79,-0.046004931,INTERNE
69,80,0.0996737663,INTERNE
69,81,-0.421568365,INTERNE
69,82,0.3874149241,INTERNE
69,83,-0.131320834,INTERNE
69,84,-0.086942024,INTERNE
69,85,0.1683341193,INTERNE
69,86,-0.028703352,INTERNE
69,87,-0.281715764,INTERNE
69,88,-0.146694037,INTERNE
69,89,-0.08595249,INTERNE
69,90,-0.122702704,INTERNE
69,91,-0.027063032,INTERNE
69,92,-0.21268705,INTERNE
69,93,0.0741832105,INTERNE
69,94,0.3216934917,INTERNE
69,95,-0.188009125,INTERNE
69,96,-0.062882685,INTERNE
69,97,-0.006598109,INTERNE
69,98,0.3605935971,INTERNE
69,99,1.2732914743,INTERNE
69,100,-0.06957617,INTERNE
70,1,0.2069378296,INTERNE
70,2,0.148719718,INTERNE
70,3,-0.197990237,INTERNE
70,4,0.085438517,INTERNE
70,5,-0.025191191,INTERNE
70,6,-0.507656281,INTERNE
70,7,-0.271970211,INTERNE
70,8,-0.201017843,INTERNE
70,9,0.2402705049,INTERNE
70,10,-0.308358096,INTERNE
70,11,0.0992431297,INTERNE
70,12,-0.134878852,INTERNE
70,13,0.1657825497,INTERNE
70,14,-0.035039379,INTERNE
70,15,0.0362536441,INTERNE
70,16,0.082473338,INTERNE
70,17,-0.030009074,INTERNE
70,18,-0.392253946,INTERNE
70,19,-0.286656777,INTERNE
70,20,0.0730916199,INTERNE
70,21,-0.34523462,INTERNE
70,22,0.5054269215,INTERNE
70,23,0.2094222749,INTERNE
70,24,0.0557424328,INTERNE
70,25,0.4052973042,INTERNE
70,26,-0.310498978,INTERNE
70,27,0.2527547062,INTERNE
70,28,-0.122219702,INTERNE
70,29,-0.044590974,INTERNE
70,30,-0.160292706,INTERNE
70,31,0.1733742608,INTERNE
70,32,0.1203261398,INTERNE
70,33,0.1033566845,INTERNE
70,34,-0.329896563,INTERNE
70,35,-0.342998098,INTERNE
70,36,-0.062652648,INTERNE
70,37,0.0500427242,INTERNE
70,38,0.0193087581,INTERNE
70,39,0.9488209896,INTERNE
70,40,-0.288451293,INTERNE
70,41,-0.116613704,INTERNE
70,42,0.0512924502,INTERNE
70,43,-0.289732432,INTERNE
70,44,-0.230455746,INTERNE
70,45,0.026226001,INTERNE
70,46,-0.296117596,INTERNE
70,47,0.1957560687,INTERNE
70,48,-0.000402836,INTERNE
70,49,-0.310551203,INTERNE
70,50,-0.209028128,INTERNE
70,51,0.2195984276,INTERNE
70,52,-0.239311026,INTERNE
70,53,0.4741366089,INTERNE
70,54,0.1559689337,INTERNE
70,55,0.3028833563,INTERNE
70,56,-0.003507775,INTERNE
70,57,0.053578169,INTERNE
70,58,-0.021177134,INTERNE
70,59,-0.082667797,INTERNE
70,60,-0.31327763,INTERNE
70,61,-0.033284161,INTERNE
70,62,-0.320666389,INTERNE
70,63,0.1596501396,INTERNE
70,64,-0.371629011,INTERNE
70,65,0.0655715692,INTERNE
70,66,0.1357666075,INTERNE
70,67,0.4290443848,INTERNE
70,68,0.1000093128,INTERNE
70,69,-0.308878276,INTERNE
70,70,-0.254839476,INTERNE
70,71,0.1637318099,INTERNE
70,72,-0.14914043,INTERNE
70,73,-0.241600536,INTERNE
70,74,-0.19283656,INTERNE
70,75,0.1389895904,INTERNE
70,76,0.4632600954,INTERNE
70,77,-0.129822939,INTERNE
70,78,0.2029953707,INTERNE
70,79,0.2887329948,INTERNE
70,80,0.3906355826,INTERNE
70,81,-0.202647643,INTERNE
70,82,0.1530523974,INTERNE
70,83,0.6347937294,INTERNE
70,84,0.2943709574,INTERNE
70,85,-0.139250366,INTERNE
70,86,-0.237608323,INTERNE
70,87,0.1892517556,INTERNE
70,88,0.4756289569,INTERNE
70,89,-0.194431134,INTERNE
70,90,0.3999895079,INTERNE
70,91,0.2615316834,INTERNE
70,92,-0.086680653,INTERNE
70,93,-0.223699959,INTERNE
70,94,-0.537246895,INTERNE
70,95,0.0766984487,INTERNE
70,96,-0.33437838,INTERNE
70,97,-0.397910643,INTERNE
70,98,-0.113151747,INTERNE
70,99,-0.197110792,INTERNE
70,100,0.1468867877,INTERNE
71,1,0.1915568481,INTERNE
71,2,-0.248376317,INTERNE
71,3,0.2444105626,INTERNE
71,4,-0.053257352,INTERNE
71,5,-0.166805269,INTERNE
71,6,-0.221143868,INTERNE
71,7,0.1620727401,INTERNE
71,8,0.131675935,INTERNE
71,9,-0.1030809,INTERNE
71,10,0.1636970854,INTERNE
71,11,0.0919740094,INTERNE
71,12,0.8740414943,INTERNE
71,13,0.2902053279,INTERNE
71,14,0.044147501,INTERNE
71,15,0.1581066935,INTERNE
71,16,0.0285746394,INTERNE
71,17,-0.196111384,INTERNE
71,18,-0.207991206,INTERNE
71,19,0.6819516825,INTERNE
71,20,0.3586282693,INTERNE
71,21,0.0542664136,INTERNE
71,22,0.3470091002,INTERNE
71,23,0.1070572884,INTERNE
71,24,-0.077732026,INTERNE
71,25,-0.227560614,INTERNE
71,26,0.3984479633,INTERNE
71,27,-0.104505009,INTERNE
71,28,-0.223641444,INTERNE
71,29,0.4080057541,INTERNE
71,30,0.5900369892,INTERNE
71,31,0.3727145828,INTERNE
71,32,0.6776106777,INTERNE
71,33,-0.204581207,INTERNE
71,34,-0.450135435,INTERNE
71,35,-0.148506133,INTERNE
71,36,-0.247081025,INTERNE
71,37,-0.192800829,INTERNE
71,38,-0.327978497,INTERNE
71,39,0.0573596452,INTERNE
71,40,0.0184241581,INTERNE
71,41,-0.393581078,INTERNE
71,42,0.289565593,INTERNE
71,43,-0.416827792,INTERNE
71,44,-0.185674885,INTERNE
71,45,-0.008711997,INTERNE
71,46,-0.149453461,INTERNE
71,47,-0.182406292,INTERNE
71,48,0.1882189872,INTERNE
71,49,-0.337768065,INTERNE
71,50,0.1976759999,INTERNE
71,51,0.02657735,INTERNE
71,52,0.2123026854,INTERNE
71,53,0.2982656265,INTERNE
71,54,-0.266489361,INTERNE
71,55,0.0193801754,INTERNE
71,56,-0.025119573,INTERNE
71,57,0.0575614301,INTERNE
71,58,0.2023570617,INTERNE
71,59,0.139915348,INTERNE
71,60,0.6528118889,INTERNE
71,61,0.0427612206,INTERNE
71,62,-0.031650834,INTERNE
71,63,0.1714610079,INTERNE
71,64,-0.135187058,INTERNE
71,65,-0.512999497,INTERNE
71,66,0.4586367822,INTERNE
71,67,-0.007844091,INTERNE
71,68,0.0660015421,INTERNE
71,69,0.3115547778,INTERNE
71,70,0.0051394142,INTERNE
71,71,-0.268253939,INTERNE
71,72,0.6366390226,INTERNE
71,73,-0.192318096,INTERNE
71,74,0.3160499318,INTERNE
71,75,0.2612274354,INTERNE
71,76,-0.175050048,INTERNE
71,77,0.1400859109,INTERNE
71,78,0.523698369,INTERNE
71,79,0.0584361527,INTERNE
71,80,-0.030948526,INTERNE
71,81,-0.077383041,INTERNE
71,82,0.0295255554,INTERNE
71,83,-0.142953563,INTERNE
71,84,-0.101693845,INTERNE
71,85,-0.114818456,INTERNE
71,86,-0.127928768,INTERNE
71,87,-0.153886173,INTERNE
71,88,0.0477036064,INTERNE
71,89,0.18051165,INTERNE
71,90,-0.215112156,INTERNE
71,91,-0.030898341,INTERNE
71,92,-0.108305614,INTERNE
71,93,0.1136944616,INTERNE
71,94,0.2489256273,INTERNE
71,95,-0.193896394,INTERNE
71,96,0.6886442472,INTERNE
71,97,-0.10501385,INTERNE
71,98,0.0064584557,INTERNE
71,99,0.3474769033,INTERNE
71,100,-0.065153516,INTERNE
72,1,-0.096294185,INTERNE
72,2,-0.222838023,INTERNE
72,3,0.5882595481,INTERNE
72,4,1.0309064676,INTERNE
72,5,-0.03731584,INTERNE
72,6,-0.00768697,INTERNE
72,7,0.1984346369,INTERNE
72,8,-0.148559307,INTERNE
72,9,-0.087645782,INTERNE
72,10,-0.186081256,INTERNE
72,11,0.6520863106,INTERNE
72,12,0.4962991424,INTERNE
72,13,0.5498068972,INTERNE
72,14,0.1852859287,INTERNE
72,15,-0.057104886,INTERNE
72,16,0.4375812767,INTERNE
72,17,-0.279872446,INTERNE
72,18,0.0373724333,INTERNE
72,19,-0.019827405,INTERNE
72,20,0.1415408724,INTERNE
72,21,0.1985849527,INTERNE
72,22,-0.172931305,INTERNE
72,23,0.8834103681,INTERNE
72,24,-0.010776511,INTERNE
72,25,0.4479496458,INTERNE
72,26,0.3053733975,INTERNE
72,27,0.0208630083,INTERNE
72,28,-0.152457268,INTERNE
72,29,0.1855957598,INTERNE
72,30,0.3582690546,INTERNE
72,31,0.4673563631,INTERNE
72,32,-0.230146348,INTERNE
72,33,0.217841185,INTERNE
72,34,-0.062980387,INTERNE
72,35,-0.101135442,INTERNE
72,36,-0.393179137,INTERNE
72,37,0.009478536,INTERNE
72,38,0.2076886282,INTERNE
72,39,-0.287018925,INTERNE
72,40,0.1399402888,INTERNE
72,41,-0.01783166,INTERNE
72,42,-0.047581356,INTERNE
72,43,-0.130508305,INTERNE
72,44,-0.036857065,INTERNE
72,45,0.2469537169,INTERNE
72,46,-0.057765395,INTERNE
72,47,0.0343308088,INTERNE
72,48,1.0443442017,INTERNE
72,49,-0.452543936,INTERNE
72,50,-0.084501475,INTERNE
72,51,-0.29272408,INTERNE
72,52,-0.251188439,INTERNE
72,53,0.1461773632,INTERNE
72,54,-0.099535525,INTERNE
72,55,0.0915263421,INTERNE
72,56,-0.121290238,INTERNE
72,57,-0.193488138,INTERNE
72,58,0.1125562372,INTERNE
72,59,-0.292900264,INTERNE
72,60,-0.228508372,INTERNE
72,61,-0.076105179,INTERNE
72,62,-0.309577476,INTERNE
72,63,0.257876344,INTERNE
72,64,0.030300284,INTERNE
72,65,0.0655944762,INTERNE
72,66,-0.096936511,INTERNE
72,67,0.5375753558,INTERNE
72,68,0.047245126,INTERNE
72,69,0.166450455,INTERNE
72,70,-0.004957287,INTERNE
72,71,-0.202575195,INTERNE
72,72,0.0274995279,INTERNE
72,73,0.1567965358,INTERNE
72,74,-0.200303292,INTERNE
72,75,0.0589174258,INTERNE
72,76,0.1109294328,INTERNE
72,77,0.1294881987,INTERNE
72,78,0.199931324,INTERNE
72,79,-0.039156771,INTERNE
72,80,-0.166426675,INTERNE
72,81,-0.000963875,INTERNE
72,82,0.7625604423,INTERNE
72,83,0.0818664987,INTERNE
72,84,-0.149368092,INTERNE
72,85,-0.053167116,INTERNE
72,86,-0.18651615,INTERNE
72,87,-0.056332146,INTERNE
72,88,0.3666089979,INTERNE
72,89,-0.028431168,INTERNE
72,90,0.010884263,INTERNE
72,91,0.0812825867,INTERNE
72,92,0.4106750551,INTERNE
72,93,-0.104990457,INTERNE
72,94,1.2001105788,INTERNE
72,95,0.1442182586,INTERNE
72,96,-0.206025085,INTERNE
72,97,0.0604956,INTERNE
72,98,-0.047293776,INTERNE
72,99,0.5065699129,INTERNE
72,100,-0.189092808,INTERNE
73,1,-0.263750506,INTERNE
73,2,-0.250017695,INTERNE
73,3,-0.097985453,INTERNE
73,4,0.2095646537,INTERNE
73,5,0.2164592684,INTERNE
73,6,0.7368334617,INTERNE
73,7,-0.213126738,INTERNE
73,8,-0.351393327,INTERNE
73,9,-0.089380235,INTERNE
73,10,0.241501455,INTERNE
73,11,-0.33234246,INTERNE
73,12,-0.379696599,INTERNE
73,13,0.224380311,INTERNE
73,14,0.0943707434,INTERNE
73,15,-0.293726433,INTERNE
73,16,-0.01463118,INTERNE
73,17,-0.034410863,INTERNE
73,18,0.4019360607,INTERNE
73,19,0.2688200678,INTERNE
73,20,-0.186789697,INTERNE
73,21,0.3124847331,INTERNE
73,22,-0.037452271,INTERNE
73,23,0.123377439,INTERNE
73,24,0.0570712355,INTERNE
73,25,0.3092500504,INTERNE
73,26,-0.263394231,INTERNE
73,27,0.2483492021,INTERNE
73,28,0.0228167324,INTERNE
73,29,0.0787328756,INTERNE
73,30,-0.118880488,INTERNE
73,31,0.0649745425,INTERNE
73,32,-0.151170632,INTERNE
73,33,0.1286311807,INTERNE
73,34,0.0327752644,INTERNE
73,35,-0.012538552,INTERNE
73,36,-0.488574453,INTERNE
73,37,0.0303195395,INTERNE
73,38,0.2899543227,INTERNE
73,39,0.6040212651,INTERNE
73,40,0.3366296679,INTERNE
73,41,-0.271417819,INTERNE
73,42,0.1237926258,INTERNE
73,43,-0.079300793,INTERNE
73,44,0.0451092811,INTERNE
73,45,-0.191000288,INTERNE
73,46,-0.204844138,INTERNE
73,47,-0.18973779,INTERNE
73,48,-0.343661879,INTERNE
73,49,0.6590729818,INTERNE
73,50,0.1169492692,INTERNE
73,51,-0.019061772,INTERNE
73,52,0.5356061734,INTERNE
73,53,-0.147750916,INTERNE
73,54,-0.290934042,INTERNE
73,55,-0.131196913,INTERNE
73,56,-0.046541505,INTERNE
73,57,0.5033625691,INTERNE
73,58,0.3380781886,INTERNE
73,59,-0.208689315,INTERNE
73,60,-0.03640457,INTERNE
73,61,-0.339368286,INTERNE
73,62,-0.419550831,INTERNE
73,63,-0.241556644,INTERNE
73,64,0.1772851301,INTERNE
73,65,0.2482472773,INTERNE
73,66,0.0964363755,INTERNE
73,67,0.0581747083,INTERNE
73,68,-0.274060568,INTERNE
73,69,0.2770361238,INTERNE
73,70,0.1656172388,INTERNE
73,71,0.0582013121,INTERNE
73,72,-0.103981743,INTERNE
73,73,0.1621541689,INTERNE
73,74,0.3581974278,INTERNE
73,75,0.0771971149,INTERNE
73,76,-0.247018803,INTERNE
73,77,-0.113407641,INTERNE
73,78,-0.226700918,INTERNE
73,79,0.0845301341,INTERNE
73,80,0.0006354841,INTERNE
73,81,0.1374983377,INTERNE
73,82,-0.122292477,INTERNE
73,83,0.0124756402,INTERNE
73,84,-0.071611421,INTERNE
73,85,-0.415597783,INTERNE
73,86,0.4767938905,INTERNE
73,87,-0.060711563,INTERNE
73,88,-0.259582275,INTERNE
73,89,-0.155776612,INTERNE
73,90,-0.158904708,INTERNE
73,91,-0.03093924,INTERNE
73,92,-0.310643675,INTERNE
73,93,-0.06592157,INTERNE
73,94,0.2462251322,INTERNE
73,95,-0.265126197,INTERNE
73,96,-0.309926251,INTERNE
73,97,-0.004104412,INTERNE
73,98,0.0623324429,INTERNE
73,99,0.4486361958,INTERNE
73,100,0.1124990743,INTERNE
74,1,0.2209208856,INTERNE
74,2,0.7310406927,INTERNE
74,3,-0.086995224,INTERNE
74,4,-0.277032721,INTERNE
74,5,0.2287595659,INTERNE
74,6,-0.297688086,INTERNE
74,7,0.2679021992,INTERNE
74,8,-0.206691592,INTERNE
74,9,0.0192493543,INTERNE
74,10,-0.184016066,INTERNE
74,11,-0.24176675,INTERNE
74,12,0.1925187368,INTERNE
74,13,0.3972940566,INTERNE
74,14,0.3252217467,INTERNE
74,15,0.1507010638,INTERNE
74,16,-0.063542812,INTERNE
74,17,-0.102595242,INTERNE
74,18,-0.198585545,INTERNE
74,19,-0.326074328,INTERNE
74,20,0.4288926611,INTERNE
74,21,-0.174922978,INTERNE
74,22,-0.266403062,INTERNE
74,23,0.0980733998,INTERNE
74,24,-0.065651287,INTERNE
74,25,0.3263730251,INTERNE
74,26,0.2438436128,INTERNE
74,27,0.3400767519,INTERNE
74,28,-0.112005921,INTERNE
74,29,0.0849697456,INTERNE
74,30,-0.078915299,INTERNE
74,31,-0.201658836,INTERNE
74,32,0.0955192928,INTERNE
74,33,0.2443561404,INTERNE
74,34,-0.336168636,INTERNE
74,35,-0.03163912,INTERNE
74,36,-0.214541645,INTERNE
74,37,0.2243282262,INTERNE
74,38,-0.088336072,INTERNE
74,39,-0.147332737,INTERNE
74,40,-0.104604434,INTERNE
74,41,-0.006234459,INTERNE
74,42,0.0294846229,INTERNE
74,43,0.144955232,INTERNE
74,44,0.2627785696,INTERNE
74,45,-0.119056116,INTERNE
74,46,-0.139073906,INTERNE
74,47,-0.220478096,INTERNE
74,48,-0.386649981,INTERNE
74,49,0.3793421855,INTERNE
74,50,0.1189294909,INTERNE
74,51,0.058233721,INTERNE
74,52,0.4065624699,INTERNE
74,53,-0.166270208,INTERNE
74,54,0.1546920624,INTERNE
74,55,-0.392649966,INTERNE
74,56,-0.078399775,INTERNE
74,57,0.0560235979,INTERNE
74,58,0.4467129409,INTERNE
74,59,-0.013393557,INTERNE
74,60,-0.141605514,INTERNE
74,61,-0.18490746,INTERNE
74,62,0.2457118689,INTERNE
74,63,-0.100348091,INTERNE
74,64,0.2259996225,INTERNE
74,65,-0.1126851,INTERNE
74,66,-0.148333242,INTERNE
74,67,-0.128321474,INTERNE
74,68,-0.133558122,INTERNE
74,69,-0.41995783,INTERNE
74,70,0.0822342633,INTERNE
74,71,0.412463603,INTERNE
74,72,-0.39336128,INTERNE
74,73,-0.146854866,INTERNE
74,74,0.2950982768,INTERNE
74,75,0.3836282569,INTERNE
74,76,0.0988071944,INTERNE
74,77,0.3427782715,INTERNE
74,78,0.1630218096,INTERNE
74,79,-0.046626985,INTERNE
74,80,0.2003157441,INTERNE
74,81,-0.267917816,INTERNE
74,82,-0.309839215,INTERNE
74,83,0.6662537539,INTERNE
74,84,0.0366822107,INTERNE
74,85,0.2097450877,INTERNE
74,86,0.0223779985,INTERNE
74,87,-0.163811903,INTERNE
74,88,-0.01146161,INTERNE
74,89,-0.01260483,INTERNE
74,90,0.4349723222,INTERNE
74,91,-0.104781612,INTERNE
74,92,0.0952828552,INTERNE
74,93,1.1109511967,INTERNE
74,94,0.0825976487,INTERNE
74,95,0.4784251825,INTERNE
74,96,-0.163576718,INTERNE
74,97,-0.371693219,INTERNE
74,98,0.2354788069,INTERNE
74,99,0.0378941127,INTERNE
74,100,0.0912271734,INTERNE
75,1,-0.124574141,INTERNE
75,2,0.2077011908,INTERNE
75,3,-0.045392245,INTERNE
75,4,0.0664805199,INTERNE
75,5,0.103907859,INTERNE
75,6,0.2104704352,INTERNE
75,7,0.584784723,INTERNE
75,8,-0.106246011,INTERNE
75,9,-0.192149563,INTERNE
75,10,-0.070395384,INTERNE
75,11,-0.116278094,INTERNE
75,12,0.1114764502,INTERNE
75,13,-0.092536434,INTERNE
75,14,0.1131648035,INTERNE
75,15,-0.285227065,INTERNE
75,16,0.1749822889,INTERNE
75,17,-0.410137488,INTERNE
75,18,-0.191441163,INTERNE
75,19,0.3340393997,INTERNE
75,20,0.032123522,INTERNE
75,21,-0.385157275,INTERNE
75,22,0.1490992167,INTERNE
75,23,0.4770544633,INTERNE
75,24,-0.049521403,INTERNE
75,25,0.2352588767,INTERNE
75,26,-0.33051254,INTERNE
75,27,-0.149487017,INTERNE
75,28,-0.036066911,INTERNE
75,29,0.0665949429,INTERNE
75,30,-0.2122889,INTERNE
75,31,-0.044491398,INTERNE
75,32,0.2207856049,INTERNE
75,33,-0.288546044,INTERNE
75,34,-0.354948814,INTERNE
75,35,-0.110966772,INTERNE
75,36,-0.028299897,INTERNE
75,37,0.2129336935,INTERNE
75,38,-0.102538107,INTERNE
75,39,0.0811547019,INTERNE
75,40,-0.208926933,INTERNE
75,41,0.0935489081,INTERNE
75,42,-0.294974326,INTERNE
75,43,0.0330777163,INTERNE
75,44,-0.398870963,INTERNE
75,45,0.2620599853,INTERNE
75,46,0.1763514341,INTERNE
75,47,0.1008866517,INTERNE
75,48,-0.167557497,INTERNE
75,49,-0.148803934,INTERNE
75,50,-0.178278422,INTERNE
75,51,-0.014726128,INTERNE
75,52,0.0847917813,INTERNE
75,53,0.1116645495,INTERNE
75,54,0.0163217114,INTERNE
75,55,-0.284726575,INTERNE
75,56,-0.123823925,INTERNE
75,57,0.0611621572,INTERNE
75,58,0.1811908649,INTERNE
75,59,-0.212045813,INTERNE
75,60,0.0658534688,INTERNE
75,61,-0.206691809,INTERNE
75,62,-0.060662578,INTERNE
75,63,0.1140936786,INTERNE
75,64,0.1637426389,INTERNE
75,65,0.1888919415,INTERNE
75,66,0.4089316358,INTERNE
75,67,0.6031875546,INTERNE
75,68,0.0614800679,INTERNE
75,69,0.1163528521,INTERNE
75,70,-0.137277096,INTERNE
75,71,0.470380182,INTERNE
75,72,0.5922085223,INTERNE
75,73,-0.0288314,INTERNE
75,74,0.2313680389,INTERNE
75,75,-0.345692121,INTERNE
75,76,0.127356484,INTERNE
75,77,0.0699747676,INTERNE
75,78,-0.025554262,INTERNE
75,79,-0.413051161,INTERNE
75,80,0.1326191908,INTERNE
75,81,0.2748597673,INTERNE
75,82,0.4333168504,INTERNE
75,83,-0.093349481,INTERNE
75,84,0.1441553049,INTERNE
75,85,0.5533051174,INTERNE
75,86,-0.291639995,INTERNE
75,87,0.0941727503,INTERNE
75,88,-0.168614905,INTERNE
75,89,-0.057727763,INTERNE
75,90,0.0473398444,INTERNE
75,91,-0.119547043,INTERNE
75,92,0.204867911,INTERNE
75,93,0.0264177893,INTERNE
75,94,-0.099687348,INTERNE
75,95,0.3095710399,INTERNE
75,96,0.047819972,INTERNE
75,97,0.373369766,INTERNE
75,98,-0.009810014,INTERNE
75,99,0.306829836,INTERNE
75,100,-0.334067497,INTERNE
76,1,-0.160651896,INTERNE
76,2,-0.404767906,INTERNE
76,3,0.7633065566,INTERNE
76,4,0.1823468328,INTERNE
76,5,1.4465197828,INTERNE
76,6,-0.046505562,INTERNE
76,7,0.3787714674,INTERNE
76,8,-0.027577628,INTERNE
76,9,0.1594745996,INTERNE
76,10,0.1543620638,INTERNE
76,11,0.0431322959,INTERNE
76,12,-0.164094313,INTERNE
76,13,-0.174861173,INTERNE
76,14,-0.044798143,INTERNE
76,15,-0.064840363,INTERNE
76,16,-0.11362015,INTERNE
76,17,-0.130562535,INTERNE
76,18,0.1771561954,INTERNE
76,19,0.3290198772,INTERNE
76,20,-0.165753876,INTERNE
76,21,0.1128482751,INTERNE
76,22,-0.169714646,INTERNE
76,23,-0.167256351,INTERNE
76,24,-0.116506373,INTERNE
76,25,0.0405099268,INTERNE
76,26,0.1751648326,INTERNE
76,27,0.4959709267,INTERNE
76,28,-0.032175372,INTERNE
76,29,-0.21797394,INTERNE
76,30,-0.133345121,INTERNE
76,31,0.0820506357,INTERNE
76,32,-0.361471095,INTERNE
76,33,-0.151707663,INTERNE
76,34,0.0103562689,INTERNE
76,35,0.2555374974,INTERNE
76,36,0.5775993025,INTERNE
76,37,-0.103124942,INTERNE
76,38,-0.227793522,INTERNE
76,39,-0.150641143,INTERNE
76,40,0.6647403728,INTERNE
76,41,0.3052831072,INTERNE
76,42,-0.365288787,INTERNE
76,43,-0.259218022,INTERNE
76,44,0.2588874319,INTERNE
76,45,0.0715191247,INTERNE
76,46,0.0336907652,INTERNE
76,47,-0.20059247,INTERNE
76,48,0.1498038142,INTERNE
76,49,0.3778040767,INTERNE
76,50,0.5157759477,INTERNE
76,51,0.2560405779,INTERNE
76,52,0.4750750676,INTERNE
76,53,-0.112924475,INTERNE
76,54,0.3327038155,INTERNE
76,55,0.1009644791,INTERNE
76,56,0.0396253726,INTERNE
76,57,-0.041830185,INTERNE
76,58,-0.0440178,INTERNE
76,59,-0.035579311,INTERNE
76,60,0.1061239322,INTERNE
76,61,0.063530036,INTERNE
76,62,0.3144828187,INTERNE
76,63,0.1340003763,INTERNE
76,64,0.0621424053,INTERNE
76,65,0.1774460805,INTERNE
76,66,0.4273730553,INTERNE
76,67,0.2293982418,INTERNE
76,68,-0.097033136,INTERNE
76,69,-0.005054689,INTERNE
76,70,0.2330009973,INTERNE
76,71,0.2968768774,INTERNE
76,72,0.3915473976,INTERNE
76,73,0.0688040923,INTERNE
76,74,-0.101444402,INTERNE
76,75,-0.009240305,INTERNE
76,76,-0.144576918,INTERNE
76,77,0.6214569778,INTERNE
76,78,0.3480741581,INTERNE
76,79,0.3024573231,INTERNE
76,80,-0.28986787,INTERNE
76,81,0.3412329549,INTERNE
76,82,-0.144094069,INTERNE
76,83,0.1368781769,INTERNE
76,84,0.1388636164,INTERNE
76,85,0.197628317,INTERNE
76,86,0.2055953243,INTERNE
76,87,0.1263102731,INTERNE
76,88,0.0634156367,INTERNE
76,89,0.1676057468,INTERNE
76,90,-0.14536243,INTERNE
76,91,0.2064658307,INTERNE
76,92,0.5193677591,INTERNE
76,93,0.0041902266,INTERNE
76,94,-0.216019204,INTERNE
76,95,-0.162398662,INTERNE
76,96,-0.048942306,INTERNE
76,97,-0.371638733,INTERNE
76,98,-0.058055439,INTERNE
76,99,-0.180504421,INTERNE
76,100,0.1540670794,INTERNE
77,1,-0.294717567,INTERNE
77,2,0.4331664516,INTERNE
77,3,0.1048048549,INTERNE
77,4,0.248096949,INTERNE
77,5,0.0630517788,INTERNE
77,6,0.4583929087,INTERNE
77,7,0.1876669012,INTERNE
77,8,0.073805689,INTERNE
77,9,0.2435602621,INTERNE
77,10,0.2452686118,INTERNE
77,11,-0.083044948,INTERNE
77,12,0.2528181859,INTERNE
77,13,0.1068323337,INTERNE
77,14,-0.369838409,INTERNE
77,15,0.4456594719,INTERNE
77,16,0.0092615435,INTERNE
77,17,0.1207084417,INTERNE
77,18,-0.317323349,INTERNE
77,19,-0.377733391,INTERNE
77,20,-0.049391199,INTERNE
77,21,-0.245060229,INTERNE
77,22,0.1981583445,INTERNE
77,23,0.1070964072,INTERNE
77,24,-0.228538801,INTERNE
77,25,-0.381058247,INTERNE
77,26,-0.267238887,INTERNE
77,27,0.169472348,INTERNE
77,28,-0.347965331,INTERNE
77,29,-0.15057764,INTERNE
77,30,0.3703255282,INTERNE
77,31,0.2080679013,INTERNE
77,32,-0.069184198,INTERNE
77,33,0.2992737642,INTERNE
77,34,0.216645314,INTERNE
77,35,0.5697856785,INTERNE
77,36,-0.062693913,INTERNE
77,37,0.3284120787,INTERNE
77,38,-0.003978889,INTERNE
77,39,-0.121495712,INTERNE
77,40,0.227742233,INTERNE
77,41,-0.268149881,INTERNE
77,42,-0.350699384,INTERNE
77,43,-0.113747982,INTERNE
77,44,0.1064221863,INTERNE
77,45,0.0458309171,INTERNE
77,46,-0.169301555,INTERNE
77,47,-0.226803271,INTERNE
77,48,0.1123144282,INTERNE
77,49,0.4202239053,INTERNE
77,50,0.4875130911,INTERNE
77,51,-0.101608032,INTERNE
77,52,0.5560311397,INTERNE
77,53,0.0670898279,INTERNE
77,54,0.152967968,INTERNE
77,55,-0.251525624,INTERNE
77,56,-0.253324272,INTERNE
77,57,-0.216445741,INTERNE
77,58,0.1475245342,INTERNE
77,59,0.0116885486,INTERNE
77,60,0.180358718,INTERNE
77,61,0.8043919847,INTERNE
77,62,-0.322074089,INTERNE
77,63,0.1462787803,INTERNE
77,64,-0.371151462,INTERNE
77,65,-0.178959925,INTERNE
77,66,-0.145266376,INTERNE
77,67,0.2032929758,INTERNE
77,68,0.4271726524,INTERNE
77,69,-0.06892076,INTERNE
77,70,-0.048649665,INTERNE
77,71,-0.005511201,INTERNE
77,72,0.1962611243,INTERNE
77,73,-0.035106075,INTERNE
77,74,0.5304238998,INTERNE
77,75,-0.266374058,INTERNE
77,76,0.1189627302,INTERNE
77,77,-0.277193995,INTERNE
77,78,-0.188623607,INTERNE
77,79,0.1831552292,INTERNE
77,80,0.0001853331,INTERNE
77,81,-0.101244888,INTERNE
77,82,-0.316052482,INTERNE
77,83,-0.063050679,INTERNE
77,84,0.1207111314,INTERNE
77,85,-0.116600392,INTERNE
77,86,-0.124846187,INTERNE
77,87,0.0509662461,INTERNE
77,88,-0.19509231,INTERNE
77,89,0.1025992558,INTERNE
77,90,0.3258492135,INTERNE
77,91,0.2159888309,INTERNE
77,92,0.1110839262,INTERNE
77,93,0.2363925595,INTERNE
77,94,0.292316497,INTERNE
77,95,-0.20146149,INTERNE
77,96,-0.206404732,INTERNE
77,97,-0.130462177,INTERNE
77,98,0.7849547639,INTERNE
77,99,0.1003807534,INTERNE
77,100,0.1806908327,INTERNE
78,1,0.0174783757,INTERNE
78,2,-0.13325625,INTERNE
78,3,0.4101925087,INTERNE
78,4,0.2832398676,INTERNE
78,5,0.2776450163,INTERNE
78,6,1.4770365074,INTERNE
78,7,-0.139448403,INTERNE
78,8,0.479493492,INTERNE
78,9,0.1447105244,INTERNE
78,10,0.2688833716,INTERNE
78,11,-0.249562265,INTERNE
78,12,-0.39844809,INTERNE
78,13,0.4524353048,INTERNE
78,14,-0.262216884,INTERNE
78,15,-0.191723567,INTERNE
78,16,-0.086485613,INTERNE
78,17,0.4989534535,INTERNE
78,18,0.0219640955,INTERNE
78,19,0.1115555674,INTERNE
78,20,0.1722909366,INTERNE
78,21,-0.282914135,INTERNE
78,22,-0.198057679,INTERNE
78,23,0.0159348661,INTERNE
78,24,0.0714721798,INTERNE
78,25,-0.104862369,INTERNE
78,26,-0.109654373,INTERNE
78,27,-0.128996591,INTERNE
78,28,0.0389113241,INTERNE
78,29,0.4539896362,INTERNE
78,30,-0.155605013,INTERNE
78,31,0.0816638534,INTERNE
78,32,0.1538686684,INTERNE
78,33,0.5708567491,INTERNE
78,34,0.0823784902,INTERNE
78,35,-0.308084775,INTERNE
78,36,0.7691706051,INTERNE
78,37,-0.435314459,INTERNE
78,38,0.0193488466,INTERNE
78,39,0.2340090207,INTERNE
78,40,-0.197830688,INTERNE
78,41,-0.457993363,INTERNE
78,42,0.8448467621,INTERNE
78,43,-0.190916744,INTERNE
78,44,0.0457941178,INTERNE
78,45,1.235421894,INTERNE
78,46,-0.181849963,INTERNE
78,47,0.2835841591,INTERNE
78,48,0.7503257554,INTERNE
78,49,-0.117748384,INTERNE
78,50,0.4027737326,INTERNE
78,51,-0.031658909,INTERNE
78,52,0.058343873,INTERNE
78,53,0.3628750706,INTERNE
78,54,-0.076045173,INTERNE
78,55,0.6242186876,INTERNE
78,56,-0.301643178,INTERNE
78,57,-0.037941563,INTERNE
78,58,-0.116124848,INTERNE
78,59,0.1302625027,INTERNE
78,60,0.0648322225,INTERNE
78,61,-0.143219806,INTERNE
78,62,0.0606801522,INTERNE
78,63,-0.185171016,INTERNE
78,64,-0.127211073,INTERNE
78,65,0.2141571222,INTERNE
78,66,-0.105332283,INTERNE
78,67,-0.315305902,INTERNE
78,68,0.0879506438,INTERNE
78,69,-0.144331753,INTERNE
78,70,0.2763211813,INTERNE
78,71,0.037704486,INTERNE
78,72,0.0428665707,INTERNE
78,73,0.3562920798,INTERNE
78,74,0.0955535986,INTERNE
78,75,-0.062521567,INTERNE
78,76,0.0378337326,INTERNE
78,77,0.1528331039,INTERNE
78,78,-0.069233483,INTERNE
78,79,0.0514062398,INTERNE
78,80,-0.093744122,INTERNE
78,81,0.3092582133,INTERNE
78,82,-0.006793707,INTERNE
78,83,-0.256809906,INTERNE
78,84,0.1484882683,INTERNE
78,85,-0.208938519,INTERNE
78,86,-0.524468332,INTERNE
78,87,0.2110664587,INTERNE
78,88,0.3739726581,INTERNE
78,89,-0.379692687,INTERNE
78,90,0.1052457313,INTERNE
78,91,0.1504335107,INTERNE
78,92,0.6464522751,INTERNE
78,93,0.0840293221,INTERNE
78,94,0.3271129854,INTERNE
78,95,0.2825777548,INTERNE
78,96,0.1384476249,INTERNE
78,97,-0.285757353,INTERNE
78,98,0.0035820689,INTERNE
78,99,0.143752174,INTERNE
78,100,0.2315529626,INTERNE
79,1,0.0842534184,INTERNE
79,2,-0.269823899,INTERNE
79,3,0.333932393,INTERNE
79,4,0.2305335754,INTERNE
79,5,-0.126763096,INTERNE
79,6,-0.024614378,INTERNE
79,7,-0.342562217,INTERNE
79,8,-0.252723745,INTERNE
79,9,0.1196400277,INTERNE
79,10,-0.138341196,INTERNE
79,11,-0.107026473,INTERNE
79,12,0.3081004414,INTERNE
79,13,-0.087876269,INTERNE
79,14,-0.008163708,INTERNE
79,15,0.0920931752,INTERNE
79,16,-0.101857392,INTERNE
79,17,0.3721473851,INTERNE
79,18,-0.059708751,INTERNE
79,19,-0.112139043,INTERNE
79,20,0.2380519468,INTERNE
79,21,-0.02711667,INTERNE
79,22,0.4373599958,INTERNE
79,23,0.4051049937,INTERNE
79,24,0.126365323,INTERNE
79,25,0.0284894516,INTERNE
79,26,-0.223295772,INTERNE
79,27,-0.528342202,INTERNE
79,28,-0.184265757,INTERNE
79,29,0.0015544591,INTERNE
79,30,-0.186306196,INTERNE
79,31,0.065166174,INTERNE
79,32,-0.083220734,INTERNE
79,33,0.4472004798,INTERNE
79,34,0.4649923016,INTERNE
79,35,0.0787079377,INTERNE
79,36,0.0019475509,INTERNE
79,37,0.1354829055,INTERNE
79,38,0.3317945201,INTERNE
79,39,-0.352329166,INTERNE
79,40,-0.04690713,INTERNE
79,41,-0.123041475,INTERNE
79,42,0.1248734819,INTERNE
79,43,0.2534065938,INTERNE
79,44,0.1754306602,INTERNE
79,45,0.1485518827,INTERNE
79,46,0.1664507733,INTERNE
79,47,0.0708259873,INTERNE
79,48,0.0474457175,INTERNE
79,49,-0.027069891,INTERNE
79,50,-0.331201895,INTERNE
79,51,0.2338546067,INTERNE
79,52,-0.39967311,INTERNE
79,53,-0.058902633,INTERNE
79,54,-0.328323167,INTERNE
79,55,0.1584340254,INTERNE
79,56,0.065313886,INTERNE
79,57,0.3226680231,INTERNE
79,58,-0.039868288,INTERNE
79,59,-0.253377302,INTERNE
79,60,0.2247019891,INTERNE
79,61,0.8130232473,INTERNE
79,62,-0.00805759,INTERNE
79,63,0.3438598527,INTERNE
79,64,0.2266394106,INTERNE
79,65,-0.139632101,INTERNE
79,66,0.0203670872,INTERNE
79,67,-0.248669552,INTERNE
79,68,0.2297075276,INTERNE
79,69,-0.083850355,INTERNE
79,70,-0.039593179,INTERNE
79,71,0.3006982933,INTERNE
79,72,-0.081337911,INTERNE
79,73,0.1062173777,INTERNE
79,74,0.1542563818,INTERNE
79,75,0.0327247915,INTERNE
79,76,-0.153142936,INTERNE
79,77,-0.119255704,INTERNE
79,78,0.4161981491,INTERNE
79,79,0.1019692324,INTERNE
79,80,-0.300256625,INTERNE
79,81,-0.071015097,INTERNE
79,82,-0.364240629,INTERNE
79,83,0.5026418658,INTERNE
79,84,0.179026811,INTERNE
79,85,0.3198074599,INTERNE
79,86,-0.018453364,INTERNE
79,87,0.0240232979,INTERNE
79,88,-0.352157572,INTERNE
79,89,0.0856926,INTERNE
79,90,0.2623279377,INTERNE
79,91,0.0052222123,INTERNE
79,92,-0.014085356,INTERNE
79,93,0.0456306725,INTERNE
79,94,-0.025153402,INTERNE
79,95,-0.191481389,INTERNE
79,96,0.0195158301,INTERNE
79,97,0.0115445002,INTERNE
79,98,0.0546942538,INTERNE
79,99,0.1016959414,INTERNE
79,100,-0.188936428,INTERNE
80,1,0.0321063878,INTERNE
80,2,0.0342218413,INTERNE
80,3,0.3117329432,INTERNE
80,4,0.6609893926,INTERNE
80,5,-0.019492783,INTERNE
80,6,0.0532462894,INTERNE
80,7,0.1937643779,INTERNE
80,8,-0.004689429,INTERNE
80,9,0.4331468212,INTERNE
80,10,0.0786579886,INTERNE
80,11,0.1326844764,INTERNE
80,12,-0.213535508,INTERNE
80,13,-0.122504917,INTERNE
80,14,0.0695740601,INTERNE
80,15,0.1305893159,INTERNE
80,16,-0.103753899,INTERNE
80,17,-0.215997552,INTERNE
80,18,-0.282332004,INTERNE
80,19,0.3519236504,INTERNE
80,20,-0.011981744,INTERNE
80,21,0.678083751,INTERNE
80,22,-0.304637581,INTERNE
80,23,0.115722999,INTERNE
80,24,-0.102725816,INTERNE
80,25,-0.192782678,INTERNE
80,26,-0.107091382,INTERNE
80,27,-0.102329186,INTERNE
80,28,0.2832986494,INTERNE
80,29,-0.248602076,INTERNE
80,30,-0.179014153,INTERNE
80,31,-0.105415771,INTERNE
80,32,-0.230689618,INTERNE
80,33,0.3430563726,INTERNE
80,34,-0.088749351,INTERNE
80,35,-0.209917311,INTERNE
80,36,0.2814081896,INTERNE
80,37,-0.098711903,INTERNE
80,38,-0.224676177,INTERNE
80,39,-0.40984269,INTERNE
80,40,0.2827652827,INTERNE
80,41,-0.203939729,INTERNE
80,42,0.3076630843,INTERNE
80,43,0.2032321863,INTERNE
80,44,0.1327344478,INTERNE
80,45,0.1728081623,INTERNE
80,46,-0.110724406,INTERNE
80,47,0.1222123002,INTERNE
80,48,-0.050783717,INTERNE
80,49,-0.284126247,INTERNE
80,50,0.4659819734,INTERNE
80,51,-0.232770178,INTERNE
80,52,-0.012753368,INTERNE
80,53,-0.318364226,INTERNE
80,54,0.0477818002,INTERNE
80,55,0.114740611,INTERNE
80,56,-0.165829878,INTERNE
80,57,0.0634857325,INTERNE
80,58,0.0561256852,INTERNE
80,59,-0.212971454,INTERNE
80,60,0.0567135904,INTERNE
80,61,0.268809053,INTERNE
80,62,0.1178518786,INTERNE
80,63,-0.394740482,INTERNE
80,64,-0.514672376,INTERNE
80,65,0.2079235292,INTERNE
80,66,-0.17894475,INTERNE
80,67,-0.127048368,INTERNE
80,68,0.2248983455,INTERNE
80,69,-0.405612641,INTERNE
80,70,0.0746049433,INTERNE
80,71,0.0257500731,INTERNE
80,72,-0.01234814,INTERNE
80,73,0.182659007,INTERNE
80,74,0.2204674591,INTERNE
80,75,0.3256834477,INTERNE
80,76,-0.302868058,INTERNE
80,77,-0.156360882,INTERNE
80,78,-0.087817283,INTERNE
80,79,-0.21109055,INTERNE
80,80,-0.219999617,INTERNE
80,81,-0.089088003,INTERNE
80,82,-0.163340404,INTERNE
80,83,0.7474893382,INTERNE
80,84,-0.068918566,INTERNE
80,85,0.2387136261,INTERNE
80,86,0.2048057118,INTERNE
80,87,-0.078536525,INTERNE
80,88,0.2504191313,INTERNE
80,89,-0.326873532,INTERNE
80,90,-0.051426272,INTERNE
80,91,-0.429605277,INTERNE
80,92,-0.2600761,INTERNE
80,93,-0.25398282,INTERNE
80,94,-0.1088958,INTERNE
80,95,0.4058137291,INTERNE
80,96,0.2821166248,INTERNE
80,97,0.5486152647,INTERNE
80,98,-0.067853641,INTERNE
80,99,0.04666224,INTERNE
80,100,-0.116039866,INTERNE
81,1,-0.018348777,INTERNE
81,2,0.4523725872,INTERNE
81,3,-0.096488568,INTERNE
81,4,-0.222628424,INTERNE
81,5,0.0536988891,INTERNE
81,6,0.5350734922,INTERNE
81,7,1.1560100049,INTERNE
81,8,-0.131241538,INTERNE
81,9,0.1612563365,INTERNE
81,10,0.3590722174,INTERNE
81,11,0.1799148839,INTERNE
81,12,0.025262645,INTERNE
81,13,0.5085518574,INTERNE
81,14,0.1495463517,INTERNE
81,15,-0.062737859,INTERNE
81,16,0.18650007,INTERNE
81,17,-0.011442105,INTERNE
81,18,0.0284295062,INTERNE
81,19,0.0627640292,INTERNE
81,20,0.4675131108,INTERNE
81,21,-0.283202302,INTERNE
81,22,0.2206469654,INTERNE
81,23,-0.034305702,INTERNE
81,24,-0.138243809,INTERNE
81,25,0.738093289,INTERNE
81,26,-0.19008822,INTERNE
81,27,-0.158472666,INTERNE
81,28,0.1816262644,INTERNE
81,29,0.1493534463,INTERNE
81,30,0.0364006574,INTERNE
81,31,0.3241382802,INTERNE
81,32,-0.043171891,INTERNE
81,33,-0.314653383,INTERNE
81,34,-0.042324677,INTERNE
81,35,0.6651766919,INTERNE
81,36,0.0678423737,INTERNE
81,37,0.1128186111,INTERNE
81,38,-0.122656759,INTERNE
81,39,-0.100622156,INTERNE
81,40,-0.29401558,INTERNE
81,41,-0.445851689,INTERNE
81,42,-0.036043989,INTERNE
81,43,-0.121381013,INTERNE
81,44,-0.250235601,INTERNE
81,45,-0.09918853,INTERNE
81,46,-0.04322853,INTERNE
81,47,-0.278461681,INTERNE
81,48,-0.354347761,INTERNE
81,49,-0.313995893,INTERNE
81,50,-0.423486342,INTERNE
81,51,-0.106060853,INTERNE
81,52,-0.30008489,INTERNE
81,53,0.2659370019,INTERNE
81,54,0.0844988536,INTERNE
81,55,0.4804250236,INTERNE
81,56,-0.165357602,INTERNE
81,57,-0.349641785,INTERNE
81,58,-0.199700697,INTERNE
81,59,-0.478225303,INTERNE
81,60,0.0884288422,INTERNE
81,61,0.5446955978,INTERNE
81,62,-0.257219598,INTERNE
81,63,-0.184290325,INTERNE
81,64,0.1613463855,INTERNE
81,65,-0.001823389,INTERNE
81,66,-0.210457838,INTERNE
81,67,-0.161886566,INTERNE
81,68,-0.108193681,INTERNE
81,69,-0.587655158,INTERNE
81,70,-0.239269779,INTERNE
81,71,0.1113857419,INTERNE
81,72,-0.385508388,INTERNE
81,73,-0.064641739,INTERNE
81,74,-0.300656062,INTERNE
81,75,0.3120581448,INTERNE
81,76,0.2734988387,INTERNE
81,77,-0.089859407,INTERNE
81,78,-0.262694188,INTERNE
81,79,0.131085013,INTERNE
81,80,0.4112142429,INTERNE
81,81,-0.108550748,INTERNE
81,82,-0.169757874,INTERNE
81,83,-0.101945635,INTERNE
81,84,0.0917035707,INTERNE
81,85,-0.077352626,INTERNE
81,86,-0.145595505,INTERNE
81,87,0.2422579858,INTERNE
81,88,-0.200496359,INTERNE
81,89,-0.066882977,INTERNE
81,90,0.7976383796,INTERNE
81,91,-0.164470831,INTERNE
81,92,0.1942190508,INTERNE
81,93,0.4843952743,INTERNE
81,94,-0.31177259,INTERNE
81,95,-0.011099273,INTERNE
81,96,-0.046999856,INTERNE
81,97,0.0680590906,INTERNE
81,98,0.5181942038,INTERNE
81,99,-0.044306663,INTERNE
81,100,0.2252228627,INTERNE
82,1,0.2217524485,INTERNE
82,2,-0.088869657,INTERNE
82,3,0.4020898773,INTERNE
82,4,0.2627945862,INTERNE
82,5,0.2890008367,INTERNE
82,6,0.1495674871,INTERNE
82,7,-0.112322732,INTERNE
82,8,-0.055036024,INTERNE
82,9,-0.043189894,INTERNE
82,10,-0.314731366,INTERNE
82,11,-0.260329726,INTERNE
82,12,0.0991525893,INTERNE
82,13,-0.108704766,INTERNE
82,14,0.1215361019,INTERNE
82,15,-0.036540723,INTERNE
82,16,0.1226231177,INTERNE
82,17,-0.041924952,INTERNE
82,18,-0.424882848,INTERNE
82,19,-0.020046366,INTERNE
82,20,-0.196341599,INTERNE
82,21,0.1897949523,INTERNE
82,22,-0.131423915,INTERNE
82,23,-0.028346001,INTERNE
82,24,-0.037804119,INTERNE
82,25,-0.136334917,INTERNE
82,26,-0.056550786,INTERNE
82,27,0.5269461947,INTERNE
82,28,-0.192723668,INTERNE
82,29,0.3042953107,INTERNE
82,30,0.0638111861,INTERNE
82,31,0.0174046821,INTERNE
82,32,-0.018168106,INTERNE
82,33,-0.176331074,INTERNE
82,34,0.091199051,INTERNE
82,35,-0.207012792,INTERNE
82,36,0.3623718349,INTERNE
82,37,0.254156814,INTERNE
82,38,0.092187366,INTERNE
82,39,-0.204785592,INTERNE
82,40,0.0533102127,INTERNE
82,41,-0.166818747,INTERNE
82,42,0.2127648433,INTERNE
82,43,0.0472634137,INTERNE
82,44,-0.003033106,INTERNE
82,45,-0.413636319,INTERNE
82,46,-0.145043625,INTERNE
82,47,0.1861038532,INTERNE
82,48,-0.297008049,INTERNE
82,49,-0.148653511,INTERNE
82,50,0.3236269934,INTERNE
82,51,0.0401750134,INTERNE
82,52,0.237409362,INTERNE
82,53,0.0626051724,INTERNE
82,54,0.2321675371,INTERNE
82,55,0.0241249406,INTERNE
82,56,-0.149761521,INTERNE
82,57,0.1394300715,INTERNE
82,58,-0.231620205,INTERNE
82,59,-0.103132511,INTERNE
82,60,0.0513843833,INTERNE
82,61,0.3667118296,INTERNE
82,62,0.5019939171,INTERNE
82,63,-0.071813418,INTERNE
82,64,-0.174629038,INTERNE
82,65,-0.182775833,INTERNE
82,66,0.1914918586,INTERNE
82,67,0.1449773351,INTERNE
82,68,-0.012706424,INTERNE
82,69,0.4419567652,INTERNE
82,70,0.2190735743,INTERNE
82,71,0.2506856835,INTERNE
82,72,-0.234892534,INTERNE
82,73,-0.038945496,INTERNE
82,74,-0.328234089,INTERNE
82,75,0.1256747737,INTERNE
82,76,-0.249418081,INTERNE
82,77,0.389070317,INTERNE
82,78,-0.105730157,INTERNE
82,79,0.4285576662,INTERNE
82,80,-0.121822494,INTERNE
82,81,-0.079076854,INTERNE
82,82,-0.083150369,INTERNE
82,83,0.7636078117,INTERNE
82,84,-0.05927324,INTERNE
82,85,-0.153354146,INTERNE
82,86,0.2057673255,INTERNE
82,87,0.4792921704,INTERNE
82,88,0.3230194863,INTERNE
82,89,0.0379776713,INTERNE
82,90,0.311279937,INTERNE
82,91,-0.025458389,INTERNE
82,92,-0.243187077,INTERNE
82,93,0.1282506215,INTERNE
82,94,-0.304792587,INTERNE
82,95,-0.140901661,INTERNE
82,96,-0.199598326,INTERNE
82,97,0.1097159405,INTERNE
82,98,-0.123378194,INTERNE
82,99,0.0619886408,INTERNE
82,100,-0.133172339,INTERNE
83,1,-0.080878194,INTERNE
83,2,0.1268056785,INTERNE
83,3,-0.147698157,INTERNE
83,4,0.1317137109,INTERNE
83,5,-0.402304023,INTERNE
83,6,-0.175085433,INTERNE
83,7,0.0918143878,INTERNE
83,8,-0.091957137,INTERNE
83,9,-0.006776524,INTERNE
83,10,0.1880742604,INTERNE
83,11,0.204863542,INTERNE
83,12,-0.068968178,INTERNE
83,13,0.364415137,INTERNE
83,14,0.0178029961,INTERNE
83,15,-0.414969019,INTERNE
83,16,-0.092420181,INTERNE
83,17,0.125700432,INTERNE
83,18,0.3310325744,INTERNE
83,19,-0.072323097,INTERNE
83,20,0.5232046652,INTERNE
83,21,0.051553779,INTERNE
83,22,0.0670762606,INTERNE
83,23,-0.384380258,INTERNE
83,24,0.1381854394,INTERNE
83,25,0.4231334217,INTERNE
83,26,-0.157488054,INTERNE
83,27,-0.063470607,INTERNE
83,28,0.0233177371,INTERNE
83,29,0.0155878234,INTERNE
83,30,-0.019949342,INTERNE
83,31,-0.179883542,INTERNE
83,32,0.1437354675,INTERNE
83,33,0.1150797403,INTERNE
83,34,0.2804291138,INTERNE
83,35,0.0591407091,INTERNE
83,36,-0.33641301,INTERNE
83,37,-0.30062035,INTERNE
83,38,-0.196512941,INTERNE
83,39,-0.00814861,INTERNE
83,40,0.3789186019,INTERNE
83,41,-0.357648792,INTERNE
83,42,-0.124582288,INTERNE
83,43,-0.080286823,INTERNE
83,44,-0.007297977,INTERNE
83,45,-0.114933457,INTERNE
83,46,0.0273520571,INTERNE
83,47,0.1941567672,INTERNE
83,48,0.0644127255,INTERNE
83,49,0.1671095576,INTERNE
83,50,-0.42242723,INTERNE
83,51,0.0247107846,INTERNE
83,52,-0.146024097,INTERNE
83,53,-0.217418108,INTERNE
83,54,0.1344106151,INTERNE
83,55,-0.025656305,INTERNE
83,56,-0.203489555,INTERNE
83,57,-0.248998836,INTERNE
83,58,0.1386838535,INTERNE
83,59,-0.029330686,INTERNE
83,60,-0.124564383,INTERNE
83,61,0.0203859058,INTERNE
83,62,-0.202819497,INTERNE
83,63,0.3498717914,INTERNE
83,64,0.0849673681,INTERNE
83,65,-0.042064718,INTERNE
83,66,0.200470336,INTERNE
83,67,0.3301573651,INTERNE
83,68,0.0636510982,INTERNE
83,69,-0.011143581,INTERNE
83,70,-0.298001426,INTERNE
83,71,-0.167708154,INTERNE
83,72,0.4642480254,INTERNE
83,73,0.9518901643,INTERNE
83,74,-0.00921111,INTERNE
83,75,0.1243711538,INTERNE
83,76,0.1473092927,INTERNE
83,77,-0.173655703,INTERNE
83,78,0.0693664533,INTERNE
83,79,0.4243752202,INTERNE
83,80,0.2178479994,INTERNE
83,81,-0.184405157,INTERNE
83,82,-0.009370751,INTERNE
83,83,0.35032681,INTERNE
83,84,0.2952505919,INTERNE
83,85,0.4072859957,INTERNE
83,86,0.1072941002,INTERNE
83,87,0.6886255588,INTERNE
83,88,0.2558975843,INTERNE
83,89,0.254497278,INTERNE
83,90,0.3488901651,INTERNE
83,91,0.0410907617,INTERNE
83,92,-0.139346495,INTERNE
83,93,0.0168816639,INTERNE
83,94,0.0907914419,INTERNE
83,95,-0.049102675,INTERNE
83,96,0.0891584515,INTERNE
83,97,-0.101549901,INTERNE
83,98,-0.290004225,INTERNE
83,99,-0.115857772,INTERNE
83,100,-0.300823678,INTERNE
84,1,0.0264949845,INTERNE
84,2,0.1179283404,INTERNE
84,3,0.3454397371,INTERNE
84,4,-0.164741581,INTERNE
84,5,-0.253945558,INTERNE
84,6,-0.176876914,INTERNE
84,7,0.6642829105,INTERNE
84,8,-0.098085033,INTERNE
84,9,-0.100601361,INTERNE
84,10,-0.099530548,INTERNE
84,11,0.0397898058,INTERNE
84,12,0.0648265962,INTERNE
84,13,-0.229814536,INTERNE
84,14,0.4438425017,INTERNE
84,15,0.0084045404,INTERNE
84,16,-0.071340734,INTERNE
84,17,0.1992147065,INTERNE
84,18,0.3161158367,INTERNE
84,19,-0.305563262,INTERNE
84,20,-0.052571706,INTERNE
84,21,0.0554134837,INTERNE
84,22,-0.063671387,INTERNE
84,23,-0.365268648,INTERNE
84,24,0.5153098926,INTERNE
84,25,0.7908934296,INTERNE
84,26,0.0102854311,INTERNE
84,27,-0.256416021,INTERNE
84,28,0.2712403105,INTERNE
84,29,0.9360878071,INTERNE
84,30,-0.328587771,INTERNE
84,31,-0.08416588,INTERNE
84,32,0.0693363923,INTERNE
84,33,0.1000607536,INTERNE
84,34,-0.138872526,INTERNE
84,35,-0.141086147,INTERNE
84,36,-0.096291522,INTERNE
84,37,-0.060346906,INTERNE
84,38,0.3907507563,INTERNE
84,39,-0.037493531,INTERNE
84,40,0.0952788381,INTERNE
84,41,-0.290320984,INTERNE
84,42,0.1815182073,INTERNE
84,43,0.1345512518,INTERNE
84,44,-0.117378134,INTERNE
84,45,0.1909017959,INTERNE
84,46,0.7320004446,INTERNE
84,47,-0.44468193,INTERNE
84,48,-0.097165897,INTERNE
84,49,-0.334544446,INTERNE
84,50,-0.101381887,INTERNE
84,51,-0.098407544,INTERNE
84,52,-0.007041947,INTERNE
84,53,0.1012400407,INTERNE
84,54,0.0951136103,INTERNE
84,55,0.0134689536,INTERNE
84,56,-0.096012177,INTERNE
84,57,-0.119047559,INTERNE
84,58,-0.005847119,INTERNE
84,59,-0.094272701,INTERNE
84,60,-0.109342741,INTERNE
84,61,-0.153191197,INTERNE
84,62,0.2732644238,INTERNE
84,63,0.0696649588,INTERNE
84,64,0.1161247011,INTERNE
84,65,-0.073271908,INTERNE
84,66,0.289799611,INTERNE
84,67,-0.303460664,INTERNE
84,68,0.0349312544,INTERNE
84,69,0.0262870117,INTERNE
84,70,-0.045296332,INTERNE
84,71,-0.175180718,INTERNE
84,72,-0.261468914,INTERNE
84,73,0.4041730265,INTERNE
84,74,0.0229017822,INTERNE
84,75,0.9183795363,INTERNE
84,76,-0.364318359,INTERNE
84,77,0.1090989574,INTERNE
84,78,-0.231827286,INTERNE
84,79,0.2076676819,INTERNE
84,80,0.2371404219,INTERNE
84,81,0.3313256425,INTERNE
84,82,-0.226885855,INTERNE
84,83,0.1129225703,INTERNE
84,84,0.0468890683,INTERNE
84,85,-0.15603061,INTERNE
84,86,0.1166668498,INTERNE
84,87,0.0827557792,INTERNE
84,88,0.0095953265,INTERNE
84,89,-0.037014355,INTERNE
84,90,-0.127046036,INTERNE
84,91,0.1152838574,INTERNE
84,92,-0.193250521,INTERNE
84,93,0.174393599,INTERNE
84,94,0.3291029049,INTERNE
84,95,-0.322190978,INTERNE
84,96,0.29700901,INTERNE
84,97,-0.285083931,INTERNE
84,98,-0.0091828,INTERNE
84,99,-0.017731945,INTERNE
84,100,-0.079113513,INTERNE
85,1,-0.024500626,INTERNE
85,2,0.5141700768,INTERNE
85,3,0.0699312346,INTERNE
85,4,0.1377584438,INTERNE
85,5,0.0598611581,INTERNE
85,6,-0.086553592,INTERNE
85,7,-0.251876527,INTERNE
85,8,-0.299159358,INTERNE
85,9,-0.150142715,INTERNE
85,10,0.2864141875,INTERNE
85,11,-0.059071978,INTERNE
85,12,-0.200492136,INTERNE
85,13,0.1824932105,INTERNE
85,14,-0.10663236,INTERNE
85,15,-0.085243855,INTERNE
85,16,0.7094427449,INTERNE
85,17,-0.079870913,INTERNE
85,18,0.0687425106,INTERNE
85,19,0.0317229146,INTERNE
85,20,-0.389005175,INTERNE
85,21,0.2396343207,INTERNE
85,22,0.6364488908,INTERNE
85,23,0.0000942899,INTERNE
85,24,-0.041718635,INTERNE
85,25,-0.048966961,INTERNE
85,26,-0.040275813,INTERNE
85,27,-0.246270887,INTERNE
85,28,0.3062291691,INTERNE
85,29,-0.41753486,INTERNE
85,30,-0.262906348,INTERNE
85,31,-0.031843424,INTERNE
85,32,0.0563674768,INTERNE
85,33,0.3074829459,INTERNE
85,34,0.2173638352,INTERNE
85,35,0.0867087787,INTERNE
85,36,0.1857968514,INTERNE
85,37,-0.19850774,INTERNE
85,38,0.7075684675,INTERNE
85,39,-0.138773683,INTERNE
85,40,0.3381456396,INTERNE
85,41,0.096267145,INTERNE
85,42,0.0524176499,INTERNE
85,43,-0.305263545,INTERNE
85,44,-0.329607942,INTERNE
85,45,0.6341994185,INTERNE
85,46,0.4873681919,INTERNE
85,47,0.4341512764,INTERNE
85,48,-0.067597332,INTERNE
85,49,1.5729338489,INTERNE
85,50,0.0640508637,INTERNE
85,51,-0.150782781,INTERNE
85,52,0.3900087136,INTERNE
85,53,-0.142247522,INTERNE
85,54,-0.199254065,INTERNE
85,55,0.6647947987,INTERNE
85,56,-0.145529373,INTERNE
85,57,-0.027430563,INTERNE
85,58,-0.230362953,INTERNE
85,59,0.1189149514,INTERNE
85,60,0.4632199431,INTERNE
85,61,0.0352384924,INTERNE
85,62,-0.012404404,INTERNE
85,63,0.0922446466,INTERNE
85,64,-0.002512401,INTERNE
85,65,-0.182517093,INTERNE
85,66,-0.106215881,INTERNE
85,67,0.1327465982,INTERNE
85,68,-0.106607311,INTERNE
85,69,0.6071430266,INTERNE
85,70,0.5829321004,INTERNE
85,71,-0.305286685,INTERNE
85,72,-0.335717732,INTERNE
85,73,-0.061874326,INTERNE
85,74,0.0467630585,INTERNE
85,75,0.0106615752,INTERNE
85,76,-0.053341001,INTERNE
85,77,0.2495125424,INTERNE
85,78,0.2726107367,INTERNE
85,79,-0.286988015,INTERNE
85,80,0.0218173064,INTERNE
85,81,-0.507197351,INTERNE
85,82,0.0684319011,INTERNE
85,83,-0.056705816,INTERNE
85,84,-0.052856625,INTERNE
85,85,0.6834629043,INTERNE
85,86,0.7090560023,INTERNE
85,87,-0.161043341,INTERNE
85,88,-0.014228386,INTERNE
85,89,0.1506474744,INTERNE
85,90,0.2575285548,INTERNE
85,91,-0.179809751,INTERNE
85,92,-0.236037408,INTERNE
85,93,0.2377079107,INTERNE
85,94,0.0477190806,INTERNE
85,95,-0.184002015,INTERNE
85,96,0.0739013397,INTERNE
85,97,0.8967853213,INTERNE
85,98,-0.303924387,INTERNE
85,99,-0.236367239,INTERNE
85,100,-0.229695131,INTERNE
86,1,0.2964790506,INTERNE
86,2,0.6971388155,INTERNE
86,3,0.1581929015,INTERNE
86,4,0.1505645791,INTERNE
86,5,-0.146594971,INTERNE
86,6,-0.260984496,INTERNE
86,7,-0.035901233,INTERNE
86,8,0.3887913995,INTERNE
86,9,-0.051162297,INTERNE
86,10,0.5820952526,INTERNE
86,11,0.1599615093,INTERNE
86,12,-0.005859541,INTERNE
86,13,0.1894902151,INTERNE
86,14,-0.17782127,INTERNE
86,15,-0.11763847,INTERNE
86,16,-0.205908411,INTERNE
86,17,-0.239905352,INTERNE
86,18,-0.047241245,INTERNE
86,19,0.0775192401,INTERNE
86,20,0.0329130757,INTERNE
86,21,-0.306378304,INTERNE
86,22,0.38243308,INTERNE
86,23,-0.354048934,INTERNE
86,24,-0.217216529,INTERNE
86,25,-0.206645192,INTERNE
86,26,-0.018118538,INTERNE
86,27,0.0352946238,INTERNE
86,28,0.3787192273,INTERNE
86,29,-0.389442425,INTERNE
86,30,0.6900713958,INTERNE
86,31,0.1689331522,INTERNE
86,32,0.0801567292,INTERNE
86,33,-0.232462109,INTERNE
86,34,0.4567547888,INTERNE
86,35,-0.086878454,INTERNE
86,36,0.0191469775,INTERNE
86,37,0.3721894384,INTERNE
86,38,-0.245652024,INTERNE
86,39,-0.173631327,INTERNE
86,40,-0.06013949,INTERNE
86,41,0.1076040901,INTERNE
86,42,0.109422221,INTERNE
86,43,0.2620083063,INTERNE
86,44,-0.165227543,INTERNE
86,45,0.0426810485,INTERNE
86,46,0.0027303781,INTERNE
86,47,0.1960808115,INTERNE
86,48,0.3617593648,INTERNE
86,49,-0.377931846,INTERNE
86,50,-0.112616084,INTERNE
86,51,-0.263945368,INTERNE
86,52,0.192455595,INTERNE
86,53,0.1243723777,INTERNE
86,54,-0.187199444,INTERNE
86,55,0.4030060937,INTERNE
86,56,-0.131277811,INTERNE
86,57,0.3830402386,INTERNE
86,58,0.4656671535,INTERNE
86,59,0.0624490603,INTERNE
86,60,-0.151034389,INTERNE
86,61,-0.165588242,INTERNE
86,62,-0.304204139,INTERNE
86,63,-0.06470148,INTERNE
86,64,-0.181071172,INTERNE
86,65,0.0305110652,INTERNE
86,66,-0.457006661,INTERNE
86,67,0.6151898957,INTERNE
86,68,-0.077946108,INTERNE
86,69,0.9756594805,INTERNE
86,70,0.0407086512,INTERNE
86,71,0.3747522887,INTERNE
86,72,-0.259550833,INTERNE
86,73,-0.412817244,INTERNE
86,74,0.2127512502,INTERNE
86,75,0.1321310575,INTERNE
86,76,-0.055431285,INTERNE
86,77,-0.212142382,INTERNE
86,78,0.3991349087,INTERNE
86,79,0.1854545677,INTERNE
86,80,0.5221993043,INTERNE
86,81,-0.162660483,INTERNE
86,82,-0.005940326,INTERNE
86,83,-0.193929381,INTERNE
86,84,0.3197921714,INTERNE
86,85,-0.092589222,INTERNE
86,86,-0.186576915,INTERNE
86,87,-0.279554783,INTERNE
86,88,-0.100889879,INTERNE
86,89,0.3064685084,INTERNE
86,90,-0.335374813,INTERNE
86,91,-0.272326761,INTERNE
86,92,0.0045831602,INTERNE
86,93,-0.269318452,INTERNE
86,94,0.1475256934,INTERNE
86,95,-0.316600455,INTERNE
86,96,0.4485642333,INTERNE
86,97,0.0082257642,INTERNE
86,98,-0.179729025,INTERNE
86,99,-0.424290965,INTERNE
86,100,0.2394783308,INTERNE
87,1,0.0111728347,INTERNE
87,2,-0.171681524,INTERNE
87,3,0.3680673157,INTERNE
87,4,0.1575660415,INTERNE
87,5,0.1071024405,INTERNE
87,6,0.4294196306,INTERNE
87,7,0.1437111834,INTERNE
87,8,-0.017104772,INTERNE
87,9,-0.244784469,INTERNE
87,10,-0.026566411,INTERNE
87,11,0.2308947254,INTERNE
87,12,-0.163346381,INTERNE
87,13,-0.098771503,INTERNE
87,14,0.590714382,INTERNE
87,15,0.4643812766,INTERNE
87,16,0.0805803714,INTERNE
87,17,0.5428724802,INTERNE
87,18,-0.262522075,INTERNE
87,19,-0.301295218,INTERNE
87,20,-0.108247672,INTERNE
87,21,-0.166901497,INTERNE
87,22,-0.289873762,INTERNE
87,23,0.2496114177,INTERNE
87,24,0.2539079101,INTERNE
87,25,0.1656089664,INTERNE
87,26,0.1102981281,INTERNE
87,27,-0.010913957,INTERNE
87,28,0.4902007201,INTERNE
87,29,0.2027562771,INTERNE
87,30,0.151555586,INTERNE
87,31,-0.386075423,INTERNE
87,32,-0.094076929,INTERNE
87,33,0.4227110596,INTERNE
87,34,0.1852224425,INTERNE
87,35,-0.012321448,INTERNE
87,36,-0.268385865,INTERNE
87,37,-0.136195441,INTERNE
87,38,-0.052446531,INTERNE
87,39,0.199498984,INTERNE
87,40,-0.364479346,INTERNE
87,41,-0.035827961,INTERNE
87,42,0.6441082211,INTERNE
87,43,0.5791293957,INTERNE
87,44,0.2529745785,INTERNE
87,45,0.0767052098,INTERNE
87,46,-0.194143837,INTERNE
87,47,-0.413665303,INTERNE
87,48,-0.143805161,INTERNE
87,49,-0.068030944,INTERNE
87,50,-0.00560301,INTERNE
87,51,-0.145295986,INTERNE
87,52,-0.12069407,INTERNE
87,53,0.0710380938,INTERNE
87,54,0.0275129196,INTERNE
87,55,0.0641890076,INTERNE
87,56,0.0202130015,INTERNE
87,57,0.3122937854,INTERNE
87,58,-0.229031628,INTERNE
87,59,0.063553859,INTERNE
87,60,-0.143956742,INTERNE
87,61,-0.161144471,INTERNE
87,62,0.0440979012,INTERNE
87,63,-0.154380251,INTERNE
87,64,0.3015278947,INTERNE
87,65,0.3687689967,INTERNE
87,66,0.1428711445,INTERNE
87,67,-0.140123067,INTERNE
87,68,0.2148814039,INTERNE
87,69,-0.021597357,INTERNE
87,70,0.5566486734,INTERNE
87,71,-0.027819409,INTERNE
87,72,0.1133873122,INTERNE
87,73,0.0904652268,INTERNE
87,74,-0.238483546,INTERNE
87,75,-0.183170544,INTERNE
87,76,-0.043980072,INTERNE
87,77,-0.132901843,INTERNE
87,78,-0.274208559,INTERNE
87,79,0.2012000866,INTERNE
87,80,0.1498808592,INTERNE
87,81,-0.078196505,INTERNE
87,82,-0.185986496,INTERNE
87,83,0.3575436074,INTERNE
87,84,0.1151112533,INTERNE
87,85,0.1501494543,INTERNE
87,86,0.0148102055,INTERNE
87,87,-0.128124054,INTERNE
87,88,0.3624044063,INTERNE
87,89,-0.110638327,INTERNE
87,90,-0.129413762,INTERNE
87,91,0.068337391,INTERNE
87,92,-0.101137268,INTERNE
87,93,-0.256829295,INTERNE
87,94,0.3029474529,INTERNE
87,95,0.3338491661,INTERNE
87,96,0.0686335216,INTERNE
87,97,0.4216709976,INTERNE
87,98,-0.064507085,INTERNE
87,99,-0.260837958,INTERNE
87,100,-0.079374077,INTERNE
88,1,-0.03094972,INTERNE
88,2,0.0243988561,INTERNE
88,3,-0.070594825,INTERNE
88,4,0.1018346414,INTERNE
88,5,-0.079329965,INTERNE
88,6,-0.301078575,INTERNE
88,7,0.2177718599,INTERNE
88,8,0.5575262504,INTERNE
88,9,0.1777542675,INTERNE
88,10,-0.242273277,INTERNE
88,11,0.2480363758,INTERNE
88,12,-0.299733295,INTERNE
88,13,-0.088868802,INTERNE
88,14,-0.182125643,INTERNE
88,15,-0.009679805,INTERNE
88,16,0.3071147685,INTERNE
88,17,0.1431137694,INTERNE
88,18,-0.090285592,INTERNE
88,19,0.3652990346,INTERNE
88,20,-0.318231423,INTERNE
88,21,-0.106255399,INTERNE
88,22,0.5957047336,INTERNE
88,23,-0.271034041,INTERNE
88,24,0.072639064,INTERNE
88,25,0.0500665846,INTERNE
88,26,-0.152212406,INTERNE
88,27,-0.082435705,INTERNE
88,28,-0.191057806,INTERNE
88,29,-0.049387514,INTERNE
88,30,-0.051708487,INTERNE
88,31,0.3922047591,INTERNE
88,32,-0.15782811,INTERNE
88,33,-0.037522802,INTERNE
88,34,-0.326060594,INTERNE
88,35,-0.340668967,INTERNE
88,36,-0.056702608,INTERNE
88,37,-0.186451652,INTERNE
88,38,0.4089407015,INTERNE
88,39,0.0373652817,INTERNE
88,40,0.3282893877,INTERNE
88,41,-0.147117805,INTERNE
88,42,0.6644483805,INTERNE
88,43,-0.275706912,INTERNE
88,44,0.0239157793,INTERNE
88,45,-0.166168817,INTERNE
88,46,0.1704436558,INTERNE
88,47,0.5185591161,INTERNE
88,48,0.1636878009,INTERNE
88,49,-0.316460581,INTERNE
88,50,0.1333950969,INTERNE
88,51,-0.005867493,INTERNE
88,52,0.2799150646,INTERNE
88,53,-0.091864622,INTERNE
88,54,0.5740696172,INTERNE
88,55,0.4024011159,INTERNE
88,56,-0.294941279,INTERNE
88,57,-0.013324762,INTERNE
88,58,-0.285990575,INTERNE
88,59,0.0312277851,INTERNE
88,60,-0.12783364,INTERNE
88,61,-0.051740447,INTERNE
88,62,0.0138432375,INTERNE
88,63,0.4657151911,INTERNE
88,64,0.2374484661,INTERNE
88,65,-0.157033103,INTERNE
88,66,0.1818003346,INTERNE
88,67,0.1318004823,INTERNE
88,68,0.1078348405,INTERNE
88,69,-0.162116056,INTERNE
88,70,-0.0723711,INTERNE
88,71,-0.140498151,INTERNE
88,72,0.6652765834,INTERNE
88,73,0.0200136993,INTERNE
88,74,0.3840106073,INTERNE
88,75,0.4787284365,INTERNE
88,76,-0.061780528,INTERNE
88,77,-0.038073575,INTERNE
88,78,0.3476963591,INTERNE
88,79,-0.140109318,INTERNE
88,80,0.0123412031,INTERNE
88,81,0.1668554293,INTERNE
88,82,-0.02490755,INTERNE
88,83,0.3952213067,INTERNE
88,84,-0.175721456,INTERNE
88,85,-0.085462342,INTERNE
88,86,-0.087683512,INTERNE
88,87,-0.205143953,INTERNE
88,88,0.4490852304,INTERNE
88,89,-0.259027278,INTERNE
88,90,0.1801990514,INTERNE
88,91,0.1492032465,INTERNE
88,92,0.3090201205,INTERNE
88,93,-0.287600187,INTERNE
88,94,-0.038630045,INTERNE
88,95,-0.276833212,INTERNE
88,96,-0.282092311,INTERNE
88,97,-0.278240356,INTERNE
88,98,0.2409982445,INTERNE
88,99,-0.215313774,INTERNE
88,100,0.3451848107,INTERNE
89,1,0.0864260831,INTERNE
89,2,-0.394642588,INTERNE
89,3,0.082831447,INTERNE
89,4,0.4457133403,INTERNE
89,5,-0.002728486,INTERNE
89,6,-0.125227839,INTERNE
89,7,0.1286615502,INTERNE
89,8,0.1198750225,INTERNE
89,9,0.1875978689,INTERNE
89,10,-0.152121711,INTERNE
89,11,-0.17853722,INTERNE
89,12,-0.064806467,INTERNE
89,13,0.0685085996,INTERNE
89,14,0.0116349552,INTERNE
89,15,0.3310183484,INTERNE
89,16,-0.297625582,INTERNE
89,17,-0.058806622,INTERNE
89,18,0.1158355856,INTERNE
89,19,0.1044949457,INTERNE
89,20,0.2372633095,INTERNE
89,21,0.0843649493,INTERNE
89,22,-0.081511806,INTERNE
89,23,-0.374871519,INTERNE
89,24,0.031236719,INTERNE
89,25,0.0280846031,INTERNE
89,26,0.5362556515,INTERNE
89,27,0.2141062674,INTERNE
89,28,0.0498200704,INTERNE
89,29,-0.220259197,INTERNE
89,30,0.0994728272,INTERNE
89,31,-0.4051186,INTERNE
89,32,0.2913802478,INTERNE
89,33,-0.312875019,INTERNE
89,34,-0.38813327,INTERNE
89,35,-0.160156422,INTERNE
89,36,0.3926046619,INTERNE
89,37,0.3192959088,INTERNE
89,38,0.1243699515,INTERNE
89,39,0.0339696841,INTERNE
89,40,0.3159002039,INTERNE
89,41,-0.533931822,INTERNE
89,42,-0.101787033,INTERNE
89,43,0.5343549377,INTERNE
89,44,-0.039832475,INTERNE
89,45,0.091695718,INTERNE
89,46,-0.029615725,INTERNE
89,47,0.5697459475,INTERNE
89,48,0.2630818581,INTERNE
89,49,0.0879043569,INTERNE
89,50,-0.205862208,INTERNE
89,51,0.2849862142,INTERNE
89,52,0.1888759608,INTERNE
89,53,-0.020670192,INTERNE
89,54,-0.045658887,INTERNE
89,55,0.1097915507,INTERNE
89,56,-0.037836595,INTERNE
89,57,-0.034557928,INTERNE
89,58,0.092684446,INTERNE
89,59,0.0873238682,INTERNE
89,60,-0.024633423,INTERNE
89,61,0.4942784398,INTERNE
89,62,-0.124383118,INTERNE
89,63,-0.497064855,INTERNE
89,64,0.070278636,INTERNE
89,65,0.4520279219,INTERNE
89,66,0.2237195655,INTERNE
89,67,-0.057107639,INTERNE
89,68,-0.281902108,INTERNE
89,69,0.0953277155,INTERNE
89,70,0.7198405535,INTERNE
89,71,-0.189901134,INTERNE
89,72,0.6030001956,INTERNE
89,73,-0.14553061,INTERNE
89,74,0.0813622509,INTERNE
89,75,0.0137508607,INTERNE
89,76,0.080759833,INTERNE
89,77,0.0080449219,INTERNE
89,78,-0.181429993,INTERNE
89,79,0.1189791873,INTERNE
89,80,0.1214815309,INTERNE
89,81,-0.037908473,INTERNE
89,82,-0.200834582,INTERNE
89,83,0.3151616224,INTERNE
89,84,-0.020449621,INTERNE
89,85,-0.199658411,INTERNE
89,86,0.2837874845,INTERNE
89,87,0.4059029599,INTERNE
89,88,0.2103722512,INTERNE
89,89,-0.095665468,INTERNE
89,90,-0.258971457,INTERNE
89,91,0.2651263129,INTERNE
89,92,0.6503613467,INTERNE
89,93,0.2316709851,INTERNE
89,94,-0.232118363,INTERNE
89,95,0.1984290769,INTERNE
89,96,-0.157232502,INTERNE
89,97,-0.401646387,INTERNE
89,98,-0.321509466,INTERNE
89,99,0.1735479984,INTERNE
89,100,-0.224137211,INTERNE
90,1,-0.252471395,INTERNE
90,2,0.1975813209,INTERNE
90,3,0.1811189388,INTERNE
90,4,-0.01589499,INTERNE
90,5,0.5385553215,INTERNE
90,6,-0.271647624,INTERNE
90,7,0.1869338231,INTERNE
90,8,0.1645375885,INTERNE
90,9,-0.296698349,INTERNE
90,10,-0.034584653,INTERNE
90,11,-0.283510468,INTERNE
90,12,0.0017781338,INTERNE
90,13,0.2030564098,INTERNE
90,14,0.2367662864,INTERNE
90,15,0.4581492112,INTERNE
90,16,-0.05728928,INTERNE
90,17,0.7132974218,INTERNE
90,18,-0.090071732,INTERNE
90,19,-0.177065563,INTERNE
90,20,-0.246603927,INTERNE
90,21,0.1285905173,INTERNE
90,22,0.1521285089,INTERNE
90,23,-0.00281159,INTERNE
90,24,0.1637185787,INTERNE
90,25,-0.24212935,INTERNE
90,26,0.2636201467,INTERNE
90,27,0.2722459064,INTERNE
90,28,0.2043820666,INTERNE
90,29,0.0692574707,INTERNE
90,30,-0.050508758,INTERNE
90,31,-0.239144815,INTERNE
90,32,0.2031716033,INTERNE
90,33,-0.251024539,INTERNE
90,34,0.0115309025,INTERNE
90,35,0.0940578774,INTERNE
90,36,0.2194199778,INTERNE
90,37,0.0926198363,INTERNE
90,38,0.0325392907,INTERNE
90,39,-0.101854947,INTERNE
90,40,-0.096173989,INTERNE
90,41,0.1167143384,INTERNE
90,42,0.0966382954,INTERNE
90,43,0.0200843519,INTERNE
90,44,-0.132115507,INTERNE
90,45,0.0751926823,INTERNE
90,46,0.026363039,INTERNE
90,47,0.0356301965,INTERNE
90,48,-0.039462019,INTERNE
90,49,0.1229250524,INTERNE
90,50,0.0848947551,INTERNE
90,51,-0.294705952,INTERNE
90,52,0.3877475755,INTERNE
90,53,-0.338063469,INTERNE
90,54,0.3289010931,INTERNE
90,55,0.0880398165,INTERNE
90,56,0.0678964027,INTERNE
90,57,-0.179584508,INTERNE
90,58,-0.252467249,INTERNE
90,59,0.038300083,INTERNE
90,60,-0.100777956,INTERNE
90,61,-0.358428171,INTERNE
90,62,-0.490531259,INTERNE
90,63,0.2335209056,INTERNE
90,64,-0.10818222,INTERNE
90,65,0.0908860004,INTERNE
90,66,0.0315419429,INTERNE
90,67,0.6763412635,INTERNE
90,68,-0.118535834,INTERNE
90,69,0.4216312927,INTERNE
90,70,0.1165180828,INTERNE
90,71,0.038011798,INTERNE
90,72,-0.292642902,INTERNE
90,73,0.0364120025,INTERNE
90,74,-0.210176065,INTERNE
90,75,-0.144427426,INTERNE
90,76,0.0473020395,INTERNE
90,77,0.2322734939,INTERNE
90,78,-0.215120333,INTERNE
90,79,0.48470913,INTERNE
90,80,0.1462381068,INTERNE
90,81,0.1719752998,INTERNE
90,82,-0.066807514,INTERNE
90,83,0.1528791035,INTERNE
90,84,0.1830281716,INTERNE
90,85,0.6267677176,INTERNE
90,86,0.0026025658,INTERNE
90,87,0.0296072154,INTERNE
90,88,-0.463631163,INTERNE
90,89,0.4352913996,INTERNE
90,90,-0.088458722,INTERNE
90,91,-0.055863565,INTERNE
90,92,-0.150662345,INTERNE
90,93,0.2054360767,INTERNE
90,94,-0.236893401,INTERNE
90,95,0.1007848024,INTERNE
90,96,0.0991445809,INTERNE
90,97,-0.167684611,INTERNE
90,98,0.3646964507,INTERNE
90,99,-0.006769266,INTERNE
90,100,0.2257222162,INTERNE
91,1,-0.280457607,INTERNE
91,2,-0.157381731,INTERNE
91,3,-0.138236066,INTERNE
91,4,-0.283853331,INTERNE
91,5,-0.19984531,INTERNE
91,6,-0.305500695,INTERNE
91,7,-0.141353555,INTERNE
91,8,0.162775095,INTERNE
91,9,-0.027419187,INTERNE
91,10,-0.03758579,INTERNE
91,11,-0.20129186,INTERNE
91,12,-0.132120032,INTERNE
91,13,-0.014969801,INTERNE
91,14,0.0478073987,INTERNE
91,15,0.3629966471,INTERNE
91,16,0.2038894,INTERNE
91,17,0.1566279056,INTERNE
91,18,0.1604920175,INTERNE
91,19,0.3401633302,INTERNE
91,20,0.2024607708,INTERNE
91,21,-0.008872716,INTERNE
91,22,-0.002470283,INTERNE
91,23,0.1159444222,INTERNE
91,24,0.0260528458,INTERNE
91,25,0.0268770251,INTERNE
91,26,-0.000257902,INTERNE
91,27,-0.03476245,INTERNE
91,28,0.1729702344,INTERNE
91,29,-0.383339832,INTERNE
91,30,0.6770232945,INTERNE
91,31,0.2163788397,INTERNE
91,32,0.4915451379,INTERNE
91,33,0.3955690968,INTERNE
91,34,0.1530062484,INTERNE
91,35,-0.216162211,INTERNE
91,36,0.1057722197,INTERNE
91,37,0.276779474,INTERNE
91,38,-0.183320433,INTERNE
91,39,-0.039691036,INTERNE
91,40,-0.164996659,INTERNE
91,41,0.2311598324,INTERNE
91,42,-0.236665761,INTERNE
91,43,0.171619008,INTERNE
91,44,-0.168474465,INTERNE
91,45,-0.233477626,INTERNE
91,46,-0.137663762,INTERNE
91,47,0.1188999597,INTERNE
91,48,-0.167857048,INTERNE
91,49,-0.253578619,INTERNE
91,50,-0.108962427,INTERNE
91,51,-0.250592968,INTERNE
91,52,0.3117554021,INTERNE
91,53,0.5449914741,INTERNE
91,54,0.2243260672,INTERNE
91,55,0.0006609712,INTERNE
91,56,0.0415983565,INTERNE
91,57,-0.369476254,INTERNE
91,58,0.216699812,INTERNE
91,59,-0.277970581,INTERNE
91,60,0.59940208,INTERNE
91,61,0.4199013619,INTERNE
91,62,0.3569167842,INTERNE
91,63,-0.149514492,INTERNE
91,64,-0.172729759,INTERNE
91,65,0.3870582643,INTERNE
91,66,0.2033293657,INTERNE
91,67,-0.000361089,INTERNE
91,68,-0.022195061,INTERNE
91,69,0.169235377,INTERNE
91,70,0.4860870728,INTERNE
91,71,-0.086659368,INTERNE
91,72,0.4615226301,INTERNE
91,73,0.5375545582,INTERNE
91,74,-0.323126047,INTERNE
91,75,-0.012942462,INTERNE
91,76,-0.395180017,INTERNE
91,77,0.0359540329,INTERNE
91,78,-0.127965643,INTERNE
91,79,-0.111002558,INTERNE
91,80,0.2442677066,INTERNE
91,81,-0.057113665,INTERNE
91,82,0.2356145722,INTERNE
91,83,-0.100756823,INTERNE
91,84,0.1606520635,INTERNE
91,85,-0.072635541,INTERNE
91,86,0.1206487594,INTERNE
91,87,0.0053794499,INTERNE
91,88,0.2691606936,INTERNE
91,89,0.6629930037,INTERNE
91,90,-0.131396911,INTERNE
91,91,0.1951324856,INTERNE
91,92,0.0159486343,INTERNE
91,93,-0.181983392,INTERNE
91,94,0.3990821473,INTERNE
91,95,-0.086843355,INTERNE
91,96,0.2984389267,INTERNE
91,97,1.3024438849,INTERNE
91,98,0.2164246397,INTERNE
91,99,0.158080693,INTERNE
91,100,0.0930881933,INTERNE
92,1,0.1039138872,INTERNE
92,2,0.2422321832,INTERNE
92,3,0.0655525368,INTERNE
92,4,0.3382444047,INTERNE
92,5,0.1180937405,INTERNE
92,6,0.0034560921,INTERNE
92,7,-0.304088354,INTERNE
92,8,0.1645438315,INTERNE
92,9,0.0471914797,INTERNE
92,10,0.0577855247,INTERNE
92,11,-0.003507558,INTERNE
92,12,-0.220943235,INTERNE
92,13,0.1986320415,INTERNE
92,14,-0.011155819,INTERNE
92,15,-0.283491507,INTERNE
92,16,-0.053762744,INTERNE
92,17,-0.421275141,INTERNE
92,18,0.1298439894,INTERNE
92,19,-0.155298317,INTERNE
92,20,-0.099807824,INTERNE
92,21,-0.135636511,INTERNE
92,22,0.1543428316,INTERNE
92,23,-0.29683975,INTERNE
92,24,-0.157858707,INTERNE
92,25,-0.096892413,INTERNE
92,26,0.1944817635,INTERNE
92,27,-0.242791441,INTERNE
92,28,0.2293229917,INTERNE
92,29,-0.345160332,INTERNE
92,30,-0.3153652,INTERNE
92,31,-0.186057482,INTERNE
92,32,0.1419209462,INTERNE
92,33,0.1404242324,INTERNE
92,34,-0.284992696,INTERNE
92,35,0.1538833831,INTERNE
92,36,-0.03422751,INTERNE
92,37,-0.185225342,INTERNE
92,38,0.267234333,INTERNE
92,39,0.7398532625,INTERNE
92,40,0.586458125,INTERNE
92,41,0.1495472084,INTERNE
92,42,-0.041376723,INTERNE
92,43,-0.053799601,INTERNE
92,44,0.5953866403,INTERNE
92,45,0.0246477513,INTERNE
92,46,0.5502826354,INTERNE
92,47,-0.23932823,INTERNE
92,48,0.2794997493,INTERNE
92,49,0.2335685665,INTERNE
92,50,-0.393924445,INTERNE
92,51,-0.006559055,INTERNE
92,52,0.1100445879,INTERNE
92,53,0.0642777659,INTERNE
92,54,0.5886330271,INTERNE
92,55,0.0972743078,INTERNE
92,56,-0.041351706,INTERNE
92,57,0.1014296589,INTERNE
92,58,-0.170513073,INTERNE
92,59,0.0053393564,INTERNE
92,60,-0.076252236,INTERNE
92,61,-0.109002121,INTERNE
92,62,-0.123830883,INTERNE
92,63,0.2218877847,INTERNE
92,64,0.1100603694,INTERNE
92,65,0.2541744078,INTERNE
92,66,0.2225488549,INTERNE
92,67,-0.003671349,INTERNE
92,68,-0.318539198,INTERNE
92,69,0.7237108909,INTERNE
92,70,-0.119169342,INTERNE
92,71,0.3319420053,INTERNE
92,72,0.2502302225,INTERNE
92,73,0.2285794702,INTERNE
92,74,0.2581775916,INTERNE
92,75,-0.063497155,INTERNE
92,76,0.4539669974,INTERNE
92,77,-0.110650273,INTERNE
92,78,-0.043989568,INTERNE
92,79,-0.001303601,INTERNE
92,80,0.1672162174,INTERNE
92,81,0.2698241847,INTERNE
92,82,-0.12717788,INTERNE
92,83,-0.207282296,INTERNE
92,84,-0.063831823,INTERNE
92,85,-0.12565279,INTERNE
92,86,-0.184744475,INTERNE
92,87,-0.352824731,INTERNE
92,88,0.0052159912,INTERNE
92,89,0.0181614109,INTERNE
92,90,0.0435801552,INTERNE
92,91,0.238479827,INTERNE
92,92,0.247942256,INTERNE
92,93,0.2574263145,INTERNE
92,94,0.08358132,INTERNE
92,95,0.1064270218,INTERNE
92,96,0.051570641,INTERNE
92,97,-0.13387148,INTERNE
92,98,-0.376504003,INTERNE
92,99,-0.206900138,INTERNE
92,100,-0.047512212,INTERNE
93,1,-0.223675401,INTERNE
93,2,-0.247742174,INTERNE
93,3,0.0353503226,INTERNE
93,4,-0.124845749,INTERNE
93,5,-0.205628662,INTERNE
93,6,0.280078909,INTERNE
93,7,-0.018460179,INTERNE
93,8,-0.091868284,INTERNE
93,9,-0.079023465,INTERNE
93,10,0.4018640729,INTERNE
93,11,-0.087975093,INTERNE
93,12,0.0448982773,INTERNE
93,13,1.1043603478,INTERNE
93,14,0.3566137257,INTERNE
93,15,-0.2150838,INTERNE
93,16,-0.266099954,INTERNE
93,17,0.1507155475,INTERNE
93,18,0.5412263047,INTERNE
93,19,0.049974257,INTERNE
93,20,-0.181231849,INTERNE
93,21,0.2204849844,INTERNE
93,22,0.0964851255,INTERNE
93,23,0.0062640239,INTERNE
93,24,0.0063337979,INTERNE
93,25,0.2924465505,INTERNE
93,26,0.0941727696,INTERNE
93,27,-0.411925414,INTERNE
93,28,-0.180972572,INTERNE
93,29,-0.361472346,INTERNE
93,30,-0.04701319,INTERNE
93,31,-0.043710779,INTERNE
93,32,0.1345772073,INTERNE
93,33,-0.122984554,INTERNE
93,34,-0.173709904,INTERNE
93,35,0.2554707615,INTERNE
93,36,0.2449356104,INTERNE
93,37,0.2021668777,INTERNE
93,38,0.2293824412,INTERNE
93,39,0.0533252582,INTERNE
93,40,-0.454848868,INTERNE
93,41,-0.040562543,INTERNE
93,42,-0.006008858,INTERNE
93,43,0.0275463774,INTERNE
93,44,0.2001404165,INTERNE
93,45,-0.206753746,INTERNE
93,46,-0.413329983,INTERNE
93,47,0.0201826621,INTERNE
93,48,0.7280122742,INTERNE
93,49,-0.128188429,INTERNE
93,50,-0.036597171,INTERNE
93,51,-0.011699839,INTERNE
93,52,0.3621921889,INTERNE
93,53,0.7084199878,INTERNE
93,54,0.1418834658,INTERNE
93,55,0.4351192267,INTERNE
93,56,0.1155059778,INTERNE
93,57,-0.448785434,INTERNE
93,58,0.2273292711,INTERNE
93,59,0.4821298192,INTERNE
93,60,-0.19729733,INTERNE
93,61,-0.001105953,INTERNE
93,62,0.2440853844,INTERNE
93,63,-0.089822625,INTERNE
93,64,0.0952248935,INTERNE
93,65,-0.013757605,INTERNE
93,66,0.2296634465,INTERNE
93,67,-0.089945628,INTERNE
93,68,0.7124326426,INTERNE
93,69,-0.014735534,INTERNE
93,70,0.0828925096,INTERNE
93,71,-0.18682673,INTERNE
93,72,-0.172259043,INTERNE
93,73,-0.01461669,INTERNE
93,74,-0.011466219,INTERNE
93,75,0.6189072813,INTERNE
93,76,0.0173091346,INTERNE
93,77,0.3120918325,INTERNE
93,78,-0.26412453,INTERNE
93,79,0.1641478537,INTERNE
93,80,0.2864022146,INTERNE
93,81,0.1091462641,INTERNE
93,82,0.4026830226,INTERNE
93,83,-0.139470448,INTERNE
93,84,-0.112843259,INTERNE
93,85,-0.164762839,INTERNE
93,86,-0.025944692,INTERNE
93,87,-0.211484931,INTERNE
93,88,0.2921234819,INTERNE
93,89,-0.153264322,INTERNE
93,90,0.3057429265,INTERNE
93,91,-0.000847956,INTERNE
93,92,0.0789842129,INTERNE
93,93,0.2771336523,INTERNE
93,94,-0.424439242,INTERNE
93,95,0.3559365759,INTERNE
93,96,0.1327115246,INTERNE
93,97,-0.152993714,INTERNE
93,98,-0.104883189,INTERNE
93,99,-0.167495802,INTERNE
93,100,-0.135885436,INTERNE
94,1,-0.060088041,INTERNE
94,2,0.2694997462,INTERNE
94,3,0.0329337997,INTERNE
94,4,-0.03032861,INTERNE
94,5,-0.102611866,INTERNE
94,6,0.110131196,INTERNE
94,7,0.1900762067,INTERNE
94,8,0.191729626,INTERNE
94,9,0.3493176566,INTERNE
94,10,0.326512436,INTERNE
94,11,0.2430290732,INTERNE
94,12,-0.407640032,INTERNE
94,13,-0.021476167,INTERNE
94,14,-0.095328766,INTERNE
94,15,0.0671162407,INTERNE
94,16,0.3222886857,INTERNE
94,17,-0.013338171,INTERNE
94,18,0.0564708591,INTERNE
94,19,0.3264133946,INTERNE
94,20,-0.084392395,INTERNE
94,21,-0.22086364,INTERNE
94,22,-0.251434243,INTERNE
94,23,-0.12548815,INTERNE
94,24,0.3772642318,INTERNE
94,25,0.036012671,INTERNE
94,26,0.2921439851,INTERNE
94,27,0.1787276902,INTERNE
94,28,0.4478467128,INTERNE
94,29,-0.051023751,INTERNE
94,30,0.3612053873,INTERNE
94,31,-0.318461781,INTERNE
94,32,-0.140228002,INTERNE
94,33,-0.099973683,INTERNE
94,34,0.6814256507,INTERNE
94,35,-0.006794153,INTERNE
94,36,-0.354952839,INTERNE
94,37,0.0109448582,INTERNE
94,38,-0.127869219,INTERNE
94,39,0.3835224255,INTERNE
94,40,0.4573274466,INTERNE
94,41,-0.060426468,INTERNE
94,42,0.1697557004,INTERNE
94,43,0.2057986134,INTERNE
94,44,0.0743052364,INTERNE
94,45,-0.506390251,INTERNE
94,46,-0.180589443,INTERNE
94,47,0.3777062238,INTERNE
94,48,0.4590908238,INTERNE
94,49,0.1343453316,INTERNE
94,50,-0.227871526,INTERNE
94,51,0.2962336735,INTERNE
94,52,0.2260165222,INTERNE
94,53,0.3540602133,INTERNE
94,54,-0.479141488,INTERNE
94,55,0.0923758608,INTERNE
94,56,0.5700342362,INTERNE
94,57,-0.271235711,INTERNE
94,58,-0.092029606,INTERNE
94,59,0.3918917168,INTERNE
94,60,-0.066113486,INTERNE
94,61,0.5908187777,INTERNE
94,62,0.0128139806,INTERNE
94,63,0.0408371765,INTERNE
94,64,-0.064178847,INTERNE
94,65,-0.086680734,INTERNE
94,66,0.0786137491,INTERNE
94,67,0.1389634362,INTERNE
94,68,-0.092917925,INTERNE
94,69,0.1673152401,INTERNE
94,70,0.1661021053,INTERNE
94,71,-0.143096589,INTERNE
94,72,-0.033396759,INTERNE
94,73,0.3356227432,INTERNE
94,74,-0.05129939,INTERNE
94,75,0.2104644699,INTERNE
94,76,-0.038231662,INTERNE
94,77,0.0784986348,INTERNE
94,78,-0.144950101,INTERNE
94,79,0.7512752591,INTERNE
94,80,-0.368326794,INTERNE
94,81,0.0689717702,INTERNE
94,82,0.1465110661,INTERNE
94,83,0.1601690941,INTERNE
94,84,-0.145837381,INTERNE
94,85,0.1693227142,INTERNE
94,86,-0.071941186,INTERNE
94,87,-0.135594247,INTERNE
94,88,-0.073500236,INTERNE
94,89,0.0887699818,INTERNE
94,90,0.168991896,INTERNE
94,91,0.061122147,INTERNE
94,92,0.0602653573,INTERNE
94,93,0.2811696006,INTERNE
94,94,-0.222201413,INTERNE
94,95,0.4094189697,INTERNE
94,96,-0.108144293,INTERNE
94,97,-0.193483822,INTERNE
94,98,-0.044214404,INTERNE
94,99,-0.263595085,INTERNE
94,100,0.0552262137,INTERNE
95,1,-0.121627426,INTERNE
95,2,0.2959248461,INTERNE
95,3,0.0256479403,INTERNE
95,4,-0.132353656,INTERNE
95,5,-0.037637499,INTERNE
95,6,-0.093171424,INTERNE
95,7,0.0119742746,INTERNE
95,8,0.5790739537,INTERNE
95,9,0.6406405904,INTERNE
95,10,0.2789791819,INTERNE
95,11,0.4935689503,INTERNE
95,12,-0.072733387,INTERNE
95,13,0.5293340841,INTERNE
95,14,0.5972760309,INTERNE
95,15,0.1628340114,INTERNE
95,16,-0.138343788,INTERNE
95,17,-0.291387864,INTERNE
95,18,0.061776068,INTERNE
95,19,0.1028986685,INTERNE
95,20,0.3096779206,INTERNE
95,21,-0.251889693,INTERNE
95,22,-0.120376277,INTERNE
95,23,-0.383321705,INTERNE
95,24,0.0281427073,INTERNE
95,25,0.0930570638,INTERNE
95,26,0.2452247035,INTERNE
95,27,-0.051384503,INTERNE
95,28,0.2078626452,INTERNE
95,29,-0.285463369,INTERNE
95,30,-0.195269114,INTERNE
95,31,-0.040649362,INTERNE
95,32,0.2942974114,INTERNE
95,33,0.4340247845,INTERNE
95,34,0.0629404367,INTERNE
95,35,0.5485554035,INTERNE
95,36,-0.030220642,INTERNE
95,37,-0.155314891,INTERNE
95,38,-0.072394872,INTERNE
95,39,-0.297289981,INTERNE
95,40,-0.149232168,INTERNE
95,41,-0.156157773,INTERNE
95,42,0.1196825104,INTERNE
95,43,0.0275003349,INTERNE
95,44,-0.284748841,INTERNE
95,45,-0.127828339,INTERNE
95,46,0.4344783654,INTERNE
95,47,-0.02502236,INTERNE
95,48,-0.289074174,INTERNE
95,49,0.6576990347,INTERNE
95,50,0.6991276098,INTERNE
95,51,-0.370359464,INTERNE
95,52,-0.168927512,INTERNE
95,53,0.2133975259,INTERNE
95,54,-0.008971981,INTERNE
95,55,-0.010810814,INTERNE
95,56,-0.559686249,INTERNE
95,57,0.4413815946,INTERNE
95,58,0.0961072406,INTERNE
95,59,0.0770978583,INTERNE
95,60,0.1016676935,INTERNE
95,61,-0.253257152,INTERNE
95,62,0.3102329786,INTERNE
95,63,0.4659047271,INTERNE
95,64,-0.196506042,INTERNE
95,65,0.0464702545,INTERNE
95,66,0.0521496021,INTERNE
95,67,-0.292142991,INTERNE
95,68,0.3744428794,INTERNE
95,69,0.0326035677,INTERNE
95,70,0.6029951829,INTERNE
95,71,-0.173425505,INTERNE
95,72,-0.245751652,INTERNE
95,73,0.6607518325,INTERNE
95,74,0.0618558568,INTERNE
95,75,-0.106893887,INTERNE
95,76,-0.020374108,INTERNE
95,77,-0.106145036,INTERNE
95,78,-0.119652835,INTERNE
95,79,-0.171639765,INTERNE
95,80,0.2188712968,INTERNE
95,81,0.0304491077,INTERNE
95,82,-0.268141143,INTERNE
95,83,-0.328217589,INTERNE
95,84,0.0050292164,INTERNE
95,85,0.4392368442,INTERNE
95,86,-0.227088364,INTERNE
95,87,-0.050754861,INTERNE
95,88,0.1967341592,INTERNE
95,89,-0.102129637,INTERNE
95,90,-0.155025764,INTERNE
95,91,-0.028919648,INTERNE
95,92,0.0307868107,INTERNE
95,93,-0.124928384,INTERNE
95,94,0.1090161249,INTERNE
95,95,-0.269634315,INTERNE
95,96,-0.149938088,INTERNE
95,97,0.8366097063,INTERNE
95,98,-0.310391047,INTERNE
95,99,0.2277555001,INTERNE
95,100,0.2107268331,INTERNE
96,1,0.2164829517,INTERNE
96,2,0.0554190508,INTERNE
96,3,-0.144795016,INTERNE
96,4,-0.242580127,INTERNE
96,5,0.6276803424,INTERNE
96,6,-0.331294485,INTERNE
96,7,-0.216492866,INTERNE
96,8,0.1844143402,INTERNE
96,9,-0.001530366,INTERNE
96,10,-0.41768784,INTERNE
96,11,0.7057525422,INTERNE
96,12,0.7615340878,INTERNE
96,13,-0.102035255,INTERNE
96,14,0.1883449911,INTERNE
96,15,-0.057687593,INTERNE
96,16,-0.264068415,INTERNE
96,17,0.2276689489,INTERNE
96,18,-0.275407109,INTERNE
96,19,-0.051846415,INTERNE
96,20,-0.191140511,INTERNE
96,21,0.1247134579,INTERNE
96,22,-0.142635339,INTERNE
96,23,0.4038076561,INTERNE
96,24,0.2326516131,INTERNE
96,25,-0.057019648,INTERNE
96,26,0.0843663681,INTERNE
96,27,-0.153091612,INTERNE
96,28,0.6531553219,INTERNE
96,29,-0.160158465,INTERNE
96,30,0.2023650841,INTERNE
96,31,0.2369222729,INTERNE
96,32,-0.170610706,INTERNE
96,33,-0.171856968,INTERNE
96,34,-0.236063696,INTERNE
96,35,0.2074579669,INTERNE
96,36,-0.01553991,INTERNE
96,37,-0.273681991,INTERNE
96,38,-0.217427609,INTERNE
96,39,-0.150466574,INTERNE
96,40,-0.307659361,INTERNE
96,41,-0.292202629,INTERNE
96,42,0.0156498679,INTERNE
96,43,-0.133602798,INTERNE
96,44,-0.365523471,INTERNE
96,45,-0.339865805,INTERNE
96,46,0.3695564812,INTERNE
96,47,0.3231892718,INTERNE
96,48,0.452166902,INTERNE
96,49,-0.331084435,INTERNE
96,50,0.0742615465,INTERNE
96,51,-0.054847475,INTERNE
96,52,0.7734735072,INTERNE
96,53,-0.184973678,INTERNE
96,54,-0.012454448,INTERNE
96,55,0.1149020497,INTERNE
96,56,0.4871612566,INTERNE
96,57,-0.166643476,INTERNE
96,58,0.0114357773,INTERNE
96,59,-0.154324013,INTERNE
96,60,-0.213001298,INTERNE
96,61,0.0254763567,INTERNE
96,62,0.2876845028,INTERNE
96,63,0.2276070514,INTERNE
96,64,0.0769426974,INTERNE
96,65,-0.028465274,INTERNE
96,66,-0.054265971,INTERNE
96,67,-0.15955699,INTERNE
96,68,-0.064121826,INTERNE
96,69,0.0716648993,INTERNE
96,70,0.4693930195,INTERNE
96,71,0.0420423919,INTERNE
96,72,0.418881231,INTERNE
96,73,0.2472599441,INTERNE
96,74,0.0529064081,INTERNE
96,75,-0.120388726,INTERNE
96,76,0.3153903937,INTERNE
96,77,0.4618358264,INTERNE
96,78,-0.351020032,INTERNE
96,79,-0.200068976,INTERNE
96,80,-0.36452274,INTERNE
96,81,0.2624833708,INTERNE
96,82,0.0143074589,INTERNE
96,83,-0.238222066,INTERNE
96,84,0.4291832185,INTERNE
96,85,0.0932210446,INTERNE
96,86,-0.080342756,INTERNE
96,87,0.5991923381,INTERNE
96,88,0.1377280285,INTERNE
96,89,0.2401349965,INTERNE
96,90,-0.368690153,INTERNE
96,91,0.3067614902,INTERNE
96,92,-0.378171697,INTERNE
96,93,-0.025053965,INTERNE
96,94,-0.165207979,INTERNE
96,95,-0.186035671,INTERNE
96,96,-0.334331285,INTERNE
96,97,0.0984303196,INTERNE
96,98,-0.40021192,INTERNE
96,99,-0.309527486,INTERNE
96,100,0.0356483596,INTERNE
97,1,-0.368741975,INTERNE
97,2,-0.043209735,INTERNE
97,3,-0.028576297,INTERNE
97,4,-0.267272234,INTERNE
97,5,0.0781829401,INTERNE
97,6,-0.102875522,INTERNE
97,7,-0.01037298,INTERNE
97,8,0.4519309727,INTERNE
97,9,-0.204266616,INTERNE
97,10,-0.08723824,INTERNE
97,11,-0.173282244,INTERNE
97,12,0.5182637279,INTERNE
97,13,0.2546044421,INTERNE
97,14,0.0628167858,INTERNE
97,15,0.1584621442,INTERNE
97,16,-0.188694911,INTERNE
97,17,0.5410762311,INTERNE
97,18,0.5578385989,INTERNE
97,19,0.7993860263,INTERNE
97,20,-0.200427341,INTERNE
97,21,0.1797602624,INTERNE
97,22,0.252164212,INTERNE
97,23,-0.055560622,INTERNE
97,24,0.5243791296,INTERNE
97,25,-0.049490246,INTERNE
97,26,-0.142036232,INTERNE
97,27,-0.083017856,INTERNE
97,28,-0.000673957,INTERNE
97,29,0.3805082246,INTERNE
97,30,-0.229078066,INTERNE
97,31,-0.045156673,INTERNE
97,32,0.3508212927,INTERNE
97,33,-0.167533737,INTERNE
97,34,-0.261857467,INTERNE
97,35,-0.11749353,INTERNE
97,36,-0.11456591,INTERNE
97,37,-0.03271631,INTERNE
97,38,0.125514086,INTERNE
97,39,0.0532251414,INTERNE
97,40,0.081608831,INTERNE
97,41,0.4559553959,INTERNE
97,42,0.1458550051,INTERNE
97,43,0.0458852288,INTERNE
97,44,-0.053827335,INTERNE
97,45,-0.013975105,INTERNE
97,46,-0.050071183,INTERNE
97,47,0.0662280521,INTERNE
97,48,-0.290879873,INTERNE
97,49,0.2330797292,INTERNE
97,50,0.1822618709,INTERNE
97,51,-0.039444181,INTERNE
97,52,0.2188100288,INTERNE
97,53,-0.285027476,INTERNE
97,54,0.5538933789,INTERNE
97,55,-0.287059473,INTERNE
97,56,0.1854099389,INTERNE
97,57,0.1600612388,INTERNE
97,58,-0.261508536,INTERNE
97,59,0.2304853763,INTERNE
97,60,0.846789942,INTERNE
97,61,0.26310902,INTERNE
97,62,0.052900075,INTERNE
97,63,0.2104126906,INTERNE
97,64,-0.123738195,INTERNE
97,65,0.0586098437,INTERNE
97,66,-0.523227723,INTERNE
97,67,-0.425489581,INTERNE
97,68,-0.309072815,INTERNE
97,69,-0.07547997,INTERNE
97,70,0.6478781515,INTERNE
97,71,-0.101135492,INTERNE
97,72,0.3197523915,INTERNE
97,73,0.4684833744,INTERNE
97,74,0.3029600753,INTERNE
97,75,-0.15729004,INTERNE
97,76,-0.14613603,INTERNE
97,77,0.2576800766,INTERNE
97,78,0.120056638,INTERNE
97,79,0.011565866,INTERNE
97,80,0.6547045764,INTERNE
97,81,0.113435803,INTERNE
97,82,0.0221426623,INTERNE
97,83,0.1585190448,INTERNE
97,84,0.2101588049,INTERNE
97,85,0.0270168074,INTERNE
97,86,0.0498111947,INTERNE
97,87,-0.146706944,INTERNE
97,88,-0.204349987,INTERNE
97,89,-0.351172562,INTERNE
97,90,0.1437002879,INTERNE
97,91,0.100657999,INTERNE
97,92,0.0171149173,INTERNE
97,93,-0.305164371,INTERNE
97,94,0.0006874671,INTERNE
97,95,-0.314549497,INTERNE
97,96,0.4075199719,INTERNE
97,97,0.0440052556,INTERNE
97,98,-0.068870828,INTERNE
97,99,-0.335226404,INTERNE
97,100,-0.132272719,INTERNE
98,1,0.1998674186,INTERNE
98,2,-0.289198805,INTERNE
98,3,-0.229857605,INTERNE
98,4,0.4095382481,INTERNE
98,5,-0.062379027,INTERNE
98,6,0.0768960585,INTERNE
98,7,-0.172735098,INTERNE
98,8,-0.007813546,INTERNE
98,9,-0.053844188,INTERNE
98,10,-0.094441872,INTERNE
98,11,0.0339658399,INTERNE
98,12,0.2245832661,INTERNE
98,13,-0.437158447,INTERNE
98,14,-0.201000228,INTERNE
98,15,0.8079887344,INTERNE
98,16,0.1594610792,INTERNE
98,17,0.2444956127,INTERNE
98,18,0.1367474371,INTERNE
98,19,-0.176670861,INTERNE
98,20,-0.171971615,INTERNE
98,21,-0.279644732,INTERNE
98,22,0.6706948586,INTERNE
98,23,-0.075386175,INTERNE
98,24,0.1690416222,INTERNE
98,25,0.2463568803,INTERNE
98,26,0.0958722673,INTERNE
98,27,0.2454793602,INTERNE
98,28,-0.113421072,INTERNE
98,29,0.3801300406,INTERNE
98,30,-0.18585725,INTERNE
98,31,-0.028326042,INTERNE
98,32,-0.065953438,INTERNE
98,33,-0.141406804,INTERNE
98,34,-0.154170814,INTERNE
98,35,0.1677358882,INTERNE
98,36,-0.255408053,INTERNE
98,37,-0.263116992,INTERNE
98,38,0.0240582558,INTERNE
98,39,0.3375824486,INTERNE
98,40,0.06777893,INTERNE
98,41,-0.021498752,INTERNE
98,42,-0.061898726,INTERNE
98,43,0.1943254861,INTERNE
98,44,-0.122489254,INTERNE
98,45,-0.169786242,INTERNE
98,46,0.2766342671,INTERNE
98,47,-0.272281216,INTERNE
98,48,-0.071522779,INTERNE
98,49,0.0501791958,INTERNE
98,50,-0.240147997,INTERNE
98,51,-0.13002738,INTERNE
98,52,0.3034164068,INTERNE
98,53,0.2246132171,INTERNE
98,54,0.0795870275,INTERNE
98,55,0.3207076218,INTERNE
98,56,0.0523970286,INTERNE
98,57,0.0404975742,INTERNE
98,58,0.0523384186,INTERNE
98,59,0.4302134887,INTERNE
98,60,-0.291946934,INTERNE
98,61,0.189649086,INTERNE
98,62,0.2695663511,INTERNE
98,63,0.0110696387,INTERNE
98,64,0.2012601793,INTERNE
98,65,0.1401262931,INTERNE
98,66,-0.226236881,INTERNE
98,67,-0.357675632,INTERNE
98,68,0.1558001606,INTERNE
98,69,-0.160009841,INTERNE
98,70,-0.055676347,INTERNE
98,71,-0.080008047,INTERNE
98,72,-0.094976413,INTERNE
98,73,0.3959394012,INTERNE
98,74,0.0928159884,INTERNE
98,75,0.0517681546,INTERNE
98,76,-0.15247605,INTERNE
98,77,-0.177540487,INTERNE
98,78,-0.241962944,INTERNE
98,79,0.2031078002,INTERNE
98,80,-0.135097178,INTERNE
98,81,-0.209253285,INTERNE
98,82,0.603710629,INTERNE
98,83,0.1241554161,INTERNE
98,84,0.1615312679,INTERNE
98,85,-0.105955348,INTERNE
98,86,-0.240013724,INTERNE
98,87,0.3530404709,INTERNE
98,88,-0.177386274,INTERNE
98,89,0.1411028107,INTERNE
98,90,-0.266437183,INTERNE
98,91,-0.151857526,INTERNE
98,92,-0.135807189,INTERNE
98,93,-0.153076765,INTERNE
98,94,-0.193050742,INTERNE
98,95,-0.174941094,INTERNE
98,96,-0.062745872,INTERNE
98,97,0.0143751123,INTERNE
98,98,-0.374086219,INTERNE
98,99,0.474723675,INTERNE
98,100,-0.311299905,INTERNE
99,1,-0.096648569,INTERNE
99,2,0.0322396838,INTERNE
99,3,0.0480515433,INTERNE
99,4,0.344794524,INTERNE
99,5,0.3020945135,INTERNE
99,6,-0.198504564,INTERNE
99,7,-0.149858767,INTERNE
99,8,-0.195745048,INTERNE
99,9,-0.225270684,INTERNE
99,10,-0.167980928,INTERNE
99,11,0.0937433357,INTERNE
99,12,-0.248982644,INTERNE
99,13,-0.160504108,INTERNE
99,14,0.1944581983,INTERNE
99,15,0.0332509247,INTERNE
99,16,0.1722682946,INTERNE
99,17,-0.120689491,INTERNE
99,18,-0.404820069,INTERNE
99,19,-0.229594781,INTERNE
99,20,-0.319271553,INTERNE
99,21,-0.104508321,INTERNE
99,22,-0.041895159,INTERNE
99,23,-0.258826506,INTERNE
99,24,0.1016287663,INTERNE
99,25,0.0858587234,INTERNE
99,26,0.013033453,INTERNE
99,27,-0.233503746,INTERNE
99,28,-0.026206688,INTERNE
99,29,0.1915932757,INTERNE
99,30,-0.320573653,INTERNE
99,31,0.1388840868,INTERNE
99,32,0.4601437371,INTERNE
99,33,0.132411057,INTERNE
99,34,0.1248004022,INTERNE
99,35,0.2298885626,INTERNE
99,36,0.3418761933,INTERNE
99,37,-0.097986637,INTERNE
99,38,-0.304947879,INTERNE
99,39,0.0503775833,INTERNE
99,40,0.0757474054,INTERNE
99,41,0.0818091919,INTERNE
99,42,0.3756949421,INTERNE
99,43,-0.505632664,INTERNE
99,44,0.2478559997,INTERNE
99,45,-0.324656039,INTERNE
99,46,-0.268706541,INTERNE
99,47,-0.27166018,INTERNE
99,48,0.0492190188,INTERNE
99,49,-0.181082602,INTERNE
99,50,-0.010661553,INTERNE
99,51,0.5087351872,INTERNE
99,52,-0.014753096,INTERNE
99,53,1.0226685022,INTERNE
99,54,-0.036011426,INTERNE
99,55,-0.20371335,INTERNE
99,56,-0.383074702,INTERNE
99,57,-0.042244851,INTERNE
99,58,0.7336339605,INTERNE
99,59,0.0674593341,INTERNE
99,60,-0.033851534,INTERNE
99,61,-0.065653237,INTERNE
99,62,0.0166617979,INTERNE
99,63,0.0366301125,INTERNE
99,64,0.0778677913,INTERNE
99,65,-0.220707711,INTERNE
99,66,-0.13515,INTERNE
99,67,0.2129306818,INTERNE
99,68,-0.034671033,INTERNE
99,69,0.335538435,INTERNE
99,70,0.0392810219,INTERNE
99,71,0.5318436747,INTERNE
99,72,-0.186764876,INTERNE
99,73,0.1943659273,INTERNE
99,74,0.066875463,INTERNE
99,75,-0.129407082,INTERNE
99,76,-0.219225777,INTERNE
99,77,-0.103781693,INTERNE
99,78,-0.16938892,INTERNE
99,79,-0.201182526,INTERNE
99,80,0.1075301139,INTERNE
99,81,0.2341375738,INTERNE
99,82,-0.244051883,INTERNE
99,83,-0.181669811,INTERNE
99,84,-0.203748008,INTERNE
99,85,0.1032799389,INTERNE
99,86,-0.400049488,INTERNE
99,87,-0.223741973,INTERNE
99,88,0.5275193723,INTERNE
99,89,0.0435052438,INTERNE
99,90,-0.175310874,INTERNE
99,91,0.1258337983,INTERNE
99,92,0.1881310387,INTERNE
99,93,-0.318144506,INTERNE
99,94,0.172469067,INTERNE
99,95,0.9815750004,INTERNE
99,96,-0.112748289,INTERNE
99,97,-0.362603247,INTERNE
99,98,-0.415690545,INTERNE
99,99,0.1397583093,INTERNE
99,100,-0.143565787,INTERNE
100,1,-0.057123213,INTERNE
100,2,0.3888331392,INTERNE
100,3,-0.052271089,INTERNE
100,4,-0.520470755,INTERNE
100,5,0.0087485742,INTERNE
100,6,0.1996641437,INTERNE
100,7,-0.125035243,INTERNE
100,8,-0.155085875,INTERNE
100,9,0.1417249683,INTERNE
100,10,-0.177468531,INTERNE
100,11,-0.014457427,INTERNE
100,12,-0.013187894,INTERNE
100,13,0.0689143126,INTERNE
100,14,-0.291103943,INTERNE
100,15,-0.009448544,INTERNE
100,16,-0.256852493,INTERNE
100,17,-0.297707105,INTERNE
100,18,-0.084598986,INTERNE
100,19,-0.237512038,INTERNE
100,20,-0.011696178,INTERNE
100,21,0.5661160344,INTERNE
100,22,0.0925864981,INTERNE
100,23,-0.061725587,INTERNE
100,24,-0.195525088,INTERNE
100,25,-0.15035698,INTERNE
100,26,-0.07913283,INTERNE
100,27,0.114472863,INTERNE
100,28,-0.370207741,INTERNE
100,29,-0.130035155,INTERNE
100,30,0.3397429535,INTERNE
100,31,-0.48142028,INTERNE
100,32,0.4276052117,INTERNE
100,33,0.3981854565,INTERNE
100,34,-0.040132965,INTERNE
100,35,-0.186906393,INTERNE
100,36,0.3428011543,INTERNE
100,37,0.4058524829,INTERNE
100,38,-0.177034266,INTERNE
100,39,-0.168361818,INTERNE
100,40,0.1261511047,INTERNE
100,41,0.0834290641,INTERNE
100,42,-0.268494418,INTERNE
100,43,-0.337248771,INTERNE
100,44,0.1198073349,INTERNE
100,45,-0.209372048,INTERNE
100,46,0.1648093776,INTERNE
100,47,0.0390974052,INTERNE
100,48,-0.27460011,INTERNE
100,49,-0.059782154,INTERNE
100,50,-0.191261254,INTERNE
100,51,-0.343651368,INTERNE
100,52,0.2702158025,INTERNE
100,53,0.3778962711,INTERNE
100,54,0.4904588965,INTERNE
100,55,-0.199781268,INTERNE
100,56,0.0335152163,INTERNE
100,57,-0.314798391,INTERNE
100,58,-0.151184832,INTERNE
100,59,0.0121578867,INTERNE
100,60,0.4735885317,INTERNE
100,61,0.0354674427,INTERNE
100,62,-0.050945441,INTERNE
100,63,-0.030625147,INTERNE
100,64,-0.164581278,INTERNE
100,65,0.0740005133,INTERNE
100,66,-0.400637045,INTERNE
100,67,0.4211126704,INTERNE
100,68,0.6528566807,INTERNE
100,69,-0.114488522,INTERNE
100,70,0.1919908156,INTERNE
100,71,-0.061620645,INTERNE
100,72,-0.018155168,INTERNE
100,73,-0.00981162,INTERNE
100,74,-0.06496286,INTERNE
100,75,0.0014966384,INTERNE
100,76,-0.100936778,INTERNE
100,77,0.0218894356,INTERNE
100,78,-0.234775266,INTERNE
100,79,0.2815984792,INTERNE
100,80,-0.042794967,INTERNE
100,81,-0.20650918,INTERNE
100,82,-0.074497967,INTERNE
100,83,-0.251525413,INTERNE
100,84,-0.137168236,INTERNE
100,85,0.4262947301,INTERNE
100,86,0.2147210537,INTERNE
100,87,0.0988710267,INTERNE
100,88,-0.199638661,INTERNE
100,89,-0.298685827,INTERNE
100,90,-0.093012292,INTERNE
100,91,-0.290939578,INTERNE
100,92,-0.038505137,INTERNE
100,93,0.0682835619,INTERNE
100,94,-0.197636204,INTERNE
100,95,0.0936605646,INTERNE
100,96,-0.290939508,INTERNE
100,97,-0.028242782,INTERNE
100,98,-0.142034772,INTERNE
100,99,-0.264582141,INTERNE
100,100,-0.074868733,INTERNE
1,1,-0.154413575,EXTERNE
1,2,0.0717026119,EXTERNE
1,3,0.0985376367,EXTERNE
1,4,0.0062924132,EXTERNE
1,5,-0.049824484,EXTERNE
1,6,0.1287698686,EXTERNE
1,7,-0.053479256,EXTERNE
1,8,-0.050391066,EXTERNE
1,9,0.0041868623,EXTERNE
1,10,-0.080315739,EXTERNE
1,11,-0.038961988,EXTERNE
1,12,-0.163174151,EXTERNE
1,13,-0.015834185,EXTERNE
1,14,0.1018951517,EXTERNE
1,15,0.2096079429,EXTERNE
1,16,-0.160485221,EXTERNE
1,17,0.1778735884,EXTERNE
1,18,0.0407429624,EXTERNE
1,19,-0.062947181,EXTERNE
1,20,0.1513568759,EXTERNE
1,21,-0.053753712,EXTERNE
1,22,0.2242407414,EXTERNE
1,23,0.1114390069,EXTERNE
1,24,0.0477575045,EXTERNE
1,25,-0.006111824,EXTERNE
1,26,0.1121746695,EXTERNE
1,27,0.0094346883,EXTERNE
1,28,0.1277143331,EXTERNE
1,29,0.2089186074,EXTERNE
1,30,-0.008908936,EXTERNE
1,31,0.0001263541,EXTERNE
1,32,-0.293700093,EXTERNE
1,33,-0.012371764,EXTERNE
1,34,0.1213991175,EXTERNE
1,35,0.1021696636,EXTERNE
1,36,-0.173096764,EXTERNE
1,37,-0.072462208,EXTERNE
1,38,0.0699294813,EXTERNE
1,39,0.2015946872,EXTERNE
1,40,0.0037160893,EXTERNE
1,41,0.2992557425,EXTERNE
1,42,0.1218896675,EXTERNE
1,43,-0.05970341,EXTERNE
1,44,0.0963144879,EXTERNE
1,45,0.0636595499,EXTERNE
1,46,0.0464754485,EXTERNE
1,47,0.0532308071,EXTERNE
1,48,0.1111035991,EXTERNE
1,49,0.0028182029,EXTERNE
1,50,-0.15713591,EXTERNE
1,51,0.092925395,EXTERNE
1,52,-0.026483049,EXTERNE
1,53,0.0652107498,EXTERNE
1,54,0.0281852513,EXTERNE
1,55,0.1618033824,EXTERNE
1,56,0.005171703,EXTERNE
1,57,0.1136392706,EXTERNE
1,58,0.1335747807,EXTERNE
1,59,-0.082252604,EXTERNE
1,60,0.1419455239,EXTERNE
1,61,0.0754225052,EXTERNE
1,62,-0.187931057,EXTERNE
1,63,0.0593783288,EXTERNE
1,64,0.012355384,EXTERNE
1,65,0.0405896922,EXTERNE
1,66,0.2108078692,EXTERNE
1,67,0.127505249,EXTERNE
1,68,0.2290967483,EXTERNE
1,69,0.283039991,EXTERNE
1,70,-0.099481592,EXTERNE
1,71,-0.062182505,EXTERNE
1,72,-0.076465021,EXTERNE
1,73,0.2118487804,EXTERNE
1,74,-0.145484231,EXTERNE
1,75,0.0141637899,EXTERNE
1,76,-0.085009484,EXTERNE
1,77,-0.000990743,EXTERNE
1,78,-0.034602199,EXTERNE
1,79,0.0966608424,EXTERNE
1,80,-0.123771651,EXTERNE
1,81,0.2678153069,EXTERNE
1,82,0.0400446063,EXTERNE
1,83,0.0046220801,EXTERNE
1,84,0.1132771664,EXTERNE
1,85,-0.026922544,EXTERNE
1,86,0.1671510691,EXTERNE
1,87,-0.040476974,EXTERNE
1,88,-0.083355922,EXTERNE
1,89,-0.203774727,EXTERNE
1,90,0.1102535788,EXTERNE
1,91,-0.036925147,EXTERNE
1,92,0.0100734772,EXTERNE
1,93,-0.016032133,EXTERNE
1,94,0.0832229303,EXTERNE
1,95,0.0359631478,EXTERNE
1,96,0.0414320231,EXTERNE
1,97,-0.044333416,EXTERNE
1,98,0.2867990835,EXTERNE
1,99,0.0166274379,EXTERNE
1,100,0.0611078251,EXTERNE
2,1,-0.126521222,EXTERNE
2,2,0.0232730992,EXTERNE
2,3,0.011258961,EXTERNE
2,4,-0.13898041,EXTERNE
2,5,-0.095593306,EXTERNE
2,6,-0.051629844,EXTERNE
2,7,0.0108030873,EXTERNE
2,8,0.1743335556,EXTERNE
2,9,0.0927643071,EXTERNE
2,10,0.2641369273,EXTERNE
2,11,0.2000686859,EXTERNE
2,12,-0.105283862,EXTERNE
2,13,0.0966036375,EXTERNE
2,14,-0.214671145,EXTERNE
2,15,0.0123908213,EXTERNE
2,16,-0.135622135,EXTERNE
2,17,-0.017912119,EXTERNE
2,18,-0.155695011,EXTERNE
2,19,0.0727041337,EXTERNE
2,20,0.1633402837,EXTERNE
2,21,-0.298168476,EXTERNE
2,22,0.3102245015,EXTERNE
2,23,0.09745478,EXTERNE
2,24,-0.127966052,EXTERNE
2,25,0.0551070583,EXTERNE
2,26,-0.028346136,EXTERNE
2,27,-0.09674224,EXTERNE
2,28,-0.034640563,EXTERNE
2,29,0.2896344991,EXTERNE
2,30,0.0147030697,EXTERNE
2,31,0.0978710498,EXTERNE
2,32,0.0031379857,EXTERNE
2,33,0.0535213627,EXTERNE
2,34,-0.071266407,EXTERNE
2,35,-0.11471645,EXTERNE
2,36,0.0106933101,EXTERNE
2,37,-0.034124182,EXTERNE
2,38,0.3261274835,EXTERNE
2,39,0.0806492848,EXTERNE
2,40,0.1947053156,EXTERNE
2,41,0.2935835063,EXTERNE
2,42,0.0638023141,EXTERNE
2,43,0.0936832717,EXTERNE
2,44,0.0103902796,EXTERNE
2,45,0.3164838959,EXTERNE
2,46,-0.010858978,EXTERNE
2,47,-0.112951849,EXTERNE
2,48,0.0861281138,EXTERNE
2,49,0.0021826935,EXTERNE
2,50,-0.035202627,EXTERNE
2,51,0.1408943871,EXTERNE
2,52,-0.055326119,EXTERNE
2,53,0.1898123519,EXTERNE
2,54,0.1066622067,EXTERNE
2,55,-0.174133476,EXTERNE
2,56,-0.055102411,EXTERNE
2,57,-0.069814932,EXTERNE
2,58,0.0322219175,EXTERNE
2,59,0.2803294105,EXTERNE
2,60,0.0234106417,EXTERNE
2,61,0.1779707831,EXTERNE
2,62,0.1074245868,EXTERNE
2,63,0.0124766198,EXTERNE
2,64,0.1701771213,EXTERNE
2,65,0.1959540872,EXTERNE
2,66,-0.256224474,EXTERNE
2,67,-0.09353741,EXTERNE
2,68,0.1637259737,EXTERNE
2,69,0.2750701689,EXTERNE
2,70,0.0894208944,EXTERNE
2,71,0.1626232917,EXTERNE
2,72,0.0237961143,EXTERNE
2,73,0.1959504667,EXTERNE
2,74,0.1818544114,EXTERNE
2,75,0.0265563316,EXTERNE
2,76,0.2702328495,EXTERNE
2,77,0.0889199911,EXTERNE
2,78,-0.239881262,EXTERNE
2,79,0.4215670196,EXTERNE
2,80,0.2446696772,EXTERNE
2,81,-0.040897502,EXTERNE
2,82,0.352387864,EXTERNE
2,83,-0.089387242,EXTERNE
2,84,-0.203842441,EXTERNE
2,85,0.1025073784,EXTERNE
2,86,0.101893764,EXTERNE
2,87,0.151287628,EXTERNE
2,88,0.0449731404,EXTERNE
2,89,0.2049480235,EXTERNE
2,90,0.1124609589,EXTERNE
2,91,0.0160544968,EXTERNE
2,92,0.0766749859,EXTERNE
2,93,-0.267572531,EXTERNE
2,94,-0.001130415,EXTERNE
2,95,0.2303410735,EXTERNE
2,96,0.0339251226,EXTERNE
2,97,0.1945534217,EXTERNE
2,98,0.0093187153,EXTERNE
2,99,-0.066441089,EXTERNE
2,100,-0.083453547,EXTERNE
3,1,0.0696578453,EXTERNE
3,2,0.2509542928,EXTERNE
3,3,0.0512425444,EXTERNE
3,4,0.0591754997,EXTERNE
3,5,0.1214207315,EXTERNE
3,6,-0.086865959,EXTERNE
3,7,0.1586589492,EXTERNE
3,8,0.0359770817,EXTERNE
3,9,-0.019149485,EXTERNE
3,10,0.2787822559,EXTERNE
3,11,-0.06698519,EXTERNE
3,12,0.1568678384,EXTERNE
3,13,0.0465332019,EXTERNE
3,14,0.1200410833,EXTERNE
3,15,0.0610206773,EXTERNE
3,16,-0.015197728,EXTERNE
3,17,0.073926885,EXTERNE
3,18,0.1017318199,EXTERNE
3,19,-0.228403047,EXTERNE
3,20,0.3210106756,EXTERNE
3,21,-0.107880779,EXTERNE
3,22,-0.117337006,EXTERNE
3,23,-0.146350121,EXTERNE
3,24,0.0176480527,EXTERNE
3,25,0.0514383067,EXTERNE
3,26,-0.097097235,EXTERNE
3,27,-0.096639317,EXTERNE
3,28,-0.008228533,EXTERNE
3,29,-0.094147675,EXTERNE
3,30,-0.158885562,EXTERNE
3,31,0.0898646192,EXTERNE
3,32,-0.097784295,EXTERNE
3,33,0.1799626623,EXTERNE
3,34,-0.140200377,EXTERNE
3,35,0.1129085389,EXTERNE
3,36,0.1083728676,EXTERNE
3,37,0.0035009305,EXTERNE
3,38,0.1049649979,EXTERNE
3,39,-0.095490251,EXTERNE
3,40,-0.035764609,EXTERNE
3,41,-0.13665045,EXTERNE
3,42,-0.063112189,EXTERNE
3,43,-0.326787122,EXTERNE
3,44,0.0944185558,EXTERNE
3,45,0.0857883264,EXTERNE
3,46,0.2440381817,EXTERNE
3,47,-0.046912594,EXTERNE
3,48,-0.09301483,EXTERNE
3,49,0.1364971654,EXTERNE
3,50,0.0676293545,EXTERNE
3,51,-0.056261859,EXTERNE
3,52,0.0539126738,EXTERNE
3,53,0.0972279709,EXTERNE
3,54,0.4768399894,EXTERNE
3,55,0.0260596788,EXTERNE
3,56,0.0216573356,EXTERNE
3,57,0.1392273776,EXTERNE
3,58,0.0916138396,EXTERNE
3,59,0.1308601663,EXTERNE
3,60,-0.064349181,EXTERNE
3,61,-0.133015177,EXTERNE
3,62,-0.029898464,EXTERNE
3,63,0.1454095927,EXTERNE
3,64,0.0846605523,EXTERNE
3,65,-0.058555987,EXTERNE
3,66,0.1727464767,EXTERNE
3,67,-0.298401686,EXTERNE
3,68,0.0616740485,EXTERNE
3,69,0.0619344103,EXTERNE
3,70,-0.12150458,EXTERNE
3,71,0.0600456468,EXTERNE
3,72,0.0723589223,EXTERNE
3,73,0.1299533991,EXTERNE
3,74,0.1094310509,EXTERNE
3,75,0.1715219916,EXTERNE
3,76,-0.148270709,EXTERNE
3,77,0.08281362,EXTERNE
3,78,0.2157714588,EXTERNE
3,79,0.2129202846,EXTERNE
3,80,0.1133167544,EXTERNE
3,81,-0.133652176,EXTERNE
3,82,-0.193754225,EXTERNE
3,83,-0.268413187,EXTERNE
3,84,0.0450092127,EXTERNE
3,85,0.1253922299,EXTERNE
3,86,0.0108300245,EXTERNE
3,87,0.0016809472,EXTERNE
3,88,-0.31793021,EXTERNE
3,89,-0.069971632,EXTERNE
3,90,0.1829264143,EXTERNE
3,91,0.3054980435,EXTERNE
3,92,0.2871062101,EXTERNE
3,93,-0.160488297,EXTERNE
3,94,-0.068762742,EXTERNE
3,95,0.1240382065,EXTERNE
3,96,0.0486354064,EXTERNE
3,97,-0.170602102,EXTERNE
3,98,0.2153241472,EXTERNE
3,99,-0.19779168,EXTERNE
3,100,0.2384301569,EXTERNE
4,1,0.0221786057,EXTERNE
4,2,-0.186707482,EXTERNE
4,3,-0.232422964,EXTERNE
4,4,0.0206786711,EXTERNE
4,5,0.11649304,EXTERNE
4,6,0.1567189105,EXTERNE
4,7,0.2017714124,EXTERNE
4,8,-0.203602195,EXTERNE
4,9,0.1051907327,EXTERNE
4,10,0.0188817814,EXTERNE
4,11,-0.105478118,EXTERNE
4,12,-0.048225619,EXTERNE
4,13,0.1212049571,EXTERNE
4,14,0.2805679271,EXTERNE
4,15,0.1305106205,EXTERNE
4,16,0.1994392921,EXTERNE
4,17,0.0663882229,EXTERNE
4,18,-0.033181229,EXTERNE
4,19,0.1656932665,EXTERNE
4,20,-0.117649944,EXTERNE
4,21,-0.025661531,EXTERNE
4,22,-0.057247347,EXTERNE
4,23,-0.216960835,EXTERNE
4,24,0.1184062359,EXTERNE
4,25,0.0324120506,EXTERNE
4,26,-0.093143863,EXTERNE
4,27,0.3173887034,EXTERNE
4,28,-0.061619599,EXTERNE
4,29,0.1164220857,EXTERNE
4,30,0.4033747882,EXTERNE
4,31,0.0513270542,EXTERNE
4,32,-0.091694284,EXTERNE
4,33,0.1503464785,EXTERNE
4,34,-0.116124394,EXTERNE
4,35,-0.122955998,EXTERNE
4,36,-0.217649555,EXTERNE
4,37,-0.090111776,EXTERNE
4,38,-0.029186785,EXTERNE
4,39,-0.150561623,EXTERNE
4,40,-0.051605486,EXTERNE
4,41,0.2177692298,EXTERNE
4,42,-0.16625981,EXTERNE
4,43,0.015315987,EXTERNE
4,44,-0.107748575,EXTERNE
4,45,0.0851938775,EXTERNE
4,46,-0.133669652,EXTERNE
4,47,0.211353674,EXTERNE
4,48,0.0208792551,EXTERNE
4,49,0.245562186,EXTERNE
4,50,0.1189872879,EXTERNE
4,51,-0.064139461,EXTERNE
4,52,-0.093793946,EXTERNE
4,53,-0.121336098,EXTERNE
4,54,0.2389381383,EXTERNE
4,55,0.0543939618,EXTERNE
4,56,0.1331737849,EXTERNE
4,57,-0.08189068,EXTERNE
4,58,0.1351996686,EXTERNE
4,59,-0.132156969,EXTERNE
4,60,-0.032683636,EXTERNE
4,61,0.0485106734,EXTERNE
4,62,0.0056193904,EXTERNE
4,63,0.0439410794,EXTERNE
4,64,-0.006571922,EXTERNE
4,65,-0.178392652,EXTERNE
4,66,0.1003268377,EXTERNE
4,67,-0.167585167,EXTERNE
4,68,0.0975481077,EXTERNE
4,69,0.0820887994,EXTERNE
4,70,0.0328319049,EXTERNE
4,71,0.3083743037,EXTERNE
4,72,0.0042986634,EXTERNE
4,73,0.0573412285,EXTERNE
4,74,0.1528193245,EXTERNE
4,75,0.1022743655,EXTERNE
4,76,0.2503413563,EXTERNE
4,77,-0.008316863,EXTERNE
4,78,0.199594614,EXTERNE
4,79,0.0748758764,EXTERNE
4,80,0.1608244144,EXTERNE
4,81,0.0554543643,EXTERNE
4,82,0.0509439466,EXTERNE
4,83,-0.097127627,EXTERNE
4,84,-0.297694245,EXTERNE
4,85,0.1039143209,EXTERNE
4,86,-0.089925673,EXTERNE
4,87,-0.089528841,EXTERNE
4,88,0.0794442209,EXTERNE
4,89,0.1371478285,EXTERNE
4,90,-0.286698303,EXTERNE
4,91,-0.053449649,EXTERNE
4,92,-0.125146591,EXTERNE
4,93,0.012452483,EXTERNE
4,94,-0.13741931,EXTERNE
4,95,0.1738197313,EXTERNE
4,96,-0.072913793,EXTERNE
4,97,0.1328963462,EXTERNE
4,98,0.1221360071,EXTERNE
4,99,0.3823071867,EXTERNE
4,100,-0.025233587,EXTERNE
5,1,0.0952427309,EXTERNE
5,2,0.180944654,EXTERNE
5,3,0.0677529049,EXTERNE
5,4,0.0945190399,EXTERNE
5,5,-0.049080774,EXTERNE
5,6,0.3897565268,EXTERNE
5,7,0.1457853061,EXTERNE
5,8,-0.100834692,EXTERNE
5,9,-0.15584452,EXTERNE
5,10,-0.001721025,EXTERNE
5,11,0.1705790621,EXTERNE
5,12,-0.110080392,EXTERNE
5,13,0.2964769838,EXTERNE
5,14,-0.063003411,EXTERNE
5,15,-0.170897408,EXTERNE
5,16,-0.07200022,EXTERNE
5,17,0.1828409448,EXTERNE
5,18,0.0394783854,EXTERNE
5,19,0.2076227851,EXTERNE
5,20,0.0151770641,EXTERNE
5,21,0.1325570164,EXTERNE
5,22,-0.190062988,EXTERNE
5,23,-0.109611982,EXTERNE
5,24,-0.025882161,EXTERNE
5,25,0.1077700083,EXTERNE
5,26,0.0284956436,EXTERNE
5,27,0.0883841275,EXTERNE
5,28,-0.217560568,EXTERNE
5,29,0.1106638975,EXTERNE
5,30,0.0239324988,EXTERNE
5,31,0.0810144274,EXTERNE
5,32,0.3465818305,EXTERNE
5,33,0.1651670762,EXTERNE
5,34,0.4366116532,EXTERNE
5,35,0.1150471833,EXTERNE
5,36,0.0137608988,EXTERNE
5,37,0.2220475884,EXTERNE
5,38,-0.096430451,EXTERNE
5,39,0.1834097805,EXTERNE
5,40,-0.024512362,EXTERNE
5,41,0.0812398242,EXTERNE
5,42,-0.062502246,EXTERNE
5,43,-0.03719255,EXTERNE
5,44,0.0591740662,EXTERNE
5,45,0.0696873722,EXTERNE
5,46,-0.102359024,EXTERNE
5,47,0.1045078139,EXTERNE
5,48,0.0050166981,EXTERNE
5,49,0.2299132742,EXTERNE
5,50,0.167605648,EXTERNE
5,51,0.0536429228,EXTERNE
5,52,0.1925290825,EXTERNE
5,53,-0.198235049,EXTERNE
5,54,0.3531455398,EXTERNE
5,55,0.2318949978,EXTERNE
5,56,0.0127136658,EXTERNE
5,57,0.0571905698,EXTERNE
5,58,-0.059444005,EXTERNE
5,59,0.0855392279,EXTERNE
5,60,-0.10730705,EXTERNE
5,61,0.2149584215,EXTERNE
5,62,-0.090302554,EXTERNE
5,63,0.0523167698,EXTERNE
5,64,0.1456765755,EXTERNE
5,65,0.0377048764,EXTERNE
5,66,-0.231492911,EXTERNE
5,67,-0.089230876,EXTERNE
5,68,-0.022643908,EXTERNE
5,69,0.1672802973,EXTERNE
5,70,-0.053470666,EXTERNE
5,71,0.0609784968,EXTERNE
5,72,-0.275936101,EXTERNE
5,73,0.175460528,EXTERNE
5,74,0.1526796202,EXTERNE
5,75,0.1106533175,EXTERNE
5,76,0.1096975842,EXTERNE
5,77,-0.180378878,EXTERNE
5,78,0.3273518473,EXTERNE
5,79,0.0540383917,EXTERNE
5,80,0.1659273027,EXTERNE
5,81,-0.124408393,EXTERNE
5,82,0.0329043387,EXTERNE
5,83,0.0499807197,EXTERNE
5,84,0.0105525073,EXTERNE
5,85,0.138337641,EXTERNE
5,86,0.3608968195,EXTERNE
5,87,0.0450520473,EXTERNE
5,88,0.2721867615,EXTERNE
5,89,-0.054803914,EXTERNE
5,90,0.1689332623,EXTERNE
5,91,0.1065861394,EXTERNE
5,92,-0.230820524,EXTERNE
5,93,0.5530244644,EXTERNE
5,94,0.022613739,EXTERNE
5,95,0.3770101027,EXTERNE
5,96,0.2592863347,EXTERNE
5,97,-0.112682787,EXTERNE
5,98,-0.161350689,EXTERNE
5,99,0.340373484,EXTERNE
5,100,-0.025082651,EXTERNE
6,1,-0.085095688,EXTERNE
6,2,0.0526314834,EXTERNE
6,3,0.1648590141,EXTERNE
6,4,0.0270723749,EXTERNE
6,5,0.0133244496,EXTERNE
6,6,0.1508837884,EXTERNE
6,7,0.1019588644,EXTERNE
6,8,0.0907032641,EXTERNE
6,9,0.0483860709,EXTERNE
6,10,0.2702392035,EXTERNE
6,11,0.1089085548,EXTERNE
6,12,-0.089087057,EXTERNE
6,13,0.272623162,EXTERNE
6,14,-0.026900638,EXTERNE
6,15,0.289574958,EXTERNE
6,16,0.0215807456,EXTERNE
6,17,0.1952145259,EXTERNE
6,18,-0.130898447,EXTERNE
6,19,-0.096368359,EXTERNE
6,20,0.2397172244,EXTERNE
6,21,-0.135412393,EXTERNE
6,22,-0.189753999,EXTERNE
6,23,0.0942482913,EXTERNE
6,24,0.256827803,EXTERNE
6,25,0.1128458254,EXTERNE
6,26,0.1451286441,EXTERNE
6,27,-0.103904737,EXTERNE
6,28,-0.1845661,EXTERNE
6,29,0.393147996,EXTERNE
6,30,-0.064570436,EXTERNE
6,31,0.1651266452,EXTERNE
6,32,-0.169278115,EXTERNE
6,33,-0.052037655,EXTERNE
6,34,0.0780896653,EXTERNE
6,35,-0.03676502,EXTERNE
6,36,0.037041135,EXTERNE
6,37,0.0774218265,EXTERNE
6,38,-0.042782227,EXTERNE
6,39,-0.030162334,EXTERNE
6,40,-0.085826807,EXTERNE
6,41,-0.218649889,EXTERNE
6,42,0.0895864199,EXTERNE
6,43,-0.015847042,EXTERNE
6,44,0.0209473756,EXTERNE
6,45,-0.035731162,EXTERNE
6,46,0.0487706105,EXTERNE
6,47,0.0312459493,EXTERNE
6,48,-0.058180254,EXTERNE
6,49,-0.011338409,EXTERNE
6,50,0.1140825023,EXTERNE
6,51,0.2386342811,EXTERNE
6,52,0.0123887153,EXTERNE
6,53,0.0793232028,EXTERNE
6,54,0.0050577218,EXTERNE
6,55,-0.137836737,EXTERNE
6,56,0.0167199489,EXTERNE
6,57,-0.216368295,EXTERNE
6,58,0.0007659424,EXTERNE
6,59,-0.043799547,EXTERNE
6,60,-0.085559836,EXTERNE
6,61,0.1155213244,EXTERNE
6,62,-0.208255331,EXTERNE
6,63,0.1688532071,EXTERNE
6,64,0.145285036,EXTERNE
6,65,0.3779164378,EXTERNE
6,66,-0.001447832,EXTERNE
6,67,0.008399896,EXTERNE
6,68,0.103354132,EXTERNE
6,69,0.2447640333,EXTERNE
6,70,0.0830288206,EXTERNE
6,71,-0.163823194,EXTERNE
6,72,-0.07635294,EXTERNE
6,73,0.0542733076,EXTERNE
6,74,0.1858808693,EXTERNE
6,75,0.038147262,EXTERNE
6,76,-0.18877441,EXTERNE
6,77,0.2777527079,EXTERNE
6,78,0.2361952149,EXTERNE
6,79,0.0024335303,EXTERNE
6,80,0.0311123586,EXTERNE
6,81,0.0363106626,EXTERNE
6,82,-0.175281966,EXTERNE
6,83,0.028325249,EXTERNE
6,84,-0.134902198,EXTERNE
6,85,0.1418445281,EXTERNE
6,86,0.1617130163,EXTERNE
6,87,-0.020682072,EXTERNE
6,88,-0.097941461,EXTERNE
6,89,0.2583768536,EXTERNE
6,90,0.1097930239,EXTERNE
6,91,0.0382249936,EXTERNE
6,92,-0.002599754,EXTERNE
6,93,0.1155214521,EXTERNE
6,94,0.0972467011,EXTERNE
6,95,0.1644488923,EXTERNE
6,96,-0.089978327,EXTERNE
6,97,-0.046937369,EXTERNE
6,98,-0.164684682,EXTERNE
6,99,0.1646798773,EXTERNE
6,100,0.2737262968,EXTERNE
7,1,-0.103815854,EXTERNE
7,2,0.1389437873,EXTERNE
7,3,-0.009051388,EXTERNE
7,4,0.119905887,EXTERNE
7,5,-0.082917937,EXTERNE
7,6,0.0316476228,EXTERNE
7,7,0.1039264197,EXTERNE
7,8,0.1236044491,EXTERNE
7,9,0.1278004895,EXTERNE
7,10,0.2155559507,EXTERNE
7,11,0.1293058453,EXTERNE
7,12,0.1887184769,EXTERNE
7,13,0.0248353736,EXTERNE
7,14,0.2510078393,EXTERNE
7,15,0.1903463182,EXTERNE
7,16,0.1653424297,EXTERNE
7,17,0.3265891081,EXTERNE
7,18,-0.152230818,EXTERNE
7,19,0.0427643928,EXTERNE
7,20,0.3135165477,EXTERNE
7,21,-0.080502529,EXTERNE
7,22,0.0175252625,EXTERNE
7,23,0.2214134588,EXTERNE
7,24,0.4571578754,EXTERNE
7,25,-0.239168943,EXTERNE
7,26,0.1526802976,EXTERNE
7,27,0.1047899954,EXTERNE
7,28,0.0474947432,EXTERNE
7,29,0.0118885672,EXTERNE
7,30,-0.30872529,EXTERNE
7,31,0.0793175789,EXTERNE
7,32,0.1142390168,EXTERNE
7,33,0.2158869706,EXTERNE
7,34,0.0393084381,EXTERNE
7,35,0.0838013917,EXTERNE
7,36,0.056977693,EXTERNE
7,37,0.033713103,EXTERNE
7,38,-0.107608876,EXTERNE
7,39,0.0694739193,EXTERNE
7,40,0.0118900284,EXTERNE
7,41,-0.144105269,EXTERNE
7,42,-0.059486485,EXTERNE
7,43,-0.11337377,EXTERNE
7,44,0.0403555096,EXTERNE
7,45,-0.218220632,EXTERNE
7,46,-0.107702314,EXTERNE
7,47,-0.138496798,EXTERNE
7,48,0.0226873209,EXTERNE
7,49,-0.270137545,EXTERNE
7,50,-0.02109291,EXTERNE
7,51,-0.123980223,EXTERNE
7,52,-0.121191617,EXTERNE
7,53,-0.147831537,EXTERNE
7,54,0.1841566533,EXTERNE
7,55,-0.089837494,EXTERNE
7,56,0.2343853613,EXTERNE
7,57,-0.023237367,EXTERNE
7,58,-0.107680978,EXTERNE
7,59,0.2735066621,EXTERNE
7,60,0.0166609064,EXTERNE
7,61,0.0615751963,EXTERNE
7,62,-0.097521959,EXTERNE
7,63,-0.014601225,EXTERNE
7,64,0.0021383171,EXTERNE
7,65,-0.075933176,EXTERNE
7,66,0.0162214796,EXTERNE
7,67,0.0798527389,EXTERNE
7,68,0.0009330929,EXTERNE
7,69,0.0551897099,EXTERNE
7,70,0.1722499064,EXTERNE
7,71,0.0573124251,EXTERNE
7,72,0.0466322228,EXTERNE
7,73,-0.015298366,EXTERNE
7,74,0.1283901987,EXTERNE
7,75,-0.029332725,EXTERNE
7,76,-0.409493014,EXTERNE
7,77,0.0946934295,EXTERNE
7,78,0.3939145456,EXTERNE
7,79,-0.014648097,EXTERNE
7,80,0.1293212438,EXTERNE
7,81,-0.09822627,EXTERNE
7,82,0.1538709102,EXTERNE
7,83,-0.001141147,EXTERNE
7,84,-0.01094639,EXTERNE
7,85,0.0026822697,EXTERNE
7,86,0.1464631537,EXTERNE
7,87,-0.114810501,EXTERNE
7,88,0.0789343664,EXTERNE
7,89,0.068470806,EXTERNE
7,90,0.0729378498,EXTERNE
7,91,-0.05311035,EXTERNE
7,92,-0.077776259,EXTERNE
7,93,0.0984496903,EXTERNE
7,94,0.0324980447,EXTERNE
7,95,0.1832974897,EXTERNE
7,96,-0.154369245,EXTERNE
7,97,-0.169298024,EXTERNE
7,98,-0.123697427,EXTERNE
7,99,0.0824893773,EXTERNE
7,100,-0.00488564,EXTERNE
8,1,-0.085681004,EXTERNE
8,2,-0.193818944,EXTERNE
8,3,0.2011485409,EXTERNE
8,4,0.4914060192,EXTERNE
8,5,-0.226969933,EXTERNE
8,6,-0.140548324,EXTERNE
8,7,0.1262919571,EXTERNE
8,8,0.1582799669,EXTERNE
8,9,0.0542952148,EXTERNE
8,10,0.0165108587,EXTERNE
8,11,0.321058415,EXTERNE
8,12,-0.087112278,EXTERNE
8,13,-0.036755431,EXTERNE
8,14,0.0163250325,EXTERNE
8,15,-0.019979676,EXTERNE
8,16,0.0979379082,EXTERNE
8,17,-0.049540297,EXTERNE
8,18,-0.071344776,EXTERNE
8,19,-0.009031374,EXTERNE
8,20,0.01500321,EXTERNE
8,21,0.0586200039,EXTERNE
8,22,-0.109646927,EXTERNE
8,23,-0.200262234,EXTERNE
8,24,-0.319022382,EXTERNE
8,25,-0.109301633,EXTERNE
8,26,0.1085833394,EXTERNE
8,27,0.1415442034,EXTERNE
8,28,-0.061780322,EXTERNE
8,29,-0.002400063,EXTERNE
8,30,0.0241407072,EXTERNE
8,31,0.0201072887,EXTERNE
8,32,-0.031387549,EXTERNE
8,33,0.1506109213,EXTERNE
8,34,-0.088876495,EXTERNE
8,35,-0.146969978,EXTERNE
8,36,-0.147420068,EXTERNE
8,37,0.0139287001,EXTERNE
8,38,-0.010267844,EXTERNE
8,39,-0.027373392,EXTERNE
8,40,-0.069824287,EXTERNE
8,41,0.3273673765,EXTERNE
8,42,-0.044916251,EXTERNE
8,43,0.2329878125,EXTERNE
8,44,-0.004705071,EXTERNE
8,45,0.1464054981,EXTERNE
8,46,-0.12649655,EXTERNE
8,47,-0.035926265,EXTERNE
8,48,0.0738376112,EXTERNE
8,49,-0.159477254,EXTERNE
8,50,0.4068194902,EXTERNE
8,51,0.0298973567,EXTERNE
8,52,0.0089367696,EXTERNE
8,53,0.0010665241,EXTERNE
8,54,0.1880145713,EXTERNE
8,55,0.1589201595,EXTERNE
8,56,0.1699230007,EXTERNE
8,57,0.0711231672,EXTERNE
8,58,-0.049830665,EXTERNE
8,59,0.034762733,EXTERNE
8,60,-0.14900767,EXTERNE
8,61,-0.065853156,EXTERNE
8,62,0.0233476395,EXTERNE
8,63,-0.114768484,EXTERNE
8,64,-0.088016315,EXTERNE
8,65,0.2250680752,EXTERNE
8,66,0.0426695806,EXTERNE
8,67,0.0924128636,EXTERNE
8,68,-0.136307071,EXTERNE
8,69,0.2082029706,EXTERNE
8,70,0.077234547,EXTERNE
8,71,0.0019506642,EXTERNE
8,72,0.0184419094,EXTERNE
8,73,0.1424419938,EXTERNE
8,74,-0.172786248,EXTERNE
8,75,0.3212367115,EXTERNE
8,76,0.1551739031,EXTERNE
8,77,-0.062945466,EXTERNE
8,78,-0.004266928,EXTERNE
8,79,-0.06380775,EXTERNE
8,80,-0.280419826,EXTERNE
8,81,-0.149930675,EXTERNE
8,82,0.1190923186,EXTERNE
8,83,-0.052747697,EXTERNE
8,84,0.2097884179,EXTERNE
8,85,0.3800267984,EXTERNE
8,86,-0.031556389,EXTERNE
8,87,0.0977258746,EXTERNE
8,88,0.1812263012,EXTERNE
8,89,-0.052282634,EXTERNE
8,90,0.0604774705,EXTERNE
8,91,0.0021652096,EXTERNE
8,92,0.0749448417,EXTERNE
8,93,0.2049210769,EXTERNE
8,94,0.0950603764,EXTERNE
8,95,-0.050227428,EXTERNE
8,96,-0.136284988,EXTERNE
8,97,-0.109431483,EXTERNE
8,98,-0.159457863,EXTERNE
8,99,0.0292323961,EXTERNE
8,100,0.3503274991,EXTERNE
9,1,0.0714392029,EXTERNE
9,2,0.2204457007,EXTERNE
9,3,0.1444889555,EXTERNE
9,4,-0.058267166,EXTERNE
9,5,0.1227662327,EXTERNE
9,6,0.1455171209,EXTERNE
9,7,0.0612115196,EXTERNE
9,8,0.0608700898,EXTERNE
9,9,0.2955009852,EXTERNE
9,10,0.2476073654,EXTERNE
9,11,-0.216256292,EXTERNE
9,12,0.0076928046,EXTERNE
9,13,-0.027652299,EXTERNE
9,14,-0.056220249,EXTERNE
9,15,0.0187866663,EXTERNE
9,16,-0.223290279,EXTERNE
9,17,0.2465228113,EXTERNE
9,18,0.2358026829,EXTERNE
9,19,0.0291555794,EXTERNE
9,20,0.123839347,EXTERNE
9,21,-0.094544507,EXTERNE
9,22,-0.090375491,EXTERNE
9,23,-0.086512109,EXTERNE
9,24,-0.044870288,EXTERNE
9,25,0.3101095379,EXTERNE
9,26,0.1571157949,EXTERNE
9,27,-0.024989727,EXTERNE
9,28,-0.010139554,EXTERNE
9,29,0.0814364059,EXTERNE
9,30,-0.113615957,EXTERNE
9,31,0.1218593872,EXTERNE
9,32,-0.028302895,EXTERNE
9,33,0.1329059145,EXTERNE
9,34,0.1279592203,EXTERNE
9,35,-0.200745015,EXTERNE
9,36,0.1926838469,EXTERNE
9,37,0.1438060882,EXTERNE
9,38,-0.028747494,EXTERNE
9,39,0.1863983319,EXTERNE
9,40,0.0671048116,EXTERNE
9,41,-0.215396834,EXTERNE
9,42,-0.180181327,EXTERNE
9,43,-0.121332056,EXTERNE
9,44,0.1178841269,EXTERNE
9,45,0.0756868935,EXTERNE
9,46,-0.253932877,EXTERNE
9,47,0.2142404914,EXTERNE
9,48,0.1754205524,EXTERNE
9,49,0.1372515805,EXTERNE
9,50,-0.110141797,EXTERNE
9,51,0.2240905755,EXTERNE
9,52,0.176730252,EXTERNE
9,53,-0.208508353,EXTERNE
9,54,-0.127939716,EXTERNE
9,55,-0.033390606,EXTERNE
9,56,-0.194339013,EXTERNE
9,57,-0.12969546,EXTERNE
9,58,0.0545660537,EXTERNE
9,59,0.068478368,EXTERNE
9,60,0.1362312776,EXTERNE
9,61,0.1382071682,EXTERNE
9,62,-0.00847193,EXTERNE
9,63,0.0488243253,EXTERNE
9,64,0.0888553106,EXTERNE
9,65,-0.025178917,EXTERNE
9,66,0.0316887337,EXTERNE
9,67,0.1443272947,EXTERNE
9,68,0.0147474535,EXTERNE
9,69,0.1429993473,EXTERNE
9,70,-0.142166989,EXTERNE
9,71,0.2648580498,EXTERNE
9,72,-0.124451039,EXTERNE
9,73,0.069221036,EXTERNE
9,74,0.0334930145,EXTERNE
9,75,0.0887476836,EXTERNE
9,76,-0.134184823,EXTERNE
9,77,-0.023555903,EXTERNE
9,78,-0.073213005,EXTERNE
9,79,-0.202951021,EXTERNE
9,80,0.2235911931,EXTERNE
9,81,-0.053927954,EXTERNE
9,82,-0.050001319,EXTERNE
9,83,0.0242674802,EXTERNE
9,84,0.1434855707,EXTERNE
9,85,0.1045482643,EXTERNE
9,86,0.1983813815,EXTERNE
9,87,0.1359592979,EXTERNE
9,88,0.0416771829,EXTERNE
9,89,0.0975050771,EXTERNE
9,90,0.0068624039,EXTERNE
9,91,0.0483062475,EXTERNE
9,92,0.1890315384,EXTERNE
9,93,-0.104790574,EXTERNE
9,94,0.1908265875,EXTERNE
9,95,0.044785163,EXTERNE
9,96,-0.042677243,EXTERNE
9,97,0.3485034793,EXTERNE
9,98,0.1283795109,EXTERNE
9,99,0.1140336666,EXTERNE
9,100,-0.099685079,EXTERNE
10,1,0.2703502687,EXTERNE
10,2,0.0451873409,EXTERNE
10,3,-0.062110935,EXTERNE
10,4,-0.109558435,EXTERNE
10,5,-0.053825646,EXTERNE
10,6,0.0970701197,EXTERNE
10,7,0.2631443014,EXTERNE
10,8,-0.08347376,EXTERNE
10,9,0.3889188804,EXTERNE
10,10,0.0892017649,EXTERNE
10,11,0.215515313,EXTERNE
10,12,-0.053508267,EXTERNE
10,13,-0.112274737,EXTERNE
10,14,0.1559784446,EXTERNE
10,15,0.1482213274,EXTERNE
10,16,-0.084426457,EXTERNE
10,17,0.3008797668,EXTERNE
10,18,0.5450765027,EXTERNE
10,19,-0.081864355,EXTERNE
10,20,0.1567890056,EXTERNE
10,21,5.4689902E-7,EXTERNE
10,22,0.1493724968,EXTERNE
10,23,-0.105386329,EXTERNE
10,24,0.100274037,EXTERNE
10,25,-0.054238805,EXTERNE
10,26,0.1512516957,EXTERNE
10,27,-0.037239977,EXTERNE
10,28,-0.25951555,EXTERNE
10,29,0.1241615442,EXTERNE
10,30,-0.090285787,EXTERNE
10,31,-0.084165374,EXTERNE
10,32,-0.152376782,EXTERNE
10,33,0.0520265673,EXTERNE
10,34,0.0855058259,EXTERNE
10,35,-0.119618244,EXTERNE
10,36,-0.298576971,EXTERNE
10,37,0.2014754727,EXTERNE
10,38,-0.048667548,EXTERNE
10,39,-0.071789461,EXTERNE
10,40,-0.08337972,EXTERNE
10,41,-0.046729143,EXTERNE
10,42,-0.128096806,EXTERNE
10,43,0.0603243757,EXTERNE
10,44,-0.101055522,EXTERNE
10,45,-0.157302773,EXTERNE
10,46,-0.021072701,EXTERNE
10,47,0.2843877771,EXTERNE
10,48,0.2511976161,EXTERNE
10,49,-0.107042234,EXTERNE
10,50,-0.08671282,EXTERNE
10,51,-0.001358452,EXTERNE
10,52,0.2284285681,EXTERNE
10,53,-0.063779392,EXTERNE
10,54,0.0572482655,EXTERNE
10,55,0.0362029197,EXTERNE
10,56,-0.03022837,EXTERNE
10,57,-0.174690673,EXTERNE
10,58,-0.04361621,EXTERNE
10,59,0.3003105073,EXTERNE
10,60,-0.06172174,EXTERNE
10,61,0.1437042351,EXTERNE
10,62,0.1019063009,EXTERNE
10,63,0.1049954372,EXTERNE
10,64,0.1238926453,EXTERNE
10,65,0.1157413034,EXTERNE
10,66,-0.044032292,EXTERNE
10,67,-0.024608075,EXTERNE
10,68,0.1123889933,EXTERNE
10,69,0.0428718622,EXTERNE
10,70,0.0364641235,EXTERNE
10,71,0.050149082,EXTERNE
10,72,-0.012038144,EXTERNE
10,73,0.096461634,EXTERNE
10,74,0.0006620758,EXTERNE
10,75,-0.067727619,EXTERNE
10,76,0.2348962923,EXTERNE
10,77,-0.180403812,EXTERNE
10,78,0.1446741981,EXTERNE
10,79,0.1394316331,EXTERNE
10,80,-0.121200672,EXTERNE
10,81,-0.225567481,EXTERNE
10,82,-0.083496248,EXTERNE
10,83,0.1532706671,EXTERNE
10,84,0.0172838551,EXTERNE
10,85,-0.063932036,EXTERNE
10,86,0.1853487306,EXTERNE
10,87,-0.133777765,EXTERNE
10,88,0.279759175,EXTERNE
10,89,0.0686670114,EXTERNE
10,90,-0.228049032,EXTERNE
10,91,-0.225811658,EXTERNE
10,92,0.0380110566,EXTERNE
10,93,0.1794196134,EXTERNE
10,94,0.1829206049,EXTERNE
10,95,0.2784942066,EXTERNE
10,96,-0.064668062,EXTERNE
10,97,0.1148356688,EXTERNE
10,98,0.0674265073,EXTERNE
10,99,-0.082456556,EXTERNE
10,100,0.255049157,EXTERNE
11,1,0.016605917,EXTERNE
11,2,0.0938070595,EXTERNE
11,3,0.0776044966,EXTERNE
11,4,0.0944130489,EXTERNE
11,5,0.0264887079,EXTERNE
11,6,-0.126941169,EXTERNE
11,7,-0.416021425,EXTERNE
11,8,-0.089852877,EXTERNE
11,9,-0.185098894,EXTERNE
11,10,0.0048774891,EXTERNE
11,11,0.033559808,EXTERNE
11,12,-0.011791995,EXTERNE
11,13,-0.089455447,EXTERNE
11,14,0.3602462048,EXTERNE
11,15,0.2798684443,EXTERNE
11,16,-0.138887162,EXTERNE
11,17,-0.224584695,EXTERNE
11,18,-0.065956535,EXTERNE
11,19,0.0984711563,EXTERNE
11,20,0.1724150361,EXTERNE
11,21,-0.108977987,EXTERNE
11,22,0.0038943699,EXTERNE
11,23,-0.158569183,EXTERNE
11,24,-0.308063025,EXTERNE
11,25,-0.024813251,EXTERNE
11,26,-0.16185174,EXTERNE
11,27,0.172631149,EXTERNE
11,28,-0.164157942,EXTERNE
11,29,0.1258656225,EXTERNE
11,30,0.31769483,EXTERNE
11,31,-0.024485951,EXTERNE
11,32,0.0490419081,EXTERNE
11,33,0.0868904501,EXTERNE
11,34,-0.011145882,EXTERNE
11,35,0.0099384932,EXTERNE
11,36,-0.116152342,EXTERNE
11,37,-0.197503101,EXTERNE
11,38,-0.085241437,EXTERNE
11,39,0.0969181532,EXTERNE
11,40,0.194329573,EXTERNE
11,41,0.2235125915,EXTERNE
11,42,-0.003103449,EXTERNE
11,43,0.3307630542,EXTERNE
11,44,0.0650348774,EXTERNE
11,45,0.0975604956,EXTERNE
11,46,-0.028712756,EXTERNE
11,47,-0.208904495,EXTERNE
11,48,-0.15899489,EXTERNE
11,49,0.0951018691,EXTERNE
11,50,0.0653567183,EXTERNE
11,51,0.104885934,EXTERNE
11,52,-0.03315203,EXTERNE
11,53,-0.034801272,EXTERNE
11,54,0.0876522319,EXTERNE
11,55,0.278220015,EXTERNE
11,56,0.0800470107,EXTERNE
11,57,0.0066272241,EXTERNE
11,58,0.1798012934,EXTERNE
11,59,-0.005891349,EXTERNE
11,60,0.2001156423,EXTERNE
11,61,0.1458401588,EXTERNE
11,62,0.087824449,EXTERNE
11,63,0.1279732038,EXTERNE
11,64,-0.034259113,EXTERNE
11,65,0.1298761959,EXTERNE
11,66,-0.170946276,EXTERNE
11,67,0.2685218923,EXTERNE
11,68,0.2054147247,EXTERNE
11,69,0.3118073104,EXTERNE
11,70,-0.014171794,EXTERNE
11,71,0.1060082243,EXTERNE
11,72,-0.161432986,EXTERNE
11,73,0.174077595,EXTERNE
11,74,0.1091693451,EXTERNE
11,75,-0.122307665,EXTERNE
11,76,0.2383441521,EXTERNE
11,77,-0.077531493,EXTERNE
11,78,0.2043216792,EXTERNE
11,79,-0.092449488,EXTERNE
11,80,-0.001977276,EXTERNE
11,81,0.1076769361,EXTERNE
11,82,0.0106263065,EXTERNE
11,83,0.1374357039,EXTERNE
11,84,-0.211725412,EXTERNE
11,85,-0.12606984,EXTERNE
11,86,-0.033091565,EXTERNE
11,87,0.0635289822,EXTERNE
11,88,-0.014542867,EXTERNE
11,89,0.2014244091,EXTERNE
11,90,-0.057890084,EXTERNE
11,91,0.368674165,EXTERNE
11,92,0.1327036575,EXTERNE
11,93,-0.124170042,EXTERNE
11,94,0.1310178165,EXTERNE
11,95,0.1627466647,EXTERNE
11,96,0.212627849,EXTERNE
11,97,0.0855804165,EXTERNE
11,98,0.3678891896,EXTERNE
11,99,0.1471709509,EXTERNE
11,100,-0.02072539,EXTERNE
12,1,0.1383551311,EXTERNE
12,2,0.1021710662,EXTERNE
12,3,-0.110799941,EXTERNE
12,4,0.1776632291,EXTERNE
12,5,-0.11099021,EXTERNE
12,6,-0.209506074,EXTERNE
12,7,0.0713506421,EXTERNE
12,8,-0.117745716,EXTERNE
12,9,-0.023456116,EXTERNE
12,10,-0.288170863,EXTERNE
12,11,0.0410307049,EXTERNE
12,12,-0.144504396,EXTERNE
12,13,-0.099034954,EXTERNE
12,14,0.0549020132,EXTERNE
12,15,0.3286415288,EXTERNE
12,16,0.0673587805,EXTERNE
12,17,0.2178096304,EXTERNE
12,18,-0.073661844,EXTERNE
12,19,0.147628889,EXTERNE
12,20,0.187702271,EXTERNE
12,21,-0.090644671,EXTERNE
12,22,0.0696376775,EXTERNE
12,23,0.0382588093,EXTERNE
12,24,-0.014467071,EXTERNE
12,25,0.1062205112,EXTERNE
12,26,0.1918766572,EXTERNE
12,27,0.36052031,EXTERNE
12,28,0.0851648657,EXTERNE
12,29,0.1472434695,EXTERNE
12,30,0.2940100898,EXTERNE
12,31,0.2076583468,EXTERNE
12,32,-0.113365582,EXTERNE
12,33,-0.309306725,EXTERNE
12,34,-0.138924895,EXTERNE
12,35,-0.034985885,EXTERNE
12,36,0.1064115711,EXTERNE
12,37,-0.198127709,EXTERNE
12,38,0.4051016756,EXTERNE
12,39,0.0744700878,EXTERNE
12,40,-0.051552769,EXTERNE
12,41,0.0821543925,EXTERNE
12,42,0.1586008606,EXTERNE
12,43,-0.220278797,EXTERNE
12,44,-0.078295112,EXTERNE
12,45,0.0887112996,EXTERNE
12,46,-0.090719363,EXTERNE
12,47,-0.254565454,EXTERNE
12,48,0.2288322029,EXTERNE
12,49,-0.261007299,EXTERNE
12,50,0.0201875634,EXTERNE
12,51,-0.075710484,EXTERNE
12,52,0.0611096435,EXTERNE
12,53,0.0699512913,EXTERNE
12,54,0.0734550244,EXTERNE
12,55,0.0916769658,EXTERNE
12,56,0.0766253554,EXTERNE
12,57,-0.144152336,EXTERNE
12,58,-0.018588847,EXTERNE
12,59,0.2599408072,EXTERNE
12,60,0.0936952734,EXTERNE
12,61,0.1636392529,EXTERNE
12,62,0.2504389176,EXTERNE
12,63,0.1431312802,EXTERNE
12,64,0.1107127788,EXTERNE
12,65,-0.155540909,EXTERNE
12,66,0.2951314923,EXTERNE
12,67,0.4746640287,EXTERNE
12,68,0.0623789034,EXTERNE
12,69,-0.092267089,EXTERNE
12,70,0.0476569107,EXTERNE
12,71,0.2108592852,EXTERNE
12,72,0.2650321306,EXTERNE
12,73,0.0202585668,EXTERNE
12,74,0.015950227,EXTERNE
12,75,0.0455565035,EXTERNE
12,76,0.0624320442,EXTERNE
12,77,0.1619819574,EXTERNE
12,78,-0.043249636,EXTERNE
12,79,0.1169538936,EXTERNE
12,80,-0.129664776,EXTERNE
12,81,-0.121006154,EXTERNE
12,82,0.0220939465,EXTERNE
12,83,0.3145560163,EXTERNE
12,84,0.0541386049,EXTERNE
12,85,0.2975597858,EXTERNE
12,86,-0.073414363,EXTERNE
12,87,0.1012583395,EXTERNE
12,88,0.0857056869,EXTERNE
12,89,-0.141910944,EXTERNE
12,90,0.2836817558,EXTERNE
12,91,-0.001450291,EXTERNE
12,92,-0.080183414,EXTERNE
12,93,0.1358849012,EXTERNE
12,94,-0.030883223,EXTERNE
12,95,-0.126953933,EXTERNE
12,96,0.1558647819,EXTERNE
12,97,-0.182120885,EXTERNE
12,98,0.2164500528,EXTERNE
12,99,0.0396287855,EXTERNE
12,100,0.0348817336,EXTERNE
13,1,0.1613217271,EXTERNE
13,2,0.0727568935,EXTERNE
13,3,-0.076629451,EXTERNE
13,4,-0.025705675,EXTERNE
13,5,0.1386130482,EXTERNE
13,6,-0.259101963,EXTERNE
13,7,-0.471310571,EXTERNE
13,8,-0.024050144,EXTERNE
13,9,0.0730807717,EXTERNE
13,10,-0.040423849,EXTERNE
13,11,0.0900820993,EXTERNE
13,12,0.0153477863,EXTERNE
13,13,-0.044399739,EXTERNE
13,14,0.0203858178,EXTERNE
13,15,-0.138580777,EXTERNE
13,16,-0.11002273,EXTERNE
13,17,0.0810990246,EXTERNE
13,18,-0.04749624,EXTERNE
13,19,-0.10598012,EXTERNE
13,20,-0.183230109,EXTERNE
13,21,-0.25168526,EXTERNE
13,22,0.1675838744,EXTERNE
13,23,0.0621673983,EXTERNE
13,24,0.3272812645,EXTERNE
13,25,0.2840407344,EXTERNE
13,26,0.2373593023,EXTERNE
13,27,0.0590200852,EXTERNE
13,28,0.2135595098,EXTERNE
13,29,0.2679637156,EXTERNE
13,30,0.2042698647,EXTERNE
13,31,0.0898341963,EXTERNE
13,32,0.0453344981,EXTERNE
13,33,-0.152877827,EXTERNE
13,34,-0.178841322,EXTERNE
13,35,-0.166745592,EXTERNE
13,36,0.2107136852,EXTERNE
13,37,0.1343276657,EXTERNE
13,38,0.1369452073,EXTERNE
13,39,0.1208697723,EXTERNE
13,40,0.0285279958,EXTERNE
13,41,-0.129171848,EXTERNE
13,42,0.2473218814,EXTERNE
13,43,0.0904023953,EXTERNE
13,44,0.093066816,EXTERNE
13,45,0.285404563,EXTERNE
13,46,0.1006183598,EXTERNE
13,47,-0.211968371,EXTERNE
13,48,-0.120426488,EXTERNE
13,49,-0.221708753,EXTERNE
13,50,-0.142815381,EXTERNE
13,51,-0.190285355,EXTERNE
13,52,0.0117365161,EXTERNE
13,53,-0.033423952,EXTERNE
13,54,0.3833366513,EXTERNE
13,55,-0.124610969,EXTERNE
13,56,-0.039720811,EXTERNE
13,57,-0.068707681,EXTERNE
13,58,0.0399970591,EXTERNE
13,59,0.0426553665,EXTERNE
13,60,-0.149187452,EXTERNE
13,61,0.031913747,EXTERNE
13,62,0.116545914,EXTERNE
13,63,0.2627662799,EXTERNE
13,64,0.155266353,EXTERNE
13,65,0.2547665916,EXTERNE
13,66,-0.087178306,EXTERNE
13,67,0.0489542137,EXTERNE
13,68,0.0198385709,EXTERNE
13,69,-0.007012686,EXTERNE
13,70,0.2195909544,EXTERNE
13,71,-0.014708124,EXTERNE
13,72,-0.021143574,EXTERNE
13,73,0.160557576,EXTERNE
13,74,-0.154197418,EXTERNE
13,75,0.0780235253,EXTERNE
13,76,0.02637707,EXTERNE
13,77,0.1150967599,EXTERNE
13,78,0.1242519918,EXTERNE
13,79,-0.059624342,EXTERNE
13,80,0.0353759048,EXTERNE
13,81,0.2629430261,EXTERNE
13,82,-0.115144658,EXTERNE
13,83,0.1342372684,EXTERNE
13,84,0.0355082563,EXTERNE
13,85,0.3696909855,EXTERNE
13,86,0.2142776023,EXTERNE
13,87,-0.204440005,EXTERNE
13,88,-0.04517145,EXTERNE
13,89,-0.099635428,EXTERNE
13,90,0.0519529841,EXTERNE
13,91,0.1086418096,EXTERNE
13,92,-0.126230649,EXTERNE
13,93,0.0402622148,EXTERNE
13,94,-0.168602725,EXTERNE
13,95,0.0878966833,EXTERNE
13,96,0.0982831606,EXTERNE
13,97,0.2832022804,EXTERNE
13,98,-0.045228652,EXTERNE
13,99,0.0655448611,EXTERNE
13,100,0.1803623906,EXTERNE
14,1,0.1537005199,EXTERNE
14,2,-0.062654153,EXTERNE
14,3,0.1475903514,EXTERNE
14,4,-0.000061178,EXTERNE
14,5,0.0703335708,EXTERNE
14,6,-0.044277325,EXTERNE
14,7,0.0061459453,EXTERNE
14,8,0.1349209972,EXTERNE
14,9,0.0101770965,EXTERNE
14,10,0.2214752371,EXTERNE
14,11,-0.125568357,EXTERNE
14,12,0.0165471007,EXTERNE
14,13,0.0654274959,EXTERNE
14,14,0.0289354197,EXTERNE
14,15,0.0083207426,EXTERNE
14,16,-0.071232788,EXTERNE
14,17,0.0560000712,EXTERNE
14,18,0.1127782848,EXTERNE
14,19,-0.004964847,EXTERNE
14,20,0.0462402566,EXTERNE
14,21,-0.055733203,EXTERNE
14,22,-0.054379636,EXTERNE
14,23,0.3603625202,EXTERNE
14,24,-0.205208841,EXTERNE
14,25,0.050670284,EXTERNE
14,26,0.1437915179,EXTERNE
14,27,-0.305285199,EXTERNE
14,28,0.151308965,EXTERNE
14,29,0.1541999493,EXTERNE
14,30,-0.073213483,EXTERNE
14,31,-0.06974834,EXTERNE
14,32,0.2468468403,EXTERNE
14,33,-0.123595659,EXTERNE
14,34,0.0819295408,EXTERNE
14,35,0.3372503423,EXTERNE
14,36,0.1608436603,EXTERNE
14,37,0.2647270662,EXTERNE
14,38,0.2068684009,EXTERNE
14,39,0.022993714,EXTERNE
14,40,0.0239188412,EXTERNE
14,41,-0.041211818,EXTERNE
14,42,-0.024124836,EXTERNE
14,43,-0.091119633,EXTERNE
14,44,0.1328573816,EXTERNE
14,45,-0.061005604,EXTERNE
14,46,-0.051480049,EXTERNE
14,47,0.0310260605,EXTERNE
14,48,0.1996358281,EXTERNE
14,49,0.0096599126,EXTERNE
14,50,-0.01555346,EXTERNE
14,51,0.0224588042,EXTERNE
14,52,0.0742718191,EXTERNE
14,53,-0.295467077,EXTERNE
14,54,-0.007086538,EXTERNE
14,55,-0.000656109,EXTERNE
14,56,0.1941095047,EXTERNE
14,57,-0.007975459,EXTERNE
14,58,-0.05917383,EXTERNE
14,59,0.0799449525,EXTERNE
14,60,0.2383919656,EXTERNE
14,61,0.1502309113,EXTERNE
14,62,-0.191450464,EXTERNE
14,63,-0.172971617,EXTERNE
14,64,-0.269388394,EXTERNE
14,65,0.1691818238,EXTERNE
14,66,0.2826504524,EXTERNE
14,67,0.0339562314,EXTERNE
14,68,0.2245532242,EXTERNE
14,69,0.1056616594,EXTERNE
14,70,-0.181323514,EXTERNE
14,71,0.1303186038,EXTERNE
14,72,-0.093305339,EXTERNE
14,73,0.0942194175,EXTERNE
14,74,0.0413914928,EXTERNE
14,75,-0.095863839,EXTERNE
14,76,-0.05118126,EXTERNE
14,77,0.1250975753,EXTERNE
14,78,0.1393025985,EXTERNE
14,79,0.0531183398,EXTERNE
14,80,-0.071655139,EXTERNE
14,81,0.0064845604,EXTERNE
14,82,-0.031444709,EXTERNE
14,83,-0.061174775,EXTERNE
14,84,-0.043102947,EXTERNE
14,85,-0.308840943,EXTERNE
14,86,0.1112583355,EXTERNE
14,87,0.286377732,EXTERNE
14,88,0.2512273482,EXTERNE
14,89,0.0852376644,EXTERNE
14,90,0.1522953766,EXTERNE
14,91,0.0826279686,EXTERNE
14,92,0.0413880901,EXTERNE
14,93,0.0791506038,EXTERNE
14,94,0.0815983692,EXTERNE
14,95,-0.043382106,EXTERNE
14,96,-0.06487846,EXTERNE
14,97,0.5270449119,EXTERNE
14,98,0.0296823699,EXTERNE
14,99,-0.006019172,EXTERNE
14,100,0.1506373861,EXTERNE
15,1,0.43821264,EXTERNE
15,2,0.0691562981,EXTERNE
15,3,0.1391910731,EXTERNE
15,4,0.217530314,EXTERNE
15,5,0.0017512835,EXTERNE
15,6,-0.084336344,EXTERNE
15,7,0.1825992263,EXTERNE
15,8,0.0435952596,EXTERNE
15,9,-0.098775609,EXTERNE
15,10,0.0821246116,EXTERNE
15,11,0.1973891371,EXTERNE
15,12,0.0410268499,EXTERNE
15,13,0.0060995471,EXTERNE
15,14,-0.200388203,EXTERNE
15,15,0.0631515376,EXTERNE
15,16,-0.100893668,EXTERNE
15,17,0.028557097,EXTERNE
15,18,0.0654690553,EXTERNE
15,19,0.1626860166,EXTERNE
15,20,0.0753654019,EXTERNE
15,21,-0.038016138,EXTERNE
15,22,0.0039622153,EXTERNE
15,23,-0.143751605,EXTERNE
15,24,-0.091701113,EXTERNE
15,25,0.0494445034,EXTERNE
15,26,0.1156173626,EXTERNE
15,27,-0.115828224,EXTERNE
15,28,-0.041124163,EXTERNE
15,29,0.0143314177,EXTERNE
15,30,0.1845450546,EXTERNE
15,31,0.223535025,EXTERNE
15,32,-0.077219907,EXTERNE
15,33,0.0482737877,EXTERNE
15,34,0.0062100594,EXTERNE
15,35,-0.122299854,EXTERNE
15,36,0.0154385209,EXTERNE
15,37,-0.107324502,EXTERNE
15,38,-0.037452326,EXTERNE
15,39,0.0396518524,EXTERNE
15,40,0.1881051382,EXTERNE
15,41,-0.064908949,EXTERNE
15,42,-0.258257065,EXTERNE
15,43,-0.046843037,EXTERNE
15,44,0.1034250097,EXTERNE
15,45,0.0233947075,EXTERNE
15,46,0.0377902168,EXTERNE
15,47,-0.187122731,EXTERNE
15,48,-0.060469385,EXTERNE
15,49,-0.021559691,EXTERNE
15,50,0.0354696074,EXTERNE
15,51,-0.312282275,EXTERNE
15,52,-0.299394253,EXTERNE
15,53,-0.023462857,EXTERNE
15,54,-0.018809504,EXTERNE
15,55,0.1575751602,EXTERNE
15,56,0.3727365514,EXTERNE
15,57,-0.004911732,EXTERNE
15,58,-0.273305141,EXTERNE
15,59,0.1768029443,EXTERNE
15,60,-0.153012196,EXTERNE
15,61,-0.075467821,EXTERNE
15,62,0.2460765932,EXTERNE
15,63,-0.348903776,EXTERNE
15,64,-0.112998006,EXTERNE
15,65,0.2630587132,EXTERNE
15,66,-0.011493594,EXTERNE
15,67,0.0902225656,EXTERNE
15,68,0.1145229974,EXTERNE
15,69,0.045332733,EXTERNE
15,70,-0.071976011,EXTERNE
15,71,0.0343885622,EXTERNE
15,72,-0.176806693,EXTERNE
15,73,0.0171255427,EXTERNE
15,74,0.1679914659,EXTERNE
15,75,0.2029663868,EXTERNE
15,76,-0.151844938,EXTERNE
15,77,-0.118514447,EXTERNE
15,78,0.0739490599,EXTERNE
15,79,-0.177967151,EXTERNE
15,80,0.0729589845,EXTERNE
15,81,-0.021550059,EXTERNE
15,82,0.0762225924,EXTERNE
15,83,0.1646323939,EXTERNE
15,84,0.0963971262,EXTERNE
15,85,0.0824764874,EXTERNE
15,86,0.0163863119,EXTERNE
15,87,-0.029162546,EXTERNE
15,88,-0.011872536,EXTERNE
15,89,0.0675791996,EXTERNE
15,90,0.0836462494,EXTERNE
15,91,-0.023633739,EXTERNE
15,92,-0.063869103,EXTERNE
15,93,0.0380536362,EXTERNE
15,94,-0.256566965,EXTERNE
15,95,-0.183271446,EXTERNE
15,96,-0.210919076,EXTERNE
15,97,-0.147043851,EXTERNE
15,98,-0.009001974,EXTERNE
15,99,0.0604811739,EXTERNE
15,100,0.0846906768,EXTERNE
16,1,0.0419834438,EXTERNE
16,2,-0.022825619,EXTERNE
16,3,-0.128187973,EXTERNE
16,4,0.0825118976,EXTERNE
16,5,0.1730454825,EXTERNE
16,6,0.0497703899,EXTERNE
16,7,-0.006382184,EXTERNE
16,8,0.3934649072,EXTERNE
16,9,0.0961026391,EXTERNE
16,10,-0.13066425,EXTERNE
16,11,0.0592540982,EXTERNE
16,12,0.2471660912,EXTERNE
16,13,-0.207312797,EXTERNE
16,14,-0.004689322,EXTERNE
16,15,0.1330678281,EXTERNE
16,16,0.0863894683,EXTERNE
16,17,0.254601171,EXTERNE
16,18,-0.135174406,EXTERNE
16,19,-0.015780625,EXTERNE
16,20,0.1338867962,EXTERNE
16,21,0.067683291,EXTERNE
16,22,0.1231989048,EXTERNE
16,23,-0.111668261,EXTERNE
16,24,0.0988849123,EXTERNE
16,25,-0.108063401,EXTERNE
16,26,0.088350236,EXTERNE
16,27,0.11208781,EXTERNE
16,28,0.0888352515,EXTERNE
16,29,0.1020216882,EXTERNE
16,30,0.0648886956,EXTERNE
16,31,0.2572581286,EXTERNE
16,32,-0.045938017,EXTERNE
16,33,-0.065343535,EXTERNE
16,34,0.2293140757,EXTERNE
16,35,0.1330409756,EXTERNE
16,36,0.2039653291,EXTERNE
16,37,0.0569620778,EXTERNE
16,38,0.1777895908,EXTERNE
16,39,0.1667093569,EXTERNE
16,40,-0.14930482,EXTERNE
16,41,0.0924271322,EXTERNE
16,42,0.2252234479,EXTERNE
16,43,0.1138077863,EXTERNE
16,44,-0.100064993,EXTERNE
16,45,-0.071371741,EXTERNE
16,46,-0.108137201,EXTERNE
16,47,-0.073477148,EXTERNE
16,48,-0.151314875,EXTERNE
16,49,-0.009730675,EXTERNE
16,50,0.1831411348,EXTERNE
16,51,-0.025251732,EXTERNE
16,52,0.2477572444,EXTERNE
16,53,0.0269223825,EXTERNE
16,54,0.0687521822,EXTERNE
16,55,0.0982868942,EXTERNE
16,56,-0.212123671,EXTERNE
16,57,0.038456034,EXTERNE
16,58,-0.205366869,EXTERNE
16,59,-0.160048418,EXTERNE
16,60,-0.03529811,EXTERNE
16,61,-0.09469892,EXTERNE
16,62,0.0660746278,EXTERNE
16,63,0.1112784365,EXTERNE
16,64,-0.212078772,EXTERNE
16,65,-0.010792451,EXTERNE
16,66,0.1154399589,EXTERNE
16,67,0.0402862352,EXTERNE
16,68,0.0008338368,EXTERNE
16,69,-0.138806468,EXTERNE
16,70,-0.074674623,EXTERNE
16,71,0.1660361126,EXTERNE
16,72,0.1394800007,EXTERNE
16,73,0.1625199268,EXTERNE
16,74,-0.189306817,EXTERNE
16,75,-0.042192173,EXTERNE
16,76,-0.088396044,EXTERNE
16,77,0.1522238249,EXTERNE
16,78,0.2244191535,EXTERNE
16,79,0.1087749057,EXTERNE
16,80,-0.149032144,EXTERNE
16,81,-0.041295921,EXTERNE
16,82,0.152208764,EXTERNE
16,83,0.0146669605,EXTERNE
16,84,-0.11224914,EXTERNE
16,85,0.1714839331,EXTERNE
16,86,0.1047831908,EXTERNE
16,87,-0.079043722,EXTERNE
16,88,0.0823121646,EXTERNE
16,89,-0.057056412,EXTERNE
16,90,0.1080891848,EXTERNE
16,91,-0.008746141,EXTERNE
16,92,0.3153839423,EXTERNE
16,93,-0.180833693,EXTERNE
16,94,-0.253338402,EXTERNE
16,95,-0.045455427,EXTERNE
16,96,0.0570345085,EXTERNE
16,97,0.1537219805,EXTERNE
16,98,0.0684576035,EXTERNE
16,99,-0.086554848,EXTERNE
16,100,0.1833892444,EXTERNE
17,1,0.0657138772,EXTERNE
17,2,0.1435881869,EXTERNE
17,3,-0.029119624,EXTERNE
17,4,-0.105667898,EXTERNE
17,5,0.1870096105,EXTERNE
17,6,0.0538681985,EXTERNE
17,7,0.1332303524,EXTERNE
17,8,-0.026079016,EXTERNE
17,9,0.079800953,EXTERNE
17,10,0.1924504353,EXTERNE
17,11,0.0099998051,EXTERNE
17,12,0.1548610135,EXTERNE
17,13,0.2252071926,EXTERNE
17,14,0.1834199347,EXTERNE
17,15,-0.1032524,EXTERNE
17,16,-0.146279377,EXTERNE
17,17,0.1041569867,EXTERNE
17,18,-0.000466769,EXTERNE
17,19,0.1545246149,EXTERNE
17,20,0.1174605977,EXTERNE
17,21,0.0828610174,EXTERNE
17,22,0.0958808962,EXTERNE
17,23,0.0377132763,EXTERNE
17,24,-0.021796052,EXTERNE
17,25,-0.182998468,EXTERNE
17,26,0.3290405646,EXTERNE
17,27,-0.021008831,EXTERNE
17,28,-0.045739811,EXTERNE
17,29,0.1042609003,EXTERNE
17,30,0.0683841326,EXTERNE
17,31,0.0436315102,EXTERNE
17,32,-0.140778371,EXTERNE
17,33,-0.157725908,EXTERNE
17,34,0.124887158,EXTERNE
17,35,-0.114169407,EXTERNE
17,36,0.131306576,EXTERNE
17,37,0.1426697008,EXTERNE
17,38,-0.007162598,EXTERNE
17,39,-0.075683464,EXTERNE
17,40,0.0481182691,EXTERNE
17,41,0.0797478744,EXTERNE
17,42,0.2798362149,EXTERNE
17,43,0.1108786066,EXTERNE
17,44,-0.196106379,EXTERNE
17,45,-0.08040134,EXTERNE
17,46,0.0539918769,EXTERNE
17,47,0.1199240452,EXTERNE
17,48,0.0058381808,EXTERNE
17,49,0.1750625604,EXTERNE
17,50,0.1826106933,EXTERNE
17,51,0.1008778525,EXTERNE
17,52,-0.078668133,EXTERNE
17,53,0.409894541,EXTERNE
17,54,0.3503672826,EXTERNE
17,55,0.001570343,EXTERNE
17,56,-0.124514043,EXTERNE
17,57,-0.061142583,EXTERNE
17,58,0.2540588347,EXTERNE
17,59,0.1124199476,EXTERNE
17,60,0.0557213484,EXTERNE
17,61,0.2520550653,EXTERNE
17,62,-0.002043344,EXTERNE
17,63,-0.158256127,EXTERNE
17,64,0.0456739123,EXTERNE
17,65,0.2061407568,EXTERNE
17,66,0.2401022076,EXTERNE
17,67,0.041847717,EXTERNE
17,68,0.0725935635,EXTERNE
17,69,-0.09361357,EXTERNE
17,70,-0.222276087,EXTERNE
17,71,0.0988052162,EXTERNE
17,72,0.126801235,EXTERNE
17,73,0.0293524216,EXTERNE
17,74,0.0613565718,EXTERNE
17,75,0.1428599006,EXTERNE
17,76,-0.049904674,EXTERNE
17,77,-0.267039067,EXTERNE
17,78,0.0470127287,EXTERNE
17,79,0.132545416,EXTERNE
17,80,-0.382985891,EXTERNE
17,81,-0.167143945,EXTERNE
17,82,0.0337522563,EXTERNE
17,83,0.327914939,EXTERNE
17,84,-0.019964012,EXTERNE
17,85,-0.01961274,EXTERNE
17,86,0.1306897966,EXTERNE
17,87,-0.000857224,EXTERNE
17,88,-0.024001395,EXTERNE
17,89,0.1205917801,EXTERNE
17,90,0.1683416616,EXTERNE
17,91,0.1264911058,EXTERNE
17,92,0.3242325444,EXTERNE
17,93,0.064704318,EXTERNE
17,94,-0.146864731,EXTERNE
17,95,0.0224483968,EXTERNE
17,96,0.0254324873,EXTERNE
17,97,0.175812808,EXTERNE
17,98,0.1445362818,EXTERNE
17,99,0.0456503303,EXTERNE
17,100,-0.012215586,EXTERNE
18,1,-0.047160774,EXTERNE
18,2,0.3625319413,EXTERNE
18,3,0.0777391201,EXTERNE
18,4,-0.332672474,EXTERNE
18,5,-0.11259655,EXTERNE
18,6,0.2012505077,EXTERNE
18,7,0.0689594493,EXTERNE
18,8,-0.014971089,EXTERNE
18,9,0.2789257271,EXTERNE
18,10,-0.092667769,EXTERNE
18,11,0.1580704716,EXTERNE
18,12,0.1088182322,EXTERNE
18,13,0.2075414433,EXTERNE
18,14,-0.062832029,EXTERNE
18,15,-0.132268004,EXTERNE
18,16,0.0929412709,EXTERNE
18,17,0.1039250249,EXTERNE
18,18,0.105379137,EXTERNE
18,19,0.0275973943,EXTERNE
18,20,0.1292799836,EXTERNE
18,21,-0.059617133,EXTERNE
18,22,0.2160779735,EXTERNE
18,23,0.0913775902,EXTERNE
18,24,0.0596292243,EXTERNE
18,25,0.0356565994,EXTERNE
18,26,0.1632710316,EXTERNE
18,27,0.1873104143,EXTERNE
18,28,-0.02545711,EXTERNE
18,29,0.2317562608,EXTERNE
18,30,0.3153436009,EXTERNE
18,31,0.0132210616,EXTERNE
18,32,0.2268070618,EXTERNE
18,33,-0.138546432,EXTERNE
18,34,-0.14612104,EXTERNE
18,35,-0.06265658,EXTERNE
18,36,-0.020324061,EXTERNE
18,37,-0.120612227,EXTERNE
18,38,0.0746956947,EXTERNE
18,39,-0.025494445,EXTERNE
18,40,0.283053482,EXTERNE
18,41,-0.048719305,EXTERNE
18,42,-0.174128092,EXTERNE
18,43,0.0789625906,EXTERNE
18,44,0.0901159575,EXTERNE
18,45,0.3086133939,EXTERNE
18,46,0.0505006373,EXTERNE
18,47,0.1479948481,EXTERNE
18,48,-0.033667588,EXTERNE
18,49,0.0832342171,EXTERNE
18,50,0.2556524765,EXTERNE
18,51,-0.219307065,EXTERNE
18,52,0.2478967298,EXTERNE
18,53,-0.007310124,EXTERNE
18,54,-0.098046655,EXTERNE
18,55,0.0070463071,EXTERNE
18,56,-0.116772968,EXTERNE
18,57,0.0827202967,EXTERNE
18,58,-0.376754432,EXTERNE
18,59,0.1575792336,EXTERNE
18,60,0.2499136065,EXTERNE
18,61,0.0915521937,EXTERNE
18,62,-0.061045763,EXTERNE
18,63,-0.039463366,EXTERNE
18,64,-0.131780012,EXTERNE
18,65,0.0203965053,EXTERNE
18,66,0.1756220318,EXTERNE
18,67,-0.005866126,EXTERNE
18,68,0.1606418801,EXTERNE
18,69,-0.184869073,EXTERNE
18,70,0.1085490307,EXTERNE
18,71,0.0612774855,EXTERNE
18,72,0.2294105054,EXTERNE
18,73,0.3400944518,EXTERNE
18,74,0.3316675866,EXTERNE
18,75,0.1272084124,EXTERNE
18,76,0.2195170069,EXTERNE
18,77,0.2245628147,EXTERNE
18,78,0.052339473,EXTERNE
18,79,0.2451900241,EXTERNE
18,80,-0.03918194,EXTERNE
18,81,0.0928640295,EXTERNE
18,82,-0.044658411,EXTERNE
18,83,0.2922699324,EXTERNE
18,84,0.1570473264,EXTERNE
18,85,0.0176300979,EXTERNE
18,86,0.3246030318,EXTERNE
18,87,0.0407050675,EXTERNE
18,88,0.1435368497,EXTERNE
18,89,-0.140372812,EXTERNE
18,90,0.108597369,EXTERNE
18,91,-0.121919428,EXTERNE
18,92,0.2203341857,EXTERNE
18,93,-0.282317733,EXTERNE
18,94,0.01579568,EXTERNE
18,95,0.147954514,EXTERNE
18,96,-0.028337746,EXTERNE
18,97,0.1327577031,EXTERNE
18,98,-0.361271764,EXTERNE
18,99,-0.174612351,EXTERNE
18,100,0.1796526512,EXTERNE
19,1,0.0987621936,EXTERNE
19,2,0.1135816749,EXTERNE
19,3,-0.068512245,EXTERNE
19,4,-0.209495452,EXTERNE
19,5,-0.023864,EXTERNE
19,6,0.0094420071,EXTERNE
19,7,-0.022921252,EXTERNE
19,8,-0.157834775,EXTERNE
19,9,-0.008928342,EXTERNE
19,10,0.1789947616,EXTERNE
19,11,-0.006751791,EXTERNE
19,12,0.1773797115,EXTERNE
19,13,-0.042815756,EXTERNE
19,14,0.0991949122,EXTERNE
19,15,0.1196235486,EXTERNE
19,16,-0.103448631,EXTERNE
19,17,0.2784900118,EXTERNE
19,18,-0.147582689,EXTERNE
19,19,0.2578926895,EXTERNE
19,20,-0.027061519,EXTERNE
19,21,0.01934538,EXTERNE
19,22,0.0639604241,EXTERNE
19,23,0.0797656252,EXTERNE
19,24,0.1941288597,EXTERNE
19,25,-0.213148238,EXTERNE
19,26,0.1011474147,EXTERNE
19,27,0.2506522257,EXTERNE
19,28,-0.117854595,EXTERNE
19,29,-0.086245246,EXTERNE
19,30,-0.401553637,EXTERNE
19,31,-0.154893422,EXTERNE
19,32,-0.082175498,EXTERNE
19,33,0.1315115684,EXTERNE
19,34,-0.119314792,EXTERNE
19,35,-0.058281873,EXTERNE
19,36,-0.154211124,EXTERNE
19,37,0.048609484,EXTERNE
19,38,-0.174541391,EXTERNE
19,39,0.102855037,EXTERNE
19,40,0.184143137,EXTERNE
19,41,0.1683589965,EXTERNE
19,42,0.2656055798,EXTERNE
19,43,0.1404523786,EXTERNE
19,44,-0.033662424,EXTERNE
19,45,0.001238567,EXTERNE
19,46,0.2616241513,EXTERNE
19,47,0.1101291613,EXTERNE
19,48,0.1423159146,EXTERNE
19,49,0.0049219714,EXTERNE
19,50,0.245007438,EXTERNE
19,51,-0.23892888,EXTERNE
19,52,0.012114417,EXTERNE
19,53,0.1446946901,EXTERNE
19,54,0.1866031277,EXTERNE
19,55,0.0558759973,EXTERNE
19,56,-0.136691838,EXTERNE
19,57,-0.066597985,EXTERNE
19,58,-0.250537664,EXTERNE
19,59,0.2077687201,EXTERNE
19,60,0.3656940461,EXTERNE
19,61,0.1435585633,EXTERNE
19,62,0.0170936691,EXTERNE
19,63,0.2294733489,EXTERNE
19,64,0.0719646821,EXTERNE
19,65,0.3264341589,EXTERNE
19,66,-0.113387856,EXTERNE
19,67,-0.482795491,EXTERNE
19,68,-0.089965129,EXTERNE
19,69,-0.174913569,EXTERNE
19,70,0.0708591743,EXTERNE
19,71,0.1017241811,EXTERNE
19,72,0.0764181989,EXTERNE
19,73,-0.15079446,EXTERNE
19,74,-0.032610569,EXTERNE
19,75,0.0230938727,EXTERNE
19,76,0.0680173656,EXTERNE
19,77,0.1927019883,EXTERNE
19,78,0.5667873491,EXTERNE
19,79,0.221377616,EXTERNE
19,80,0.090351695,EXTERNE
19,81,0.005529689,EXTERNE
19,82,0.0446105665,EXTERNE
19,83,0.1318119577,EXTERNE
19,84,-0.07580137,EXTERNE
19,85,0.1713126566,EXTERNE
19,86,0.0708353699,EXTERNE
19,87,0.1007382314,EXTERNE
19,88,0.2535006135,EXTERNE
19,89,0.2160359637,EXTERNE
19,90,-0.033856807,EXTERNE
19,91,-0.106080909,EXTERNE
19,92,0.140360202,EXTERNE
19,93,0.21255422,EXTERNE
19,94,0.2284564785,EXTERNE
19,95,0.1364061063,EXTERNE
19,96,-0.064452802,EXTERNE
19,97,0.1313565849,EXTERNE
19,98,-0.02773404,EXTERNE
19,99,0.0188420979,EXTERNE
19,100,0.1523828082,EXTERNE
20,1,-0.073164801,EXTERNE
20,2,0.4996842538,EXTERNE
20,3,-0.089834368,EXTERNE
20,4,-0.148276594,EXTERNE
20,5,0.0952520111,EXTERNE
20,6,-0.014155219,EXTERNE
20,7,-0.070161161,EXTERNE
20,8,0.385464644,EXTERNE
20,9,-0.024129069,EXTERNE
20,10,-0.216631781,EXTERNE
20,11,0.0566458467,EXTERNE
20,12,-0.024611865,EXTERNE
20,13,0.0138861296,EXTERNE
20,14,0.0507621316,EXTERNE
20,15,0.2223518589,EXTERNE
20,16,-0.195993188,EXTERNE
20,17,0.1377064334,EXTERNE
20,18,-0.05926649,EXTERNE
20,19,-0.181465967,EXTERNE
20,20,-0.014312265,EXTERNE
20,21,0.124238518,EXTERNE
20,22,0.0350613271,EXTERNE
20,23,0.2202179537,EXTERNE
20,24,0.2080484263,EXTERNE
20,25,-0.253514986,EXTERNE
20,26,-0.029365873,EXTERNE
20,27,0.0257202644,EXTERNE
20,28,-0.017597191,EXTERNE
20,29,0.1764012925,EXTERNE
20,30,0.2013147084,EXTERNE
20,31,0.1910729183,EXTERNE
20,32,0.0825747006,EXTERNE
20,33,0.212638407,EXTERNE
20,34,0.0607965477,EXTERNE
20,35,-0.191423522,EXTERNE
20,36,0.0683132307,EXTERNE
20,37,0.0658839243,EXTERNE
20,38,-0.202708349,EXTERNE
20,39,0.2344135761,EXTERNE
20,40,-0.110259781,EXTERNE
20,41,0.2534755506,EXTERNE
20,42,0.0291431656,EXTERNE
20,43,0.1415641,EXTERNE
20,44,0.1712706832,EXTERNE
20,45,0.0162479911,EXTERNE
20,46,-0.087395485,EXTERNE
20,47,0.2402011534,EXTERNE
20,48,0.0558159988,EXTERNE
20,49,-0.053081791,EXTERNE
20,50,0.0020083349,EXTERNE
20,51,0.2752297476,EXTERNE
20,52,0.0828273272,EXTERNE
20,53,-0.012281836,EXTERNE
20,54,0.0836539007,EXTERNE
20,55,0.261705556,EXTERNE
20,56,0.0279696578,EXTERNE
20,57,0.070567421,EXTERNE
20,58,-0.054273187,EXTERNE
20,59,0.1512672491,EXTERNE
20,60,-0.116057778,EXTERNE
20,61,-0.191882174,EXTERNE
20,62,0.0610075367,EXTERNE
20,63,0.1945342639,EXTERNE
20,64,0.0631879944,EXTERNE
20,65,0.0990628372,EXTERNE
20,66,0.2413046521,EXTERNE
20,67,-0.065869173,EXTERNE
20,68,0.1484583523,EXTERNE
20,69,0.127455964,EXTERNE
20,70,0.1478421715,EXTERNE
20,71,0.1054559919,EXTERNE
20,72,0.2685224634,EXTERNE
20,73,0.0326672228,EXTERNE
20,74,-0.015356431,EXTERNE
20,75,-0.003799702,EXTERNE
20,76,0.2327666877,EXTERNE
20,77,0.156772161,EXTERNE
20,78,0.0493541148,EXTERNE
20,79,-0.093816048,EXTERNE
20,80,-0.015211262,EXTERNE
20,81,-0.028828174,EXTERNE
20,82,-0.055593165,EXTERNE
20,83,-0.347197114,EXTERNE
20,84,-0.033192856,EXTERNE
20,85,0.2591620682,EXTERNE
20,86,-0.097420171,EXTERNE
20,87,0.0098233123,EXTERNE
20,88,0.1048807862,EXTERNE
20,89,0.1236615566,EXTERNE
20,90,0.0138009396,EXTERNE
20,91,0.1105812929,EXTERNE
20,92,0.0071962606,EXTERNE
20,93,0.1237772226,EXTERNE
20,94,0.0722469346,EXTERNE
20,95,0.0400031756,EXTERNE
20,96,0.0345675646,EXTERNE
20,97,0.5365249606,EXTERNE
20,98,-0.199603442,EXTERNE
20,99,0.1057153725,EXTERNE
20,100,-0.071961361,EXTERNE
21,1,0.0841936713,EXTERNE
21,2,0.0989461028,EXTERNE
21,3,0.246557717,EXTERNE
21,4,0.1669440206,EXTERNE
21,5,-0.110433675,EXTERNE
21,6,-0.118885372,EXTERNE
21,7,-0.02095274,EXTERNE
21,8,0.0205874136,EXTERNE
21,9,0.2358390853,EXTERNE
21,10,-0.080691122,EXTERNE
21,11,0.0342213604,EXTERNE
21,12,-0.024706931,EXTERNE
21,13,-0.214313274,EXTERNE
21,14,0.2873931951,EXTERNE
21,15,-0.170823526,EXTERNE
21,16,0.071770224,EXTERNE
21,17,-0.018249613,EXTERNE
21,18,-0.102462845,EXTERNE
21,19,-0.019820564,EXTERNE
21,20,0.0670837138,EXTERNE
21,21,0.1522178454,EXTERNE
21,22,-0.059434398,EXTERNE
21,23,-0.087295961,EXTERNE
21,24,-0.014967013,EXTERNE
21,25,0.0433983047,EXTERNE
21,26,-0.067763463,EXTERNE
21,27,0.0967103358,EXTERNE
21,28,0.0829457236,EXTERNE
21,29,-0.196763163,EXTERNE
21,30,0.1395238775,EXTERNE
21,31,-0.122146005,EXTERNE
21,32,-0.218031612,EXTERNE
21,33,0.135753595,EXTERNE
21,34,-0.109156073,EXTERNE
21,35,-0.042027622,EXTERNE
21,36,0.1377898913,EXTERNE
21,37,-0.144753258,EXTERNE
21,38,0.0058858533,EXTERNE
21,39,-0.027832279,EXTERNE
21,40,-0.260428696,EXTERNE
21,41,0.028576087,EXTERNE
21,42,0.0785051322,EXTERNE
21,43,-0.126333987,EXTERNE
21,44,0.1242653616,EXTERNE
21,45,0.0406011622,EXTERNE
21,46,-0.026503911,EXTERNE
21,47,0.0450921847,EXTERNE
21,48,0.1771004548,EXTERNE
21,49,0.1045885388,EXTERNE
21,50,0.0672509588,EXTERNE
21,51,0.0502641409,EXTERNE
21,52,0.1189133347,EXTERNE
21,53,0.1814301176,EXTERNE
21,54,0.0591821953,EXTERNE
21,55,0.0695480059,EXTERNE
21,56,0.3358195792,EXTERNE
21,57,0.267970948,EXTERNE
21,58,0.2444043351,EXTERNE
21,59,-0.049412331,EXTERNE
21,60,0.2206131407,EXTERNE
21,61,-0.103570247,EXTERNE
21,62,0.1366373417,EXTERNE
21,63,-0.072346096,EXTERNE
21,64,0.1659281169,EXTERNE
21,65,-0.010168611,EXTERNE
21,66,0.0227763648,EXTERNE
21,67,0.0064996153,EXTERNE
21,68,0.1687297948,EXTERNE
21,69,0.1828719208,EXTERNE
21,70,0.1415005549,EXTERNE
21,71,-0.17120972,EXTERNE
21,72,0.0632406076,EXTERNE
21,73,0.0341998541,EXTERNE
21,74,-0.112709496,EXTERNE
21,75,0.0859134553,EXTERNE
21,76,-0.111756925,EXTERNE
21,77,0.0834302688,EXTERNE
21,78,-0.058776937,EXTERNE
21,79,0.2285095989,EXTERNE
21,80,0.2729590666,EXTERNE
21,81,-0.076385166,EXTERNE
21,82,0.0374291839,EXTERNE
21,83,0.0732151178,EXTERNE
21,84,-0.032943267,EXTERNE
21,85,-0.231689515,EXTERNE
21,86,-0.091015055,EXTERNE
21,87,-0.19023034,EXTERNE
21,88,0.2131193466,EXTERNE
21,89,-0.009700273,EXTERNE
21,90,0.049598287,EXTERNE
21,91,-0.03101033,EXTERNE
21,92,-0.069515168,EXTERNE
21,93,0.0020223239,EXTERNE
21,94,0.1503688911,EXTERNE
21,95,0.027004645,EXTERNE
21,96,-0.126542704,EXTERNE
21,97,0.0899422659,EXTERNE
21,98,-0.057659179,EXTERNE
21,99,0.3917702044,EXTERNE
21,100,0.1359937288,EXTERNE
22,1,-0.049775001,EXTERNE
22,2,0.3709116445,EXTERNE
22,3,0.0008717131,EXTERNE
22,4,0.0930566641,EXTERNE
22,5,0.3182606318,EXTERNE
22,6,0.061758775,EXTERNE
22,7,-0.034351545,EXTERNE
22,8,-0.214666448,EXTERNE
22,9,0.1243129883,EXTERNE
22,10,0.1604554399,EXTERNE
22,11,0.1023317908,EXTERNE
22,12,0.2097970491,EXTERNE
22,13,0.3971493239,EXTERNE
22,14,-0.084714503,EXTERNE
22,15,-0.017317861,EXTERNE
22,16,0.0791142641,EXTERNE
22,17,-0.074892187,EXTERNE
22,18,-0.00162366,EXTERNE
22,19,-0.004668837,EXTERNE
22,20,-0.047646995,EXTERNE
22,21,0.3553391057,EXTERNE
22,22,0.1263709223,EXTERNE
22,23,0.0592370469,EXTERNE
22,24,0.0631710997,EXTERNE
22,25,0.2946383602,EXTERNE
22,26,-0.151844887,EXTERNE
22,27,-0.092751127,EXTERNE
22,28,-0.115324377,EXTERNE
22,29,-0.02401411,EXTERNE
22,30,0.0741843858,EXTERNE
22,31,0.113564471,EXTERNE
22,32,0.0630262176,EXTERNE
22,33,0.0322286636,EXTERNE
22,34,0.3669581633,EXTERNE
22,35,0.1937845913,EXTERNE
22,36,-0.045100659,EXTERNE
22,37,0.1539473412,EXTERNE
22,38,0.1034403378,EXTERNE
22,39,0.0643057051,EXTERNE
22,40,-0.264686719,EXTERNE
22,41,0.0458004952,EXTERNE
22,42,0.0493992952,EXTERNE
22,43,0.1232171252,EXTERNE
22,44,-0.00682368,EXTERNE
22,45,0.0402603807,EXTERNE
22,46,-0.034623009,EXTERNE
22,47,-0.05169193,EXTERNE
22,48,0.0441985335,EXTERNE
22,49,0.2610578588,EXTERNE
22,50,0.0520480212,EXTERNE
22,51,0.1513448067,EXTERNE
22,52,-0.168207429,EXTERNE
22,53,-0.034613622,EXTERNE
22,54,-0.125963748,EXTERNE
22,55,-0.394274385,EXTERNE
22,56,0.1762282486,EXTERNE
22,57,-0.063853652,EXTERNE
22,58,0.1904629672,EXTERNE
22,59,-0.152158995,EXTERNE
22,60,-0.1407013,EXTERNE
22,61,0.4144733542,EXTERNE
22,62,0.0372574679,EXTERNE
22,63,0.1291815734,EXTERNE
22,64,-0.049118019,EXTERNE
22,65,0.2150426414,EXTERNE
22,66,0.0831043601,EXTERNE
22,67,0.2325983689,EXTERNE
22,68,0.0006255993,EXTERNE
22,69,0.2331338067,EXTERNE
22,70,0.1792385645,EXTERNE
22,71,0.1314679731,EXTERNE
22,72,0.1560829565,EXTERNE
22,73,0.2532114802,EXTERNE
22,74,-0.051342893,EXTERNE
22,75,0.200108241,EXTERNE
22,76,-0.029791989,EXTERNE
22,77,-0.206643811,EXTERNE
22,78,-0.078791822,EXTERNE
22,79,0.1108721884,EXTERNE
22,80,-0.093992891,EXTERNE
22,81,-0.011735254,EXTERNE
22,82,-0.069999418,EXTERNE
22,83,0.0830879454,EXTERNE
22,84,0.0993279789,EXTERNE
22,85,0.1103697215,EXTERNE
22,86,0.1301941267,EXTERNE
22,87,0.080684737,EXTERNE
22,88,0.4433389721,EXTERNE
22,89,-0.143856251,EXTERNE
22,90,-0.152217543,EXTERNE
22,91,-0.094896514,EXTERNE
22,92,0.0610915865,EXTERNE
22,93,0.0769921108,EXTERNE
22,94,0.030906628,EXTERNE
22,95,-0.201083708,EXTERNE
22,96,0.0716986401,EXTERNE
22,97,-0.115980832,EXTERNE
22,98,-0.085786724,EXTERNE
22,99,-0.20307688,EXTERNE
22,100,-0.250497807,EXTERNE
23,1,0.216403379,EXTERNE
23,2,-0.167588404,EXTERNE
23,3,0.1039905016,EXTERNE
23,4,-0.004319834,EXTERNE
23,5,0.2598392164,EXTERNE
23,6,-0.155491954,EXTERNE
23,7,-0.076447952,EXTERNE
23,8,0.0186101348,EXTERNE
23,9,-0.114744379,EXTERNE
23,10,0.1644876426,EXTERNE
23,11,0.1408727692,EXTERNE
23,12,-0.122478711,EXTERNE
23,13,-0.082508086,EXTERNE
23,14,0.0494649823,EXTERNE
23,15,0.0814713318,EXTERNE
23,16,-0.135191505,EXTERNE
23,17,0.0252548364,EXTERNE
23,18,0.1270335659,EXTERNE
23,19,0.0039051237,EXTERNE
23,20,-0.284901755,EXTERNE
23,21,0.2191401499,EXTERNE
23,22,-0.070245181,EXTERNE
23,23,-0.182198106,EXTERNE
23,24,0.0908294286,EXTERNE
23,25,0.016216081,EXTERNE
23,26,-0.07698833,EXTERNE
23,27,0.3458976411,EXTERNE
23,28,-0.088932496,EXTERNE
23,29,-0.150683046,EXTERNE
23,30,0.249633438,EXTERNE
23,31,-0.161076335,EXTERNE
23,32,0.1319181382,EXTERNE
23,33,0.246017073,EXTERNE
23,34,-0.037972615,EXTERNE
23,35,0.1928314672,EXTERNE
23,36,0.0764407293,EXTERNE
23,37,0.0091302799,EXTERNE
23,38,0.1724621513,EXTERNE
23,39,-0.002176691,EXTERNE
23,40,-0.039546446,EXTERNE
23,41,0.1523660494,EXTERNE
23,42,0.0647805257,EXTERNE
23,43,-0.018587635,EXTERNE
23,44,0.4498260854,EXTERNE
23,45,0.1369024296,EXTERNE
23,46,0.0446972032,EXTERNE
23,47,0.3772455008,EXTERNE
23,48,0.1431843153,EXTERNE
23,49,0.0866749681,EXTERNE
23,50,0.3065103662,EXTERNE
23,51,0.1309081128,EXTERNE
23,52,-0.082747683,EXTERNE
23,53,-0.035153944,EXTERNE
23,54,0.0252456098,EXTERNE
23,55,0.0342667883,EXTERNE
23,56,0.2505008199,EXTERNE
23,57,0.0689143102,EXTERNE
23,58,-0.066083547,EXTERNE
23,59,0.0163908294,EXTERNE
23,60,-0.156797001,EXTERNE
23,61,-0.158283823,EXTERNE
23,62,0.379644142,EXTERNE
23,63,-0.09859376,EXTERNE
23,64,0.3303646373,EXTERNE
23,65,0.1821319676,EXTERNE
23,66,0.0907065846,EXTERNE
23,67,-0.067940936,EXTERNE
23,68,-0.055853442,EXTERNE
23,69,0.2733223582,EXTERNE
23,70,0.2334479041,EXTERNE
23,71,-0.242835412,EXTERNE
23,72,0.2063850112,EXTERNE
23,73,-0.06800876,EXTERNE
23,74,0.2559025951,EXTERNE
23,75,0.2416037372,EXTERNE
23,76,-0.136024412,EXTERNE
23,77,0.02115925,EXTERNE
23,78,0.1621415612,EXTERNE
23,79,0.11208049,EXTERNE
23,80,0.0197716069,EXTERNE
23,81,0.1478431944,EXTERNE
23,82,-0.07856863,EXTERNE
23,83,0.0641870098,EXTERNE
23,84,-0.068173233,EXTERNE
23,85,0.108661569,EXTERNE
23,86,0.3184011962,EXTERNE
23,87,0.038942772,EXTERNE
23,88,-0.103026278,EXTERNE
23,89,0.1660341667,EXTERNE
23,90,0.0917025955,EXTERNE
23,91,0.1600213249,EXTERNE
23,92,0.3808494003,EXTERNE
23,93,0.3927443139,EXTERNE
23,94,-0.073510195,EXTERNE
23,95,0.0785194299,EXTERNE
23,96,0.0129493299,EXTERNE
23,97,0.0430339132,EXTERNE
23,98,0.3530934931,EXTERNE
23,99,0.1017082094,EXTERNE
23,100,0.151793103,EXTERNE
24,1,0.007456546,EXTERNE
24,2,0.0175418444,EXTERNE
24,3,0.1695483302,EXTERNE
24,4,0.1605779414,EXTERNE
24,5,0.2523876885,EXTERNE
24,6,0.1496996254,EXTERNE
24,7,-0.07927652,EXTERNE
24,8,0.384635258,EXTERNE
24,9,0.0982366603,EXTERNE
24,10,-0.173336677,EXTERNE
24,11,-0.001663379,EXTERNE
24,12,0.0477916937,EXTERNE
24,13,0.0764173065,EXTERNE
24,14,0.0845215991,EXTERNE
24,15,0.1688761679,EXTERNE
24,16,0.004698024,EXTERNE
24,17,0.038037538,EXTERNE
24,18,-0.031371302,EXTERNE
24,19,0.2370024321,EXTERNE
24,20,0.0807118737,EXTERNE
24,21,0.3296024112,EXTERNE
24,22,0.1011399344,EXTERNE
24,23,0.1104927792,EXTERNE
24,24,-0.252074673,EXTERNE
24,25,-0.261358978,EXTERNE
24,26,0.0086196527,EXTERNE
24,27,0.1504936249,EXTERNE
24,28,0.2646808131,EXTERNE
24,29,0.1150268732,EXTERNE
24,30,0.0409677742,EXTERNE
24,31,-0.199396217,EXTERNE
24,32,-0.019758727,EXTERNE
24,33,0.3748777905,EXTERNE
24,34,-0.306512621,EXTERNE
24,35,0.2662180181,EXTERNE
24,36,-0.004131912,EXTERNE
24,37,0.1292794771,EXTERNE
24,38,0.0086175583,EXTERNE
24,39,0.2341719009,EXTERNE
24,40,0.0983727237,EXTERNE
24,41,0.0049412638,EXTERNE
24,42,-0.067155288,EXTERNE
24,43,0.1110069978,EXTERNE
24,44,0.0649465763,EXTERNE
24,45,0.0511186102,EXTERNE
24,46,0.1915892978,EXTERNE
24,47,-0.158754035,EXTERNE
24,48,-0.01245418,EXTERNE
24,49,0.256556476,EXTERNE
24,50,-0.037041049,EXTERNE
24,51,0.1511502323,EXTERNE
24,52,0.3030071278,EXTERNE
24,53,0.1036133919,EXTERNE
24,54,-0.109601662,EXTERNE
24,55,-0.060134148,EXTERNE
24,56,0.0587256186,EXTERNE
24,57,-0.030638013,EXTERNE
24,58,0.1417436344,EXTERNE
24,59,0.2958826666,EXTERNE
24,60,0.0992430084,EXTERNE
24,61,-0.053768961,EXTERNE
24,62,0.2839302592,EXTERNE
24,63,-0.005115635,EXTERNE
24,64,-0.123682379,EXTERNE
24,65,0.0598587546,EXTERNE
24,66,-0.030399409,EXTERNE
24,67,0.1429702308,EXTERNE
24,68,-0.124460466,EXTERNE
24,69,0.2562350294,EXTERNE
24,70,0.0017847984,EXTERNE
24,71,0.1163774987,EXTERNE
24,72,-0.026917334,EXTERNE
24,73,-0.255629943,EXTERNE
24,74,0.1140648609,EXTERNE
24,75,0.1143909847,EXTERNE
24,76,-0.114387377,EXTERNE
24,77,0.1911970833,EXTERNE
24,78,-0.050433498,EXTERNE
24,79,0.1141285954,EXTERNE
24,80,0.0864334262,EXTERNE
24,81,-0.029097257,EXTERNE
24,82,0.1731305053,EXTERNE
24,83,0.0077197851,EXTERNE
24,84,0.0010375024,EXTERNE
24,85,0.2098124244,EXTERNE
24,86,0.0384939449,EXTERNE
24,87,-0.269391918,EXTERNE
24,88,0.2478847812,EXTERNE
24,89,0.0699710225,EXTERNE
24,90,0.0010683814,EXTERNE
24,91,-0.100363455,EXTERNE
24,92,0.0034916769,EXTERNE
24,93,0.3582046987,EXTERNE
24,94,-0.107717237,EXTERNE
24,95,-0.01693323,EXTERNE
24,96,0.0641051247,EXTERNE
24,97,0.0818481485,EXTERNE
24,98,0.1127192711,EXTERNE
24,99,0.0012632756,EXTERNE
24,100,0.0210549587,EXTERNE
25,1,-0.211095568,EXTERNE
25,2,-0.04893577,EXTERNE
25,3,-0.162858499,EXTERNE
25,4,-0.047461219,EXTERNE
25,5,0.0361061218,EXTERNE
25,6,0.2151371012,EXTERNE
25,7,0.230354981,EXTERNE
25,8,0.1519425596,EXTERNE
25,9,0.009730913,EXTERNE
25,10,-0.051811214,EXTERNE
25,11,-0.181481722,EXTERNE
25,12,0.1012553607,EXTERNE
25,13,0.1261961169,EXTERNE
25,14,-0.144830058,EXTERNE
25,15,0.0557692385,EXTERNE
25,16,0.044192786,EXTERNE
25,17,-0.195858714,EXTERNE
25,18,0.214986935,EXTERNE
25,19,0.4184565267,EXTERNE
25,20,0.1632665969,EXTERNE
25,21,-0.111125297,EXTERNE
25,22,0.1888323241,EXTERNE
25,23,0.2233038634,EXTERNE
25,24,-0.011701819,EXTERNE
25,25,0.4214492137,EXTERNE
25,26,0.1679584684,EXTERNE
25,27,0.0110514746,EXTERNE
25,28,-0.065762309,EXTERNE
25,29,0.0471504835,EXTERNE
25,30,-0.003762353,EXTERNE
25,31,-0.210773302,EXTERNE
25,32,0.1572173924,EXTERNE
25,33,-0.28635753,EXTERNE
25,34,0.244392205,EXTERNE
25,35,-0.089869097,EXTERNE
25,36,0.0650081667,EXTERNE
25,37,-0.220160617,EXTERNE
25,38,0.3207190108,EXTERNE
25,39,0.3138842084,EXTERNE
25,40,-0.044517099,EXTERNE
25,41,0.1824433411,EXTERNE
25,42,-0.122227098,EXTERNE
25,43,0.1703933621,EXTERNE
25,44,-0.046956768,EXTERNE
25,45,0.1384050162,EXTERNE
25,46,0.0457474414,EXTERNE
25,47,-0.060585588,EXTERNE
25,48,-0.015356131,EXTERNE
25,49,0.20075364,EXTERNE
25,50,-0.063404653,EXTERNE
25,51,-0.261339211,EXTERNE
25,52,0.1889720003,EXTERNE
25,53,0.142534702,EXTERNE
25,54,0.1323056474,EXTERNE
25,55,0.0128496171,EXTERNE
25,56,0.0943644685,EXTERNE
25,57,0.0135122834,EXTERNE
25,58,0.1126853046,EXTERNE
25,59,0.0072193239,EXTERNE
25,60,0.0090676225,EXTERNE
25,61,-0.108799802,EXTERNE
25,62,0.0905233521,EXTERNE
25,63,0.0617461575,EXTERNE
25,64,0.060575127,EXTERNE
25,65,0.1535169733,EXTERNE
25,66,0.2555431127,EXTERNE
25,67,0.0237838455,EXTERNE
25,68,0.0834675158,EXTERNE
25,69,0.2799658406,EXTERNE
25,70,0.1539049059,EXTERNE
25,71,-0.025128211,EXTERNE
25,72,0.0327684901,EXTERNE
25,73,-0.329890682,EXTERNE
25,74,0.1564444842,EXTERNE
25,75,0.0496043248,EXTERNE
25,76,0.1532126076,EXTERNE
25,77,0.1886111656,EXTERNE
25,78,0.0808130276,EXTERNE
25,79,-0.07587295,EXTERNE
25,80,0.1189801933,EXTERNE
25,81,-0.055383223,EXTERNE
25,82,-0.148591722,EXTERNE
25,83,-0.060271178,EXTERNE
25,84,-0.210187706,EXTERNE
25,85,0.0308379546,EXTERNE
25,86,0.0649386021,EXTERNE
25,87,-0.141090074,EXTERNE
25,88,0.0232899684,EXTERNE
25,89,0.315711294,EXTERNE
25,90,0.1765867713,EXTERNE
25,91,0.2195590096,EXTERNE
25,92,0.3064490133,EXTERNE
25,93,-0.195120315,EXTERNE
25,94,0.1119140998,EXTERNE
25,95,0.2695624143,EXTERNE
25,96,0.2331265803,EXTERNE
25,97,0.2029145775,EXTERNE
25,98,0.1943788835,EXTERNE
25,99,0.2771873369,EXTERNE
25,100,0.160306368,EXTERNE
26,1,0.0265856289,EXTERNE
26,2,-0.355616798,EXTERNE
26,3,0.017057249,EXTERNE
26,4,0.249985244,EXTERNE
26,5,-0.134241891,EXTERNE
26,6,0.285172952,EXTERNE
26,7,0.3667325186,EXTERNE
26,8,0.0323635576,EXTERNE
26,9,-0.028763341,EXTERNE
26,10,-0.051407111,EXTERNE
26,11,0.1297641999,EXTERNE
26,12,0.0639104489,EXTERNE
26,13,0.1044228149,EXTERNE
26,14,-0.030556004,EXTERNE
26,15,0.2504182395,EXTERNE
26,16,0.1734768194,EXTERNE
26,17,-0.060591581,EXTERNE
26,18,0.0003940723,EXTERNE
26,19,0.0707949231,EXTERNE
26,20,0.1681273979,EXTERNE
26,21,-0.046718657,EXTERNE
26,22,-0.225320501,EXTERNE
26,23,0.0993313969,EXTERNE
26,24,0.1549741458,EXTERNE
26,25,-0.176743509,EXTERNE
26,26,0.2230232915,EXTERNE
26,27,0.1995640072,EXTERNE
26,28,0.1210650539,EXTERNE
26,29,-0.162192773,EXTERNE
26,30,-0.02236614,EXTERNE
26,31,-0.102703903,EXTERNE
26,32,-0.266355002,EXTERNE
26,33,-0.003178881,EXTERNE
26,34,-0.115138028,EXTERNE
26,35,0.1329144772,EXTERNE
26,36,0.2063408529,EXTERNE
26,37,-0.19341796,EXTERNE
26,38,0.2687166199,EXTERNE
26,39,-0.0943743,EXTERNE
26,40,0.1659365432,EXTERNE
26,41,-0.043002063,EXTERNE
26,42,0.0499126483,EXTERNE
26,43,-0.031099682,EXTERNE
26,44,0.0713075793,EXTERNE
26,45,-0.101252885,EXTERNE
26,46,0.1804030923,EXTERNE
26,47,-0.162257677,EXTERNE
26,48,0.2519300565,EXTERNE
26,49,-0.017624431,EXTERNE
26,50,0.0407862014,EXTERNE
26,51,0.1889764281,EXTERNE
26,52,0.2992816143,EXTERNE
26,53,0.010802515,EXTERNE
26,54,-0.270510248,EXTERNE
26,55,-0.024488028,EXTERNE
26,56,-0.10997288,EXTERNE
26,57,0.2533312627,EXTERNE
26,58,0.2255285216,EXTERNE
26,59,0.213340675,EXTERNE
26,60,0.1337702512,EXTERNE
26,61,0.2808509764,EXTERNE
26,62,-0.040943241,EXTERNE
26,63,0.0530777229,EXTERNE
26,64,0.2436841029,EXTERNE
26,65,-0.152001298,EXTERNE
26,66,0.1238353416,EXTERNE
26,67,0.1026742966,EXTERNE
26,68,-0.206408347,EXTERNE
26,69,0.030887096,EXTERNE
26,70,-0.196632179,EXTERNE
26,71,0.0694061565,EXTERNE
26,72,-0.007915069,EXTERNE
26,73,0.0409400479,EXTERNE
26,74,0.1433636511,EXTERNE
26,75,-0.094901891,EXTERNE
26,76,0.1356838901,EXTERNE
26,77,0.1131759941,EXTERNE
26,78,0.0290616649,EXTERNE
26,79,0.0094738444,EXTERNE
26,80,-0.062559064,EXTERNE
26,81,-0.100866308,EXTERNE
26,82,-0.023454569,EXTERNE
26,83,-0.192557922,EXTERNE
26,84,-0.152524775,EXTERNE
26,85,0.0218167046,EXTERNE
26,86,-0.003923853,EXTERNE
26,87,0.0342118977,EXTERNE
26,88,0.2743377839,EXTERNE
26,89,0.0221897767,EXTERNE
26,90,0.1605003549,EXTERNE
26,91,0.0124276272,EXTERNE
26,92,0.2198251126,EXTERNE
26,93,0.2397636761,EXTERNE
26,94,0.033590527,EXTERNE
26,95,0.0269705671,EXTERNE
26,96,0.0961746717,EXTERNE
26,97,0.0386536204,EXTERNE
26,98,0.0798564214,EXTERNE
26,99,-0.036953651,EXTERNE
26,100,0.1834576332,EXTERNE
27,1,-0.112777192,EXTERNE
27,2,0.1272126347,EXTERNE
27,3,0.1304632146,EXTERNE
27,4,0.1232511907,EXTERNE
27,5,0.1376710239,EXTERNE
27,6,0.1824695304,EXTERNE
27,7,-0.197467869,EXTERNE
27,8,0.162351335,EXTERNE
27,9,-0.163326949,EXTERNE
27,10,0.1435121834,EXTERNE
27,11,0.1136058237,EXTERNE
27,12,0.1780016291,EXTERNE
27,13,0.2407661254,EXTERNE
27,14,-0.237839485,EXTERNE
27,15,0.2143524436,EXTERNE
27,16,-0.027241795,EXTERNE
27,17,0.4502848204,EXTERNE
27,18,0.0974455195,EXTERNE
27,19,0.1618450621,EXTERNE
27,20,0.078943385,EXTERNE
27,21,0.2202888197,EXTERNE
27,22,-0.019607722,EXTERNE
27,23,-0.009973927,EXTERNE
27,24,0.2116545985,EXTERNE
27,25,-0.069042104,EXTERNE
27,26,0.0441291795,EXTERNE
27,27,0.1932938653,EXTERNE
27,28,-0.002018918,EXTERNE
27,29,-0.078175507,EXTERNE
27,30,-0.014279501,EXTERNE
27,31,0.0874129211,EXTERNE
27,32,0.0092940452,EXTERNE
27,33,0.0093683347,EXTERNE
27,34,0.0883123328,EXTERNE
27,35,-0.008710763,EXTERNE
27,36,0.012362064,EXTERNE
27,37,-0.029098203,EXTERNE
27,38,-0.116357462,EXTERNE
27,39,-0.229774739,EXTERNE
27,40,-0.001109932,EXTERNE
27,41,0.2336206944,EXTERNE
27,42,-0.21708804,EXTERNE
27,43,0.1660422368,EXTERNE
27,44,0.1821612047,EXTERNE
27,45,-0.026623411,EXTERNE
27,46,0.1712288363,EXTERNE
27,47,0.0798742762,EXTERNE
27,48,0.2598339108,EXTERNE
27,49,0.2778983978,EXTERNE
27,50,0.1229850604,EXTERNE
27,51,-0.138786864,EXTERNE
27,52,-0.204387974,EXTERNE
27,53,0.0656638288,EXTERNE
27,54,0.2626547542,EXTERNE
27,55,0.0579981024,EXTERNE
27,56,0.2314086948,EXTERNE
27,57,-0.117377556,EXTERNE
27,58,0.1722524023,EXTERNE
27,59,-0.07471934,EXTERNE
27,60,-0.006563922,EXTERNE
27,61,0.0833782024,EXTERNE
27,62,0.1774517563,EXTERNE
27,63,-0.194023826,EXTERNE
27,64,-0.139282358,EXTERNE
27,65,0.0220334672,EXTERNE
27,66,0.2973646023,EXTERNE
27,67,0.1148071111,EXTERNE
27,68,0.1398605897,EXTERNE
27,69,-0.018077027,EXTERNE
27,70,0.0988661807,EXTERNE
27,71,0.2867085687,EXTERNE
27,72,0.1594928879,EXTERNE
27,73,0.092313605,EXTERNE
27,74,-0.007127408,EXTERNE
27,75,0.0557823165,EXTERNE
27,76,-0.054297853,EXTERNE
27,77,-0.226948876,EXTERNE
27,78,0.0924854088,EXTERNE
27,79,0.169315353,EXTERNE
27,80,-0.074326598,EXTERNE
27,81,0.1215583193,EXTERNE
27,82,0.1808888668,EXTERNE
27,83,0.3703582884,EXTERNE
27,84,0.1037914948,EXTERNE
27,85,0.0296952773,EXTERNE
27,86,0.298839501,EXTERNE
27,87,-0.151107553,EXTERNE
27,88,0.125661633,EXTERNE
27,89,-0.013892682,EXTERNE
27,90,-0.168114865,EXTERNE
27,91,0.1073708497,EXTERNE
27,92,-0.033251833,EXTERNE
27,93,-0.129042269,EXTERNE
27,94,0.1925296437,EXTERNE
27,95,-0.152288675,EXTERNE
27,96,0.1060007291,EXTERNE
27,97,0.1259618677,EXTERNE
27,98,0.1364211056,EXTERNE
27,99,0.0286400713,EXTERNE
27,100,0.1716431966,EXTERNE
28,1,0.0379384432,EXTERNE
28,2,-0.018190841,EXTERNE
28,3,0.0275594511,EXTERNE
28,4,0.0241233042,EXTERNE
28,5,0.1537540899,EXTERNE
28,6,-0.100559939,EXTERNE
28,7,0.1200795759,EXTERNE
28,8,0.2584204263,EXTERNE
28,9,0.0488367182,EXTERNE
28,10,0.0506115255,EXTERNE
28,11,0.2331864965,EXTERNE
28,12,0.0396427197,EXTERNE
28,13,0.0416929734,EXTERNE
28,14,0.1043622877,EXTERNE
28,15,0.0198077056,EXTERNE
28,16,0.3775640851,EXTERNE
28,17,0.0567277387,EXTERNE
28,18,0.0478750247,EXTERNE
28,19,0.0766059277,EXTERNE
28,20,0.0210275771,EXTERNE
28,21,0.3129551497,EXTERNE
28,22,0.1099911983,EXTERNE
28,23,0.0082642155,EXTERNE
28,24,-0.008086106,EXTERNE
28,25,0.1864448237,EXTERNE
28,26,-0.005449492,EXTERNE
28,27,0.0983528024,EXTERNE
28,28,-0.20569882,EXTERNE
28,29,-0.199092728,EXTERNE
28,30,0.0449099433,EXTERNE
28,31,-0.2255086,EXTERNE
28,32,0.1551619418,EXTERNE
28,33,0.0681310594,EXTERNE
28,34,0.0531264214,EXTERNE
28,35,0.134628203,EXTERNE
28,36,0.1102673504,EXTERNE
28,37,0.3809710186,EXTERNE
28,38,0.120741586,EXTERNE
28,39,0.0672945307,EXTERNE
28,40,0.0546097677,EXTERNE
28,41,0.1403861825,EXTERNE
28,42,0.1403393431,EXTERNE
28,43,0.081854577,EXTERNE
28,44,0.1145309603,EXTERNE
28,45,0.1911073448,EXTERNE
28,46,0.0013298062,EXTERNE
28,47,-0.203322809,EXTERNE
28,48,0.1345283665,EXTERNE
28,49,-0.287328065,EXTERNE
28,50,0.3594976608,EXTERNE
28,51,-0.09789043,EXTERNE
28,52,0.3623231094,EXTERNE
28,53,-0.260217839,EXTERNE
28,54,0.0897687356,EXTERNE
28,55,-0.175130746,EXTERNE
28,56,-0.171654108,EXTERNE
28,57,-0.160577745,EXTERNE
28,58,-0.087305016,EXTERNE
28,59,0.0581181196,EXTERNE
28,60,-0.041144387,EXTERNE
28,61,-0.086671533,EXTERNE
28,62,-0.038828545,EXTERNE
28,63,-0.023747402,EXTERNE
28,64,-0.022979136,EXTERNE
28,65,0.0922910988,EXTERNE
28,66,0.187431754,EXTERNE
28,67,-0.141913093,EXTERNE
28,68,0.1419044754,EXTERNE
28,69,-0.007547584,EXTERNE
28,70,0.0388501945,EXTERNE
28,71,-0.165458947,EXTERNE
28,72,-0.02887343,EXTERNE
28,73,0.206606054,EXTERNE
28,74,0.1513918317,EXTERNE
28,75,0.0279275002,EXTERNE
28,76,0.447356906,EXTERNE
28,77,0.0546149313,EXTERNE
28,78,-0.005817033,EXTERNE
28,79,0.1082617502,EXTERNE
28,80,-0.053482402,EXTERNE
28,81,-0.066051691,EXTERNE
28,82,0.0971534363,EXTERNE
28,83,-0.051812727,EXTERNE
28,84,0.1381561631,EXTERNE
28,85,-0.091220016,EXTERNE
28,86,0.0661928538,EXTERNE
28,87,0.0304042415,EXTERNE
28,88,0.2950032493,EXTERNE
28,89,-0.039330626,EXTERNE
28,90,0.0652263299,EXTERNE
28,91,-0.075621049,EXTERNE
28,92,0.1703085094,EXTERNE
28,93,0.0158781218,EXTERNE
28,94,-0.016035528,EXTERNE
28,95,-0.004876406,EXTERNE
28,96,-0.134570226,EXTERNE
28,97,0.0246817807,EXTERNE
28,98,0.122065014,EXTERNE
28,99,-0.058070787,EXTERNE
28,100,-0.202066444,EXTERNE
29,1,0.068523706,EXTERNE
29,2,-0.087485559,EXTERNE
29,3,-0.110648597,EXTERNE
29,4,-0.005274312,EXTERNE
29,5,0.1790958684,EXTERNE
29,6,0.0687704965,EXTERNE
29,7,0.3044084002,EXTERNE
29,8,0.1737978359,EXTERNE
29,9,0.3134813136,EXTERNE
29,10,0.259889993,EXTERNE
29,11,0.0645621339,EXTERNE
29,12,-0.124334678,EXTERNE
29,13,-0.061091902,EXTERNE
29,14,0.0695528417,EXTERNE
29,15,0.0847460022,EXTERNE
29,16,-0.015700704,EXTERNE
29,17,0.1474834841,EXTERNE
29,18,0.0778981035,EXTERNE
29,19,-0.020290882,EXTERNE
29,20,0.3628082512,EXTERNE
29,21,-0.113281078,EXTERNE
29,22,0.0903057539,EXTERNE
29,23,0.0953274576,EXTERNE
29,24,-0.146579825,EXTERNE
29,25,0.036233493,EXTERNE
29,26,-0.066711321,EXTERNE
29,27,-0.108817589,EXTERNE
29,28,-0.126233407,EXTERNE
29,29,-0.131336414,EXTERNE
29,30,0.1197189136,EXTERNE
29,31,0.0180659554,EXTERNE
29,32,0.01276672,EXTERNE
29,33,0.0990847791,EXTERNE
29,34,0.1824538997,EXTERNE
29,35,-0.014074928,EXTERNE
29,36,-0.135743198,EXTERNE
29,37,0.089621436,EXTERNE
29,38,-0.063679239,EXTERNE
29,39,-0.068117533,EXTERNE
29,40,0.0051831012,EXTERNE
29,41,0.1275756403,EXTERNE
29,42,-0.028033433,EXTERNE
29,43,-0.062965993,EXTERNE
29,44,-0.153307519,EXTERNE
29,45,-0.099534258,EXTERNE
29,46,0.0231740453,EXTERNE
29,47,0.1256040824,EXTERNE
29,48,0.0566499681,EXTERNE
29,49,0.1266045736,EXTERNE
29,50,-0.107307122,EXTERNE
29,51,0.3877053909,EXTERNE
29,52,0.1472734993,EXTERNE
29,53,-0.025839403,EXTERNE
29,54,0.0434568114,EXTERNE
29,55,-0.052169746,EXTERNE
29,56,-0.033327474,EXTERNE
29,57,-0.099422456,EXTERNE
29,58,-0.124822033,EXTERNE
29,59,-0.05485257,EXTERNE
29,60,0.0196786881,EXTERNE
29,61,-0.071345647,EXTERNE
29,62,-0.093106972,EXTERNE
29,63,0.0276757983,EXTERNE
29,64,-0.093116491,EXTERNE
29,65,0.0197641988,EXTERNE
29,66,0.0841413308,EXTERNE
29,67,0.2031400486,EXTERNE
29,68,-0.100942956,EXTERNE
29,69,-0.00924861,EXTERNE
29,70,0.094487836,EXTERNE
29,71,0.0700100627,EXTERNE
29,72,-0.010595165,EXTERNE
29,73,0.3059840829,EXTERNE
29,74,-0.115770961,EXTERNE
29,75,0.0618800267,EXTERNE
29,76,0.3880846547,EXTERNE
29,77,0.1333035614,EXTERNE
29,78,-0.23390809,EXTERNE
29,79,-0.123021015,EXTERNE
29,80,-0.192323341,EXTERNE
29,81,0.0402410258,EXTERNE
29,82,0.2814649246,EXTERNE
29,83,0.110873657,EXTERNE
29,84,0.0800683056,EXTERNE
29,85,0.058860515,EXTERNE
29,86,0.1196916901,EXTERNE
29,87,-0.049334233,EXTERNE
29,88,-0.034736239,EXTERNE
29,89,0.0677503217,EXTERNE
29,90,0.1843747192,EXTERNE
29,91,-0.027188454,EXTERNE
29,92,0.297978214,EXTERNE
29,93,-0.105787021,EXTERNE
29,94,-0.021218388,EXTERNE
29,95,0.1799298827,EXTERNE
29,96,0.2732830763,EXTERNE
29,97,0.2773260731,EXTERNE
29,98,0.1141729957,EXTERNE
29,99,0.1364804639,EXTERNE
29,100,0.1170087841,EXTERNE
30,1,0.1764807415,EXTERNE
30,2,0.2020019551,EXTERNE
30,3,-0.005187959,EXTERNE
30,4,-0.035906284,EXTERNE
30,5,0.350284066,EXTERNE
30,6,-0.193615584,EXTERNE
30,7,0.2710698133,EXTERNE
30,8,-0.210249633,EXTERNE
30,9,-0.134845619,EXTERNE
30,10,0.0722269522,EXTERNE
30,11,-0.189499773,EXTERNE
30,12,0.0963437077,EXTERNE
30,13,-0.120090781,EXTERNE
30,14,0.0602513028,EXTERNE
30,15,-0.126254844,EXTERNE
30,16,-0.111511508,EXTERNE
30,17,-0.013965674,EXTERNE
30,18,0.1451444909,EXTERNE
30,19,0.0951225146,EXTERNE
30,20,0.2250415677,EXTERNE
30,21,0.0027570123,EXTERNE
30,22,0.1304955127,EXTERNE
30,23,0.1896632969,EXTERNE
30,24,0.3163085504,EXTERNE
30,25,-0.175722773,EXTERNE
30,26,-0.145729569,EXTERNE
30,27,0.0508845504,EXTERNE
30,28,0.0101188666,EXTERNE
30,29,-0.18381907,EXTERNE
30,30,0.2983504286,EXTERNE
30,31,0.0507922278,EXTERNE
30,32,-0.127075187,EXTERNE
30,33,-0.226563932,EXTERNE
30,34,0.0366637159,EXTERNE
30,35,-0.046627384,EXTERNE
30,36,0.1265635557,EXTERNE
30,37,0.0182295697,EXTERNE
30,38,0.0896434351,EXTERNE
30,39,-0.020929471,EXTERNE
30,40,0.3302222832,EXTERNE
30,41,-0.057298975,EXTERNE
30,42,0.170673389,EXTERNE
30,43,-0.115470222,EXTERNE
30,44,0.1599629402,EXTERNE
30,45,-0.074256559,EXTERNE
30,46,0.0217277961,EXTERNE
30,47,-0.082153244,EXTERNE
30,48,-0.103302554,EXTERNE
30,49,0.0635638145,EXTERNE
30,50,-0.019050481,EXTERNE
30,51,0.1173248484,EXTERNE
30,52,-0.046527242,EXTERNE
30,53,0.0671495748,EXTERNE
30,54,0.0805286158,EXTERNE
30,55,-0.105777191,EXTERNE
30,56,-0.108390744,EXTERNE
30,57,0.1001971059,EXTERNE
30,58,0.2131148014,EXTERNE
30,59,0.1117512947,EXTERNE
30,60,-0.063359073,EXTERNE
30,61,0.0784994,EXTERNE
30,62,-0.054504619,EXTERNE
30,63,0.0061912175,EXTERNE
30,64,0.3889158679,EXTERNE
30,65,0.1341743932,EXTERNE
30,66,-0.009674282,EXTERNE
30,67,-0.171743927,EXTERNE
30,68,0.1665724601,EXTERNE
30,69,-0.087034937,EXTERNE
30,70,-0.045368041,EXTERNE
30,71,0.002053349,EXTERNE
30,72,0.273314682,EXTERNE
30,73,-0.004354739,EXTERNE
30,74,-0.139931432,EXTERNE
30,75,0.0472068021,EXTERNE
30,76,0.3468203024,EXTERNE
30,77,0.2080112587,EXTERNE
30,78,0.171360603,EXTERNE
30,79,-0.052956334,EXTERNE
30,80,0.2314076869,EXTERNE
30,81,0.0230130938,EXTERNE
30,82,0.0640626333,EXTERNE
30,83,-0.009538756,EXTERNE
30,84,0.0105014508,EXTERNE
30,85,0.0103736375,EXTERNE
30,86,-0.08161268,EXTERNE
30,87,0.2062168394,EXTERNE
30,88,0.0847268609,EXTERNE
30,89,0.3329496782,EXTERNE
30,90,0.1222069999,EXTERNE
30,91,-0.17821874,EXTERNE
30,92,-0.016602944,EXTERNE
30,93,0.1010303395,EXTERNE
30,94,0.1866360169,EXTERNE
30,95,0.0686137633,EXTERNE
30,96,0.0321817481,EXTERNE
30,97,0.1057019387,EXTERNE
30,98,0.1542156152,EXTERNE
30,99,0.0897287934,EXTERNE
30,100,0.051185377,EXTERNE
31,1,0.0699940821,EXTERNE
31,2,0.1621705568,EXTERNE
31,3,-0.048941863,EXTERNE
31,4,0.0501389131,EXTERNE
31,5,-0.01270695,EXTERNE
31,6,-0.122985793,EXTERNE
31,7,-0.113787359,EXTERNE
31,8,0.137372542,EXTERNE
31,9,-0.07125713,EXTERNE
31,10,0.0739546617,EXTERNE
31,11,-0.186762189,EXTERNE
31,12,0.1407909516,EXTERNE
31,13,0.045958069,EXTERNE
31,14,-0.112196493,EXTERNE
31,15,0.0937933358,EXTERNE
31,16,-0.305587391,EXTERNE
31,17,0.0742177936,EXTERNE
31,18,0.2310912381,EXTERNE
31,19,0.0416242002,EXTERNE
31,20,0.1453540257,EXTERNE
31,21,0.0696447715,EXTERNE
31,22,-0.227199808,EXTERNE
31,23,0.2278309376,EXTERNE
31,24,0.008984844,EXTERNE
31,25,0.1443073878,EXTERNE
31,26,0.1387668243,EXTERNE
31,27,0.0041392568,EXTERNE
31,28,0.0965049761,EXTERNE
31,29,0.2451384113,EXTERNE
31,30,-0.185655482,EXTERNE
31,31,0.0699145081,EXTERNE
31,32,0.037860151,EXTERNE
31,33,0.2207468468,EXTERNE
31,34,-0.030940675,EXTERNE
31,35,0.1628452744,EXTERNE
31,36,0.2564102246,EXTERNE
31,37,0.2769787857,EXTERNE
31,38,-0.133022498,EXTERNE
31,39,0.0211833113,EXTERNE
31,40,-0.252853589,EXTERNE
31,41,-0.227325713,EXTERNE
31,42,-0.116382468,EXTERNE
31,43,-0.022054261,EXTERNE
31,44,0.0025623923,EXTERNE
31,45,0.1591724891,EXTERNE
31,46,0.2275141771,EXTERNE
31,47,-0.229918406,EXTERNE
31,48,-0.217126672,EXTERNE
31,49,-0.099732621,EXTERNE
31,50,0.1244692068,EXTERNE
31,51,0.3732861351,EXTERNE
31,52,-0.110514729,EXTERNE
31,53,-0.05121961,EXTERNE
31,54,-0.036812841,EXTERNE
31,55,-0.081426142,EXTERNE
31,56,-0.095781243,EXTERNE
31,57,-0.10557699,EXTERNE
31,58,0.0038667462,EXTERNE
31,59,-0.031835427,EXTERNE
31,60,0.0567502814,EXTERNE
31,61,-0.182071965,EXTERNE
31,62,-0.246158785,EXTERNE
31,63,0.0417381276,EXTERNE
31,64,-0.05787016,EXTERNE
31,65,0.0480469276,EXTERNE
31,66,0.1268068302,EXTERNE
31,67,-0.077300407,EXTERNE
31,68,-0.032978548,EXTERNE
31,69,0.2276609751,EXTERNE
31,70,0.1914503566,EXTERNE
31,71,0.0917406094,EXTERNE
31,72,0.0159562048,EXTERNE
31,73,-0.277278996,EXTERNE
31,74,0.0379513778,EXTERNE
31,75,-0.170342177,EXTERNE
31,76,-0.125839959,EXTERNE
31,77,0.0279324338,EXTERNE
31,78,0.0195648574,EXTERNE
31,79,-0.044710488,EXTERNE
31,80,0.1872627156,EXTERNE
31,81,0.1249919643,EXTERNE
31,82,-0.022735676,EXTERNE
31,83,-0.064285995,EXTERNE
31,84,0.3274696478,EXTERNE
31,85,0.1542215211,EXTERNE
31,86,0.1059611323,EXTERNE
31,87,0.0819684443,EXTERNE
31,88,-0.01684832,EXTERNE
31,89,0.008080925,EXTERNE
31,90,0.2622064342,EXTERNE
31,91,0.0945483569,EXTERNE
31,92,0.0092017597,EXTERNE
31,93,0.0104410313,EXTERNE
31,94,0.0496552529,EXTERNE
31,95,0.304709155,EXTERNE
31,96,0.0153828436,EXTERNE
31,97,0.3896658674,EXTERNE
31,98,0.037162579,EXTERNE
31,99,-0.274335069,EXTERNE
31,100,0.0095051887,EXTERNE
32,1,-0.077606306,EXTERNE
32,2,0.0961353447,EXTERNE
32,3,0.0090588595,EXTERNE
32,4,-0.275974632,EXTERNE
32,5,0.0814047393,EXTERNE
32,6,-0.009453062,EXTERNE
32,7,0.1493802563,EXTERNE
32,8,-0.363510973,EXTERNE
32,9,0.0112885761,EXTERNE
32,10,0.1662617114,EXTERNE
32,11,0.0668112757,EXTERNE
32,12,0.1681591977,EXTERNE
32,13,-0.025448315,EXTERNE
32,14,0.2874640086,EXTERNE
32,15,0.1951869746,EXTERNE
32,16,-0.017541072,EXTERNE
32,17,-0.098178903,EXTERNE
32,18,-0.069608115,EXTERNE
32,19,0.211427218,EXTERNE
32,20,0.1081182105,EXTERNE
32,21,-0.205923538,EXTERNE
32,22,-0.120970014,EXTERNE
32,23,-0.038430396,EXTERNE
32,24,-0.10525041,EXTERNE
32,25,0.0670688805,EXTERNE
32,26,0.2108877594,EXTERNE
32,27,-0.070962628,EXTERNE
32,28,-0.260541074,EXTERNE
32,29,0.1472976872,EXTERNE
32,30,-0.132848788,EXTERNE
32,31,-0.055075292,EXTERNE
32,32,-0.002172631,EXTERNE
32,33,-0.038861831,EXTERNE
32,34,0.0524972802,EXTERNE
32,35,0.0416657711,EXTERNE
32,36,0.1363022397,EXTERNE
32,37,0.000255395,EXTERNE
32,38,-0.060455211,EXTERNE
32,39,-0.153753155,EXTERNE
32,40,-0.07401067,EXTERNE
32,41,0.243868371,EXTERNE
32,42,0.0850882845,EXTERNE
32,43,0.0463185375,EXTERNE
32,44,0.1217018878,EXTERNE
32,45,0.0792348983,EXTERNE
32,46,0.2683082232,EXTERNE
32,47,-0.179960229,EXTERNE
32,48,0.2908094986,EXTERNE
32,49,-0.333989935,EXTERNE
32,50,-0.113819695,EXTERNE
32,51,0.1002972451,EXTERNE
32,52,-0.10516051,EXTERNE
32,53,0.2185555825,EXTERNE
32,54,0.1559885628,EXTERNE
32,55,0.2031482714,EXTERNE
32,56,-0.02493255,EXTERNE
32,57,-0.093091414,EXTERNE
32,58,0.1252680034,EXTERNE
32,59,0.1672029839,EXTERNE
32,60,-0.16041881,EXTERNE
32,61,-0.019687234,EXTERNE
32,62,-0.215310247,EXTERNE
32,63,0.0171044289,EXTERNE
32,64,0.2340825563,EXTERNE
32,65,0.0875647208,EXTERNE
32,66,0.2719486148,EXTERNE
32,67,0.2565377294,EXTERNE
32,68,0.1427841593,EXTERNE
32,69,0.3404186278,EXTERNE
32,70,0.1339117536,EXTERNE
32,71,-0.143993429,EXTERNE
32,72,0.0744003974,EXTERNE
32,73,0.2798711889,EXTERNE
32,74,-0.095509429,EXTERNE
32,75,0.0395728285,EXTERNE
32,76,-0.137976702,EXTERNE
32,77,0.0465767029,EXTERNE
32,78,-0.071236838,EXTERNE
32,79,-0.012769545,EXTERNE
32,80,0.4299620831,EXTERNE
32,81,0.0968179825,EXTERNE
32,82,-0.119079974,EXTERNE
32,83,-0.160457645,EXTERNE
32,84,0.1728021634,EXTERNE
32,85,0.1767378235,EXTERNE
32,86,-0.144695228,EXTERNE
32,87,-0.269865756,EXTERNE
32,88,0.0270048278,EXTERNE
32,89,-0.231132463,EXTERNE
32,90,0.0968456278,EXTERNE
32,91,-0.137286632,EXTERNE
32,92,-0.107629565,EXTERNE
32,93,0.26376708,EXTERNE
32,94,0.1941505857,EXTERNE
32,95,-0.240699376,EXTERNE
32,96,-0.277064407,EXTERNE
32,97,0.0570174758,EXTERNE
32,98,-0.088256276,EXTERNE
32,99,0.218668442,EXTERNE
32,100,0.1220239524,EXTERNE
33,1,0.2132705107,EXTERNE
33,2,0.0840485014,EXTERNE
33,3,-0.145739422,EXTERNE
33,4,-0.087785678,EXTERNE
33,5,-0.02564195,EXTERNE
33,6,-0.039818746,EXTERNE
33,7,0.1127326997,EXTERNE
33,8,-0.170187263,EXTERNE
33,9,-0.019822292,EXTERNE
33,10,0.0313240267,EXTERNE
33,11,0.0061377343,EXTERNE
33,12,0.3487989861,EXTERNE
33,13,0.130808007,EXTERNE
33,14,-0.02407851,EXTERNE
33,15,0.1841642675,EXTERNE
33,16,0.0322630176,EXTERNE
33,17,0.0781825758,EXTERNE
33,18,0.0732184803,EXTERNE
33,19,0.322821945,EXTERNE
33,20,0.0379193107,EXTERNE
33,21,0.0489312489,EXTERNE
33,22,-0.351650202,EXTERNE
33,23,0.4293382181,EXTERNE
33,24,0.1789429151,EXTERNE
33,25,0.1838003812,EXTERNE
33,26,-0.063821952,EXTERNE
33,27,-0.09558536,EXTERNE
33,28,0.0426019772,EXTERNE
33,29,0.0509769306,EXTERNE
33,30,-0.109195207,EXTERNE
33,31,-0.053426582,EXTERNE
33,32,0.0870705142,EXTERNE
33,33,-0.406672443,EXTERNE
33,34,-0.015939195,EXTERNE
33,35,0.2504842398,EXTERNE
33,36,-0.00953588,EXTERNE
33,37,-0.204780902,EXTERNE
33,38,-0.03232234,EXTERNE
33,39,0.0492544657,EXTERNE
33,40,-0.327175007,EXTERNE
33,41,0.1893917006,EXTERNE
33,42,-0.047040713,EXTERNE
33,43,0.1454985681,EXTERNE
33,44,-0.188806411,EXTERNE
33,45,0.1205355037,EXTERNE
33,46,0.2763595323,EXTERNE
33,47,-0.046240885,EXTERNE
33,48,0.2373593765,EXTERNE
33,49,0.012150567,EXTERNE
33,50,-0.028307809,EXTERNE
33,51,-0.078719556,EXTERNE
33,52,0.2004913333,EXTERNE
33,53,0.1650601416,EXTERNE
33,54,-0.043703853,EXTERNE
33,55,-0.158680714,EXTERNE
33,56,-0.064447743,EXTERNE
33,57,0.1665895206,EXTERNE
33,58,0.1247322508,EXTERNE
33,59,0.2192310385,EXTERNE
33,60,-0.117425353,EXTERNE
33,61,0.1237892815,EXTERNE
33,62,0.0701596084,EXTERNE
33,63,0.1765540683,EXTERNE
33,64,-0.0233888,EXTERNE
33,65,-0.003121703,EXTERNE
33,66,-0.019980043,EXTERNE
33,67,-0.085760189,EXTERNE
33,68,0.0768795946,EXTERNE
33,69,0.2486329202,EXTERNE
33,70,0.1203697948,EXTERNE
33,71,0.038289053,EXTERNE
33,72,0.3098941532,EXTERNE
33,73,-0.014141508,EXTERNE
33,74,-0.088417645,EXTERNE
33,75,-0.060761493,EXTERNE
33,76,-0.111376556,EXTERNE
33,77,0.0973526595,EXTERNE
33,78,-0.115698385,EXTERNE
33,79,0.1285707484,EXTERNE
33,80,0.1009704919,EXTERNE
33,81,0.0182614855,EXTERNE
33,82,0.2584243655,EXTERNE
33,83,-0.038759047,EXTERNE
33,84,-0.037794147,EXTERNE
33,85,-0.066538424,EXTERNE
33,86,0.2268161593,EXTERNE
33,87,-0.057400829,EXTERNE
33,88,0.221611445,EXTERNE
33,89,0.1612905311,EXTERNE
33,90,0.162888686,EXTERNE
33,91,-0.012977158,EXTERNE
33,92,-0.020919685,EXTERNE
33,93,0.3094608798,EXTERNE
33,94,0.3645295501,EXTERNE
33,95,-0.041509619,EXTERNE
33,96,0.0198772641,EXTERNE
33,97,0.2358248996,EXTERNE
33,98,-0.14829481,EXTERNE
33,99,0.158137956,EXTERNE
33,100,-0.115876537,EXTERNE
34,1,0.0345551976,EXTERNE
34,2,-0.119942126,EXTERNE
34,3,0.2020705339,EXTERNE
34,4,0.2758317314,EXTERNE
34,5,-0.097623514,EXTERNE
34,6,0.0721726178,EXTERNE
34,7,-0.203463696,EXTERNE
34,8,0.1705410543,EXTERNE
34,9,-0.145083519,EXTERNE
34,10,-0.04528722,EXTERNE
34,11,-0.125474149,EXTERNE
34,12,0.0307882471,EXTERNE
34,13,0.1058509329,EXTERNE
34,14,-0.147245474,EXTERNE
34,15,0.0055257208,EXTERNE
34,16,-0.023343734,EXTERNE
34,17,-0.019685873,EXTERNE
34,18,-0.142239729,EXTERNE
34,19,0.3273676341,EXTERNE
34,20,-0.175325355,EXTERNE
34,21,0.2427101193,EXTERNE
34,22,-0.035791676,EXTERNE
34,23,0.0128386361,EXTERNE
34,24,0.0435743015,EXTERNE
34,25,0.1606868351,EXTERNE
34,26,-0.11556696,EXTERNE
34,27,0.2413999553,EXTERNE
34,28,-0.060956311,EXTERNE
34,29,0.069102806,EXTERNE
34,30,0.1837862487,EXTERNE
34,31,-0.054366052,EXTERNE
34,32,0.2277159234,EXTERNE
34,33,-0.08035235,EXTERNE
34,34,0.0276778334,EXTERNE
34,35,-0.003366076,EXTERNE
34,36,0.1533658472,EXTERNE
34,37,-0.035584453,EXTERNE
34,38,-0.362999365,EXTERNE
34,39,-0.118034632,EXTERNE
34,40,-0.16654854,EXTERNE
34,41,-0.013204206,EXTERNE
34,42,0.3999697092,EXTERNE
34,43,0.3146367988,EXTERNE
34,44,0.2554413742,EXTERNE
34,45,-0.030866262,EXTERNE
34,46,0.0003715258,EXTERNE
34,47,0.1726496563,EXTERNE
34,48,0.0733427488,EXTERNE
34,49,0.0279889787,EXTERNE
34,50,0.2000626457,EXTERNE
34,51,-0.040331063,EXTERNE
34,52,0.0362430887,EXTERNE
34,53,-0.335698921,EXTERNE
34,54,0.1173465378,EXTERNE
34,55,-0.029160684,EXTERNE
34,56,0.1686687507,EXTERNE
34,57,0.0992807829,EXTERNE
34,58,0.0144983825,EXTERNE
34,59,0.1248033864,EXTERNE
34,60,0.084556361,EXTERNE
34,61,0.1900765504,EXTERNE
34,62,-0.024671565,EXTERNE
34,63,0.0578619336,EXTERNE
34,64,0.0817768341,EXTERNE
34,65,0.0833117249,EXTERNE
34,66,0.1163044378,EXTERNE
34,67,0.157525421,EXTERNE
34,68,0.0289773595,EXTERNE
34,69,0.1302514693,EXTERNE
34,70,0.4266902981,EXTERNE
34,71,-0.022204871,EXTERNE
34,72,0.1374695823,EXTERNE
34,73,-0.21570756,EXTERNE
34,74,-0.062577882,EXTERNE
34,75,0.06385431,EXTERNE
34,76,0.2702483392,EXTERNE
34,77,-0.119032506,EXTERNE
34,78,0.0653612631,EXTERNE
34,79,0.1089998436,EXTERNE
34,80,0.0482070744,EXTERNE
34,81,-0.061442155,EXTERNE
34,82,0.1552958526,EXTERNE
34,83,-0.032230354,EXTERNE
34,84,-0.115159603,EXTERNE
34,85,0.0690783633,EXTERNE
34,86,0.134808636,EXTERNE
34,87,0.089286402,EXTERNE
34,88,0.275130541,EXTERNE
34,89,-0.102398927,EXTERNE
34,90,0.0528274694,EXTERNE
34,91,-0.02885804,EXTERNE
34,92,0.3818901072,EXTERNE
34,93,0.0982448977,EXTERNE
34,94,0.0812651587,EXTERNE
34,95,0.0062700178,EXTERNE
34,96,-0.212610614,EXTERNE
34,97,0.211275633,EXTERNE
34,98,-0.07264461,EXTERNE
34,99,0.0246668916,EXTERNE
34,100,-0.188734937,EXTERNE
35,1,0.0480680074,EXTERNE
35,2,-0.021989179,EXTERNE
35,3,0.0443558107,EXTERNE
35,4,-0.154102435,EXTERNE
35,5,-0.119805223,EXTERNE
35,6,0.1395732146,EXTERNE
35,7,-0.139257548,EXTERNE
35,8,0.0211833268,EXTERNE
35,9,-0.036894883,EXTERNE
35,10,-0.088214983,EXTERNE
35,11,-0.051955799,EXTERNE
35,12,0.1748476593,EXTERNE
35,13,-0.018663748,EXTERNE
35,14,-0.009686092,EXTERNE
35,15,0.1288634167,EXTERNE
35,16,0.2256582253,EXTERNE
35,17,0.0638210146,EXTERNE
35,18,0.4110396671,EXTERNE
35,19,0.2281647929,EXTERNE
35,20,-0.165576873,EXTERNE
35,21,0.028125281,EXTERNE
35,22,0.0501369454,EXTERNE
35,23,0.0746147315,EXTERNE
35,24,0.0040036356,EXTERNE
35,25,0.1056897153,EXTERNE
35,26,0.1334719287,EXTERNE
35,27,0.1330550052,EXTERNE
35,28,0.0754585405,EXTERNE
35,29,0.2474922809,EXTERNE
35,30,-0.046933849,EXTERNE
35,31,-0.037172375,EXTERNE
35,32,-0.003865617,EXTERNE
35,33,-0.185634265,EXTERNE
35,34,0.0706976946,EXTERNE
35,35,-0.090296079,EXTERNE
35,36,0.0271361412,EXTERNE
35,37,0.0319446834,EXTERNE
35,38,-0.091756909,EXTERNE
35,39,0.0690642603,EXTERNE
35,40,0.2012742935,EXTERNE
35,41,0.1306334836,EXTERNE
35,42,-0.08317868,EXTERNE
35,43,0.095198493,EXTERNE
35,44,0.1375978691,EXTERNE
35,45,0.0507944742,EXTERNE
35,46,0.0360252782,EXTERNE
35,47,0.0257406383,EXTERNE
35,48,0.044665549,EXTERNE
35,49,-0.119304818,EXTERNE
35,50,0.0273487319,EXTERNE
35,51,0.294230377,EXTERNE
35,52,0.172805452,EXTERNE
35,53,0.1759780621,EXTERNE
35,54,0.011403076,EXTERNE
35,55,-0.056683792,EXTERNE
35,56,-0.027427291,EXTERNE
35,57,-0.044304954,EXTERNE
35,58,0.0959325317,EXTERNE
35,59,-0.054054902,EXTERNE
35,60,-0.006626202,EXTERNE
35,61,0.1556837016,EXTERNE
35,62,0.0357712822,EXTERNE
35,63,0.0769796311,EXTERNE
35,64,0.0709933296,EXTERNE
35,65,0.1761232699,EXTERNE
35,66,0.0719558574,EXTERNE
35,67,0.1127021478,EXTERNE
35,68,0.1650659489,EXTERNE
35,69,-0.273904688,EXTERNE
35,70,0.0067517541,EXTERNE
35,71,-0.077057874,EXTERNE
35,72,-0.090046726,EXTERNE
35,73,-0.046266509,EXTERNE
35,74,-0.255011386,EXTERNE
35,75,0.2716872306,EXTERNE
35,76,-0.064177983,EXTERNE
35,77,0.2524099917,EXTERNE
35,78,0.0256408654,EXTERNE
35,79,0.2333546086,EXTERNE
35,80,0.00132283,EXTERNE
35,81,-0.14210681,EXTERNE
35,82,-0.035496169,EXTERNE
35,83,0.3269307464,EXTERNE
35,84,0.3215241848,EXTERNE
35,85,-0.307038506,EXTERNE
35,86,-0.038629112,EXTERNE
35,87,-0.070445578,EXTERNE
35,88,0.0706953185,EXTERNE
35,89,-0.149105876,EXTERNE
35,90,-0.107915329,EXTERNE
35,91,-0.05779778,EXTERNE
35,92,0.087731324,EXTERNE
35,93,-0.0809169,EXTERNE
35,94,-0.119502216,EXTERNE
35,95,-0.272375428,EXTERNE
35,96,0.2904430747,EXTERNE
35,97,0.0797408764,EXTERNE
35,98,-0.235123052,EXTERNE
35,99,0.1005983235,EXTERNE
35,100,-0.376498547,EXTERNE
36,1,-0.121776118,EXTERNE
36,2,0.2198180646,EXTERNE
36,3,0.0035821531,EXTERNE
36,4,0.1025061772,EXTERNE
36,5,0.3169741062,EXTERNE
36,6,-0.03554055,EXTERNE
36,7,-0.12780937,EXTERNE
36,8,0.2129135133,EXTERNE
36,9,0.2730000489,EXTERNE
36,10,0.0386952219,EXTERNE
36,11,0.0020308061,EXTERNE
36,12,0.1779248941,EXTERNE
36,13,0.1553430186,EXTERNE
36,14,0.055031509,EXTERNE
36,15,0.0351637602,EXTERNE
36,16,-0.368014622,EXTERNE
36,17,0.2093899981,EXTERNE
36,18,0.2461358708,EXTERNE
36,19,0.0228601546,EXTERNE
36,20,0.2426326484,EXTERNE
36,21,0.2375162481,EXTERNE
36,22,0.0806466629,EXTERNE
36,23,0.1972088738,EXTERNE
36,24,0.2692549883,EXTERNE
36,25,-0.065865841,EXTERNE
36,26,-0.132185275,EXTERNE
36,27,-0.098044974,EXTERNE
36,28,-0.106148061,EXTERNE
36,29,0.1251881867,EXTERNE
36,30,-0.141532187,EXTERNE
36,31,-0.156901725,EXTERNE
36,32,0.1756008598,EXTERNE
36,33,0.1290606015,EXTERNE
36,34,0.0643513247,EXTERNE
36,35,-0.128190086,EXTERNE
36,36,-0.019631755,EXTERNE
36,37,0.1096744322,EXTERNE
36,38,0.1482900639,EXTERNE
36,39,0.118755157,EXTERNE
36,40,0.2756490187,EXTERNE
36,41,-0.059600747,EXTERNE
36,42,-0.130545646,EXTERNE
36,43,0.0824206686,EXTERNE
36,44,0.2270618269,EXTERNE
36,45,-0.217075119,EXTERNE
36,46,0.1234053827,EXTERNE
36,47,-0.03129426,EXTERNE
36,48,-0.135396162,EXTERNE
36,49,-0.133801415,EXTERNE
36,50,0.0941527138,EXTERNE
36,51,0.0100746244,EXTERNE
36,52,-0.10485381,EXTERNE
36,53,0.1379033899,EXTERNE
36,54,0.2333787221,EXTERNE
36,55,-0.170700215,EXTERNE
36,56,0.0675979808,EXTERNE
36,57,0.2676026458,EXTERNE
36,58,0.2384811377,EXTERNE
36,59,0.0099205451,EXTERNE
36,60,-0.119223637,EXTERNE
36,61,0.0276700538,EXTERNE
36,62,0.2574767321,EXTERNE
36,63,-0.027499938,EXTERNE
36,64,0.1019014569,EXTERNE
36,65,0.1236711435,EXTERNE
36,66,0.1992520141,EXTERNE
36,67,0.0506136624,EXTERNE
36,68,0.2029613222,EXTERNE
36,69,0.1125323956,EXTERNE
36,70,0.268642538,EXTERNE
36,71,0.1448486952,EXTERNE
36,72,0.0918825179,EXTERNE
36,73,-0.034928436,EXTERNE
36,74,0.0785519981,EXTERNE
36,75,0.1342412664,EXTERNE
36,76,0.2266003886,EXTERNE
36,77,-0.039017541,EXTERNE
36,78,-0.050607999,EXTERNE
36,79,-0.005902888,EXTERNE
36,80,-0.239884126,EXTERNE
36,81,0.053364009,EXTERNE
36,82,0.3563206233,EXTERNE
36,83,0.2762518557,EXTERNE
36,84,-0.179167662,EXTERNE
36,85,0.077112857,EXTERNE
36,86,-0.037120882,EXTERNE
36,87,-0.141176082,EXTERNE
36,88,-0.113066985,EXTERNE
36,89,-0.098905186,EXTERNE
36,90,0.2311019798,EXTERNE
36,91,-0.024745077,EXTERNE
36,92,0.1638663994,EXTERNE
36,93,-0.010222355,EXTERNE
36,94,0.0314810753,EXTERNE
36,95,-0.106939,EXTERNE
36,96,-0.08319233,EXTERNE
36,97,0.1244279016,EXTERNE
36,98,-0.26923279,EXTERNE
36,99,-0.057677128,EXTERNE
36,100,0.1191306611,EXTERNE
37,1,-0.056729618,EXTERNE
37,2,0.0262500244,EXTERNE
37,3,-0.079730998,EXTERNE
37,4,0.1114900973,EXTERNE
37,5,0.0619113599,EXTERNE
37,6,0.1437085059,EXTERNE
37,7,-0.110693796,EXTERNE
37,8,0.2572283233,EXTERNE
37,9,0.0145002118,EXTERNE
37,10,-0.054571283,EXTERNE
37,11,-0.077436274,EXTERNE
37,12,0.3613574079,EXTERNE
37,13,-0.188790555,EXTERNE
37,14,0.1983300441,EXTERNE
37,15,0.1528551714,EXTERNE
37,16,0.1368184663,EXTERNE
37,17,0.0562125973,EXTERNE
37,18,0.0131139791,EXTERNE
37,19,0.0120330106,EXTERNE
37,20,0.0178905427,EXTERNE
37,21,0.210711502,EXTERNE
37,22,0.1175009481,EXTERNE
37,23,0.2389587906,EXTERNE
37,24,0.2336113416,EXTERNE
37,25,-0.214543509,EXTERNE
37,26,-0.160326013,EXTERNE
37,27,0.0429510432,EXTERNE
37,28,0.1101842755,EXTERNE
37,29,-0.013184497,EXTERNE
37,30,0.2266876861,EXTERNE
37,31,0.1611714032,EXTERNE
37,32,0.0524219622,EXTERNE
37,33,0.0952275058,EXTERNE
37,34,0.1181318717,EXTERNE
37,35,0.1097407549,EXTERNE
37,36,0.0187670442,EXTERNE
37,37,0.0203569497,EXTERNE
37,38,-0.004474711,EXTERNE
37,39,0.0781453285,EXTERNE
37,40,-0.087504285,EXTERNE
37,41,0.1680164899,EXTERNE
37,42,0.0371606044,EXTERNE
37,43,0.295553791,EXTERNE
37,44,0.0139006132,EXTERNE
37,45,0.1370303302,EXTERNE
37,46,-0.132037425,EXTERNE
37,47,-0.047073217,EXTERNE
37,48,-0.229904545,EXTERNE
37,49,0.2113788812,EXTERNE
37,50,-0.065123084,EXTERNE
37,51,-0.025985904,EXTERNE
37,52,0.2477874943,EXTERNE
37,53,0.0593427258,EXTERNE
37,54,-0.284321179,EXTERNE
37,55,-0.116063827,EXTERNE
37,56,0.4236921217,EXTERNE
37,57,-0.111177064,EXTERNE
37,58,-0.035564524,EXTERNE
37,59,0.2792045857,EXTERNE
37,60,0.0033043338,EXTERNE
37,61,0.0793159061,EXTERNE
37,62,0.0869609302,EXTERNE
37,63,0.1392224219,EXTERNE
37,64,-0.07058991,EXTERNE
37,65,-0.116267913,EXTERNE
37,66,-0.326668545,EXTERNE
37,67,-0.065177346,EXTERNE
37,68,-0.40905029,EXTERNE
37,69,0.3137340699,EXTERNE
37,70,0.1529060727,EXTERNE
37,71,-0.03971945,EXTERNE
37,72,-0.030492412,EXTERNE
37,73,-0.071438146,EXTERNE
37,74,0.0901420381,EXTERNE
37,75,0.2920392913,EXTERNE
37,76,-0.010903984,EXTERNE
37,77,0.0634508915,EXTERNE
37,78,0.1258657814,EXTERNE
37,79,0.075063293,EXTERNE
37,80,-0.043263762,EXTERNE
37,81,0.1634827854,EXTERNE
37,82,0.1035622528,EXTERNE
37,83,0.1554052935,EXTERNE
37,84,0.1041121586,EXTERNE
37,85,-0.039957212,EXTERNE
37,86,0.1499897686,EXTERNE
37,87,0.0864875838,EXTERNE
37,88,0.0990958518,EXTERNE
37,89,0.0446345379,EXTERNE
37,90,-0.130250966,EXTERNE
37,91,0.194842593,EXTERNE
37,92,0.0614017504,EXTERNE
37,93,0.2057624905,EXTERNE
37,94,0.1002348758,EXTERNE
37,95,0.0071696202,EXTERNE
37,96,0.0525121585,EXTERNE
37,97,-0.094160047,EXTERNE
37,98,-0.057086237,EXTERNE
37,99,0.2472357472,EXTERNE
37,100,0.2453843198,EXTERNE
38,1,0.0591592033,EXTERNE
38,2,-0.012899699,EXTERNE
38,3,0.0601410008,EXTERNE
38,4,-0.164778509,EXTERNE
38,5,-0.079419963,EXTERNE
38,6,0.1972199725,EXTERNE
38,7,-0.020826703,EXTERNE
38,8,0.1760234072,EXTERNE
38,9,0.0608944314,EXTERNE
38,10,0.4424765017,EXTERNE
38,11,0.2780786664,EXTERNE
38,12,0.3086677539,EXTERNE
38,13,0.143010209,EXTERNE
38,14,-0.140360316,EXTERNE
38,15,-0.12665195,EXTERNE
38,16,-0.227454837,EXTERNE
38,17,0.0082189786,EXTERNE
38,18,-0.040939682,EXTERNE
38,19,0.1448921997,EXTERNE
38,20,-0.193025496,EXTERNE
38,21,0.1862521074,EXTERNE
38,22,-0.030698202,EXTERNE
38,23,0.0446944789,EXTERNE
38,24,-0.124415368,EXTERNE
38,25,-0.005189748,EXTERNE
38,26,0.0898494088,EXTERNE
38,27,-0.222369945,EXTERNE
38,28,0.2466290483,EXTERNE
38,29,0.1232591107,EXTERNE
38,30,-0.121129392,EXTERNE
38,31,0.1003979185,EXTERNE
38,32,-0.218903965,EXTERNE
38,33,0.0694239873,EXTERNE
38,34,-0.161830962,EXTERNE
38,35,0.1310580643,EXTERNE
38,36,0.0866019166,EXTERNE
38,37,-0.123554398,EXTERNE
38,38,-0.116626237,EXTERNE
38,39,-0.150732436,EXTERNE
38,40,0.0813562103,EXTERNE
38,41,0.0919459,EXTERNE
38,42,-0.052352052,EXTERNE
38,43,-0.045789798,EXTERNE
38,44,0.3613393341,EXTERNE
38,45,-0.072140539,EXTERNE
38,46,-0.021880328,EXTERNE
38,47,0.0022751872,EXTERNE
38,48,-0.089591978,EXTERNE
38,49,0.2100875059,EXTERNE
38,50,0.0928256933,EXTERNE
38,51,0.2264985479,EXTERNE
38,52,0.2355278848,EXTERNE
38,53,0.1378327498,EXTERNE
38,54,0.0959039888,EXTERNE
38,55,0.0889638331,EXTERNE
38,56,0.3637239863,EXTERNE
38,57,0.0529358111,EXTERNE
38,58,0.1141088793,EXTERNE
38,59,-0.149938543,EXTERNE
38,60,-0.234141185,EXTERNE
38,61,0.1133692439,EXTERNE
38,62,0.1110876035,EXTERNE
38,63,-0.043966604,EXTERNE
38,64,0.2247945727,EXTERNE
38,65,0.1931439639,EXTERNE
38,66,0.0493530645,EXTERNE
38,67,-0.206509321,EXTERNE
38,68,0.0955307506,EXTERNE
38,69,-0.173481787,EXTERNE
38,70,0.0629146504,EXTERNE
38,71,0.2796195831,EXTERNE
38,72,-0.069863904,EXTERNE
38,73,-0.162025107,EXTERNE
38,74,-0.040165355,EXTERNE
38,75,-0.18258154,EXTERNE
38,76,0.2787018824,EXTERNE
38,77,0.0589182137,EXTERNE
38,78,-0.053098358,EXTERNE
38,79,0.1398889318,EXTERNE
38,80,0.1023132819,EXTERNE
38,81,-0.049325647,EXTERNE
38,82,0.0428979439,EXTERNE
38,83,0.0696511533,EXTERNE
38,84,0.0153921965,EXTERNE
38,85,-0.047112661,EXTERNE
38,86,0.1086794315,EXTERNE
38,87,-0.085153704,EXTERNE
38,88,-0.000446312,EXTERNE
38,89,0.284157432,EXTERNE
38,90,0.385704895,EXTERNE
38,91,0.0678559894,EXTERNE
38,92,0.2339075432,EXTERNE
38,93,-0.12725402,EXTERNE
38,94,0.044326759,EXTERNE
38,95,-0.088207869,EXTERNE
38,96,0.1808996263,EXTERNE
38,97,-0.011394089,EXTERNE
38,98,-0.19620393,EXTERNE
38,99,0.0500333403,EXTERNE
38,100,0.2241326364,EXTERNE
39,1,0.1653282469,EXTERNE
39,2,-0.04842856,EXTERNE
39,3,0.287326059,EXTERNE
39,4,-0.029889245,EXTERNE
39,5,-0.081331868,EXTERNE
39,6,-0.15126047,EXTERNE
39,7,0.1901353773,EXTERNE
39,8,-0.245914094,EXTERNE
39,9,-0.056218408,EXTERNE
39,10,0.1125981609,EXTERNE
39,11,0.2102232111,EXTERNE
39,12,0.1435248605,EXTERNE
39,13,0.0732541726,EXTERNE
39,14,0.1322747828,EXTERNE
39,15,-0.030693385,EXTERNE
39,16,-0.071504564,EXTERNE
39,17,0.2614131125,EXTERNE
39,18,0.3616711792,EXTERNE
39,19,-0.024615764,EXTERNE
39,20,0.2594990757,EXTERNE
39,21,-0.029618489,EXTERNE
39,22,0.120177774,EXTERNE
39,23,0.0676003536,EXTERNE
39,24,0.0535461402,EXTERNE
39,25,0.2209723939,EXTERNE
39,26,-0.022158409,EXTERNE
39,27,0.0467017616,EXTERNE
39,28,0.0657717528,EXTERNE
39,29,0.1682488964,EXTERNE
39,30,0.0119138738,EXTERNE
39,31,0.0198778631,EXTERNE
39,32,0.129857798,EXTERNE
39,33,0.0991712465,EXTERNE
39,34,0.1633250791,EXTERNE
39,35,-0.069802192,EXTERNE
39,36,0.2825629527,EXTERNE
39,37,-0.108111514,EXTERNE
39,38,-0.323313277,EXTERNE
39,39,0.0693710538,EXTERNE
39,40,0.1603734216,EXTERNE
39,41,0.168260861,EXTERNE
39,42,-0.115288325,EXTERNE
39,43,0.2080637381,EXTERNE
39,44,-0.077216357,EXTERNE
39,45,0.4091673529,EXTERNE
39,46,-0.035907679,EXTERNE
39,47,0.1261670724,EXTERNE
39,48,-0.13469902,EXTERNE
39,49,0.0838316816,EXTERNE
39,50,0.1001254284,EXTERNE
39,51,0.0315638728,EXTERNE
39,52,0.0836877811,EXTERNE
39,53,-0.187485559,EXTERNE
39,54,0.2906605841,EXTERNE
39,55,0.0316100829,EXTERNE
39,56,0.2665899228,EXTERNE
39,57,0.196204687,EXTERNE
39,58,-0.171344033,EXTERNE
39,59,0.1967183143,EXTERNE
39,60,0.052427434,EXTERNE
39,61,0.0048970336,EXTERNE
39,62,-0.1328291,EXTERNE
39,63,0.0715764292,EXTERNE
39,64,-0.175273016,EXTERNE
39,65,0.0404710049,EXTERNE
39,66,0.0537634924,EXTERNE
39,67,-0.07493625,EXTERNE
39,68,0.2669583687,EXTERNE
39,69,0.1268504092,EXTERNE
39,70,0.1183456468,EXTERNE
39,71,-0.062783797,EXTERNE
39,72,-0.158155952,EXTERNE
39,73,0.0747953374,EXTERNE
39,74,0.1799926334,EXTERNE
39,75,0.018631726,EXTERNE
39,76,0.0709742746,EXTERNE
39,77,-0.116817379,EXTERNE
39,78,0.0199774131,EXTERNE
39,79,0.0672546995,EXTERNE
39,80,0.2308989557,EXTERNE
39,81,0.1202665312,EXTERNE
39,82,0.0321938104,EXTERNE
39,83,0.0260265519,EXTERNE
39,84,0.0051760768,EXTERNE
39,85,-0.026803395,EXTERNE
39,86,-0.126253435,EXTERNE
39,87,0.1220941877,EXTERNE
39,88,-0.0790314,EXTERNE
39,89,0.2069277083,EXTERNE
39,90,0.0238872318,EXTERNE
39,91,0.0385415017,EXTERNE
39,92,0.0493608403,EXTERNE
39,93,-0.109881237,EXTERNE
39,94,-0.27115574,EXTERNE
39,95,0.3157782348,EXTERNE
39,96,0.0230460989,EXTERNE
39,97,-0.045162744,EXTERNE
39,98,0.0850656495,EXTERNE
39,99,0.3339575483,EXTERNE
39,100,0.0112795552,EXTERNE
40,1,0.1577627236,EXTERNE
40,2,0.0415683233,EXTERNE
40,3,0.1049984914,EXTERNE
40,4,0.006870168,EXTERNE
40,5,-0.133866865,EXTERNE
40,6,0.0847948982,EXTERNE
40,7,-0.139572861,EXTERNE
40,8,0.1773589925,EXTERNE
40,9,-0.006807667,EXTERNE
40,10,-0.071174884,EXTERNE
40,11,-0.023310803,EXTERNE
40,12,0.0194521967,EXTERNE
40,13,-0.065475446,EXTERNE
40,14,0.2302779719,EXTERNE
40,15,-0.241818689,EXTERNE
40,16,-0.001566835,EXTERNE
40,17,0.008359379,EXTERNE
40,18,-0.099392445,EXTERNE
40,19,0.1477635263,EXTERNE
40,20,0.0808374497,EXTERNE
40,21,0.0779765142,EXTERNE
40,22,-0.055008897,EXTERNE
40,23,0.029725042,EXTERNE
40,24,-0.045318981,EXTERNE
40,25,-0.171190244,EXTERNE
40,26,0.1643186992,EXTERNE
40,27,0.1470642723,EXTERNE
40,28,0.0284314602,EXTERNE
40,29,-0.152104426,EXTERNE
40,30,0.0472776674,EXTERNE
40,31,-0.086746713,EXTERNE
40,32,-0.176050141,EXTERNE
40,33,-0.147006164,EXTERNE
40,34,0.4664117406,EXTERNE
40,35,-0.008721647,EXTERNE
40,36,0.3475360659,EXTERNE
40,37,0.1475349702,EXTERNE
40,38,0.2533459318,EXTERNE
40,39,0.2222989721,EXTERNE
40,40,-0.153761284,EXTERNE
40,41,-0.149432155,EXTERNE
40,42,0.3294497385,EXTERNE
40,43,0.1308155348,EXTERNE
40,44,-0.010391212,EXTERNE
40,45,0.0476944853,EXTERNE
40,46,0.1229451536,EXTERNE
40,47,0.0268231486,EXTERNE
40,48,-0.039848452,EXTERNE
40,49,0.2614709646,EXTERNE
40,50,0.219933815,EXTERNE
40,51,-0.069021036,EXTERNE
40,52,-0.171237121,EXTERNE
40,53,-0.1533815,EXTERNE
40,54,0.0540646623,EXTERNE
40,55,0.271486744,EXTERNE
40,56,-0.071718283,EXTERNE
40,57,0.3743172742,EXTERNE
40,58,0.1393120552,EXTERNE
40,59,0.1105722531,EXTERNE
40,60,-0.039359392,EXTERNE
40,61,-0.015541468,EXTERNE
40,62,0.0330184542,EXTERNE
40,63,-0.047625324,EXTERNE
40,64,0.1255876224,EXTERNE
40,65,-0.199393487,EXTERNE
40,66,0.2408218201,EXTERNE
40,67,-0.143797121,EXTERNE
40,68,0.1328990641,EXTERNE
40,69,-0.16496092,EXTERNE
40,70,0.0575409573,EXTERNE
40,71,0.0283701481,EXTERNE
40,72,-0.117350407,EXTERNE
40,73,0.2281985052,EXTERNE
40,74,0.6529548176,EXTERNE
40,75,-0.199401957,EXTERNE
40,76,0.1635742116,EXTERNE
40,77,0.2877238215,EXTERNE
40,78,-0.039537949,EXTERNE
40,79,-0.022599258,EXTERNE
40,80,0.1027127465,EXTERNE
40,81,0.2066311894,EXTERNE
40,82,0.2391307135,EXTERNE
40,83,0.0266320404,EXTERNE
40,84,0.093238037,EXTERNE
40,85,0.0699762666,EXTERNE
40,86,-0.011346316,EXTERNE
40,87,0.0400244463,EXTERNE
40,88,0.1428407194,EXTERNE
40,89,0.1936749405,EXTERNE
40,90,0.1195206935,EXTERNE
40,91,0.1946802325,EXTERNE
40,92,-0.016637927,EXTERNE
40,93,-0.048990004,EXTERNE
40,94,0.1406801685,EXTERNE
40,95,-0.095504187,EXTERNE
40,96,0.1353233757,EXTERNE
40,97,0.1164554397,EXTERNE
40,98,0.1897939823,EXTERNE
40,99,-0.240030751,EXTERNE
40,100,-0.281903926,EXTERNE
41,1,-0.051654646,EXTERNE
41,2,0.2982676453,EXTERNE
41,3,0.0195620874,EXTERNE
41,4,0.1731875136,EXTERNE
41,5,-0.004557185,EXTERNE
41,6,-0.14929903,EXTERNE
41,7,0.1339255989,EXTERNE
41,8,0.0290927046,EXTERNE
41,9,0.2714864318,EXTERNE
41,10,0.1080246612,EXTERNE
41,11,-0.006818637,EXTERNE
41,12,0.1619620651,EXTERNE
41,13,0.188853376,EXTERNE
41,14,-0.126130967,EXTERNE
41,15,-0.020044546,EXTERNE
41,16,-0.023890851,EXTERNE
41,17,0.1931973323,EXTERNE
41,18,-0.098830773,EXTERNE
41,19,-0.08931894,EXTERNE
41,20,-0.153527699,EXTERNE
41,21,0.1930932888,EXTERNE
41,22,-0.004247094,EXTERNE
41,23,0.1767073279,EXTERNE
41,24,-0.14304954,EXTERNE
41,25,0.2315858993,EXTERNE
41,26,-0.200549504,EXTERNE
41,27,0.1748183645,EXTERNE
41,28,0.0129157409,EXTERNE
41,29,0.0555441145,EXTERNE
41,30,0.1258559475,EXTERNE
41,31,0.2523869054,EXTERNE
41,32,0.1658611007,EXTERNE
41,33,0.0067247762,EXTERNE
41,34,0.1283076894,EXTERNE
41,35,0.4804065568,EXTERNE
41,36,0.2096827262,EXTERNE
41,37,0.2571997607,EXTERNE
41,38,0.2511425747,EXTERNE
41,39,0.1226090165,EXTERNE
41,40,0.0630991551,EXTERNE
41,41,0.1616464838,EXTERNE
41,42,-0.138048577,EXTERNE
41,43,0.2857693885,EXTERNE
41,44,0.0024644287,EXTERNE
41,45,0.0093144505,EXTERNE
41,46,0.0633386531,EXTERNE
41,47,0.295387002,EXTERNE
41,48,-0.022074265,EXTERNE
41,49,-0.085404042,EXTERNE
41,50,0.1007912175,EXTERNE
41,51,-0.061766631,EXTERNE
41,52,-0.001801128,EXTERNE
41,53,0.078919276,EXTERNE
41,54,-0.01015362,EXTERNE
41,55,-0.094736419,EXTERNE
41,56,-0.012647572,EXTERNE
41,57,-0.155311373,EXTERNE
41,58,0.0980163474,EXTERNE
41,59,-0.10208948,EXTERNE
41,60,-0.066897327,EXTERNE
41,61,-0.027005607,EXTERNE
41,62,0.3229361614,EXTERNE
41,63,-0.133099255,EXTERNE
41,64,-0.052857854,EXTERNE
41,65,-0.133312141,EXTERNE
41,66,0.0014893919,EXTERNE
41,67,0.1597963274,EXTERNE
41,68,0.1167417333,EXTERNE
41,69,0.0156645639,EXTERNE
41,70,-0.188059826,EXTERNE
41,71,0.0097255808,EXTERNE
41,72,0.1159126666,EXTERNE
41,73,0.1698045599,EXTERNE
41,74,0.3069824697,EXTERNE
41,75,-0.008683789,EXTERNE
41,76,0.0140660772,EXTERNE
41,77,-0.138664689,EXTERNE
41,78,-0.012993171,EXTERNE
41,79,0.0980916221,EXTERNE
41,80,0.1813529782,EXTERNE
41,81,-0.020809588,EXTERNE
41,82,0.0453997724,EXTERNE
41,83,0.3093153197,EXTERNE
41,84,-0.078357897,EXTERNE
41,85,-0.051774211,EXTERNE
41,86,-0.008723792,EXTERNE
41,87,-0.179858936,EXTERNE
41,88,-0.07094496,EXTERNE
41,89,0.153549767,EXTERNE
41,90,-0.025436238,EXTERNE
41,91,-0.009045819,EXTERNE
41,92,0.2813443014,EXTERNE
41,93,0.1442965148,EXTERNE
41,94,-0.074505556,EXTERNE
41,95,0.0292311847,EXTERNE
41,96,-0.351145173,EXTERNE
41,97,0.1770060706,EXTERNE
41,98,0.0296721353,EXTERNE
41,99,0.0087713512,EXTERNE
41,100,-0.103702098,EXTERNE
42,1,0.3176239772,EXTERNE
42,2,0.2081738071,EXTERNE
42,3,-0.010596043,EXTERNE
42,4,0.2336361025,EXTERNE
42,5,-0.060899636,EXTERNE
42,6,0.1841573778,EXTERNE
42,7,0.190858598,EXTERNE
42,8,0.2208354085,EXTERNE
42,9,0.1505447324,EXTERNE
42,10,0.1550506136,EXTERNE
42,11,-0.00870253,EXTERNE
42,12,-0.030765393,EXTERNE
42,13,0.3172310272,EXTERNE
42,14,0.056395568,EXTERNE
42,15,0.010909705,EXTERNE
42,16,0.272743486,EXTERNE
42,17,0.1343422853,EXTERNE
42,18,-0.232121636,EXTERNE
42,19,0.1152631834,EXTERNE
42,20,-0.052182821,EXTERNE
42,21,-0.052204171,EXTERNE
42,22,-0.103961631,EXTERNE
42,23,-0.010606327,EXTERNE
42,24,0.1325846936,EXTERNE
42,25,0.1077702319,EXTERNE
42,26,-0.017808766,EXTERNE
42,27,-0.009639091,EXTERNE
42,28,0.2642972934,EXTERNE
42,29,0.0898633696,EXTERNE
42,30,0.0932511475,EXTERNE
42,31,-0.098063773,EXTERNE
42,32,0.1694178234,EXTERNE
42,33,0.0589886149,EXTERNE
42,34,0.0726503434,EXTERNE
42,35,0.3492382827,EXTERNE
42,36,0.2501429052,EXTERNE
42,37,-0.052892678,EXTERNE
42,38,0.1611336491,EXTERNE
42,39,0.0883161585,EXTERNE
42,40,0.1550298468,EXTERNE
42,41,0.3277594187,EXTERNE
42,42,0.0204086173,EXTERNE
42,43,0.0844628524,EXTERNE
42,44,0.1897756291,EXTERNE
42,45,-0.278588257,EXTERNE
42,46,-0.002531636,EXTERNE
42,47,-0.015091219,EXTERNE
42,48,0.0613115544,EXTERNE
42,49,0.1468980872,EXTERNE
42,50,-0.373768952,EXTERNE
42,51,0.0472752133,EXTERNE
42,52,-0.074697901,EXTERNE
42,53,-0.119003664,EXTERNE
42,54,0.1578459039,EXTERNE
42,55,0.0268872796,EXTERNE
42,56,-0.150482185,EXTERNE
42,57,0.0049187992,EXTERNE
42,58,-0.198436362,EXTERNE
42,59,-0.06565053,EXTERNE
42,60,0.1824330789,EXTERNE
42,61,-0.06050588,EXTERNE
42,62,-0.287306254,EXTERNE
42,63,0.140919903,EXTERNE
42,64,0.078957797,EXTERNE
42,65,0.1284898305,EXTERNE
42,66,0.179852742,EXTERNE
42,67,0.2548350286,EXTERNE
42,68,-0.05863205,EXTERNE
42,69,0.1552038617,EXTERNE
42,70,-0.067201888,EXTERNE
42,71,-0.07262447,EXTERNE
42,72,-0.090939997,EXTERNE
42,73,0.1826076515,EXTERNE
42,74,0.048008938,EXTERNE
42,75,0.1676969707,EXTERNE
42,76,-0.128376748,EXTERNE
42,77,-0.409511136,EXTERNE
42,78,-0.171480467,EXTERNE
42,79,0.2190417454,EXTERNE
42,80,-0.013623614,EXTERNE
42,81,-0.091140097,EXTERNE
42,82,0.0212577447,EXTERNE
42,83,0.3913071143,EXTERNE
42,84,-0.238421261,EXTERNE
42,85,0.0346337037,EXTERNE
42,86,-0.044662037,EXTERNE
42,87,0.0904997052,EXTERNE
42,88,-0.093450819,EXTERNE
42,89,0.2071088002,EXTERNE
42,90,0.1556669195,EXTERNE
42,91,0.0829726323,EXTERNE
42,92,0.1011466396,EXTERNE
42,93,0.3127740408,EXTERNE
42,94,0.2057397859,EXTERNE
42,95,-0.119183638,EXTERNE
42,96,0.038371641,EXTERNE
42,97,0.1977402465,EXTERNE
42,98,0.1601289556,EXTERNE
42,99,0.1227850014,EXTERNE
42,100,-0.400837104,EXTERNE
43,1,-0.044065543,EXTERNE
43,2,0.0246237724,EXTERNE
43,3,-0.15357112,EXTERNE
43,4,-0.105662285,EXTERNE
43,5,0.1301894309,EXTERNE
43,6,-0.029821533,EXTERNE
43,7,-0.127077116,EXTERNE
43,8,0.0530997282,EXTERNE
43,9,-0.352852594,EXTERNE
43,10,-0.225113723,EXTERNE
43,11,-0.068222865,EXTERNE
43,12,0.308662124,EXTERNE
43,13,0.1956754838,EXTERNE
43,14,0.1714023004,EXTERNE
43,15,0.2098460752,EXTERNE
43,16,-0.154839542,EXTERNE
43,17,0.1372832099,EXTERNE
43,18,-0.160275171,EXTERNE
43,19,-0.005123214,EXTERNE
43,20,-0.04152427,EXTERNE
43,21,0.0088228146,EXTERNE
43,22,-0.078125828,EXTERNE
43,23,-0.113603022,EXTERNE
43,24,0.0144746626,EXTERNE
43,25,0.1596138136,EXTERNE
43,26,0.0670680649,EXTERNE
43,27,0.0070812206,EXTERNE
43,28,0.2157032664,EXTERNE
43,29,-0.041212257,EXTERNE
43,30,0.1625079564,EXTERNE
43,31,0.2313985515,EXTERNE
43,32,-0.055300656,EXTERNE
43,33,0.1349030323,EXTERNE
43,34,-0.030120788,EXTERNE
43,35,-0.154110346,EXTERNE
43,36,0.109409395,EXTERNE
43,37,0.1585427475,EXTERNE
43,38,-0.15981251,EXTERNE
43,39,-0.028520413,EXTERNE
43,40,-0.028121914,EXTERNE
43,41,0.1192749211,EXTERNE
43,42,-0.235468414,EXTERNE
43,43,-0.169094483,EXTERNE
43,44,0.0141485502,EXTERNE
43,45,-0.108499047,EXTERNE
43,46,0.0284543223,EXTERNE
43,47,0.1142994388,EXTERNE
43,48,0.1295470315,EXTERNE
43,49,0.1349041566,EXTERNE
43,50,0.0745202733,EXTERNE
43,51,0.0688411221,EXTERNE
43,52,-0.001732172,EXTERNE
43,53,0.0425631302,EXTERNE
43,54,-0.000954989,EXTERNE
43,55,-0.049693928,EXTERNE
43,56,-0.090821857,EXTERNE
43,57,-0.044570664,EXTERNE
43,58,-0.138171051,EXTERNE
43,59,0.0679066378,EXTERNE
43,60,-0.076325535,EXTERNE
43,61,0.202817888,EXTERNE
43,62,0.1427015216,EXTERNE
43,63,0.1021818005,EXTERNE
43,64,-0.212923251,EXTERNE
43,65,-0.206045297,EXTERNE
43,66,-0.067872225,EXTERNE
43,67,-0.117273193,EXTERNE
43,68,0.3625677403,EXTERNE
43,69,0.266208529,EXTERNE
43,70,0.3061580629,EXTERNE
43,71,0.117222642,EXTERNE
43,72,0.158956374,EXTERNE
43,73,-0.228537711,EXTERNE
43,74,-0.043983116,EXTERNE
43,75,-0.151000349,EXTERNE
43,76,0.2025206329,EXTERNE
43,77,-0.129620516,EXTERNE
43,78,0.1409960617,EXTERNE
43,79,0.2063250603,EXTERNE
43,80,-0.30607009,EXTERNE
43,81,0.2539219105,EXTERNE
43,82,-0.060289162,EXTERNE
43,83,-0.048012205,EXTERNE
43,84,0.0222465209,EXTERNE
43,85,0.0589472583,EXTERNE
43,86,0.1843452334,EXTERNE
43,87,0.052950727,EXTERNE
43,88,0.004999354,EXTERNE
43,89,-0.130189009,EXTERNE
43,90,0.1264950995,EXTERNE
43,91,0.1365969319,EXTERNE
43,92,-0.151823641,EXTERNE
43,93,-0.069442338,EXTERNE
43,94,0.1141965299,EXTERNE
43,95,0.2832943618,EXTERNE
43,96,-0.05648331,EXTERNE
43,97,0.1669463284,EXTERNE
43,98,-0.018127144,EXTERNE
43,99,0.077070854,EXTERNE
43,100,0.1033411443,EXTERNE
44,1,0.1336911088,EXTERNE
44,2,-0.034101147,EXTERNE
44,3,0.0118886658,EXTERNE
44,4,0.2412028047,EXTERNE
44,5,0.0415770191,EXTERNE
44,6,0.1331485335,EXTERNE
44,7,0.2394607456,EXTERNE
44,8,0.1364446786,EXTERNE
44,9,0.0819024273,EXTERNE
44,10,-0.011970352,EXTERNE
44,11,0.0150537582,EXTERNE
44,12,0.0129230952,EXTERNE
44,13,0.2037470333,EXTERNE
44,14,0.0363806482,EXTERNE
44,15,0.1376481959,EXTERNE
44,16,-0.160157355,EXTERNE
44,17,-0.17393684,EXTERNE
44,18,-0.082109025,EXTERNE
44,19,0.0513342906,EXTERNE
44,20,0.2168341362,EXTERNE
44,21,-0.204438019,EXTERNE
44,22,0.0778557053,EXTERNE
44,23,0.2286123849,EXTERNE
44,24,-0.084758261,EXTERNE
44,25,0.0153692389,EXTERNE
44,26,-0.242709307,EXTERNE
44,27,-0.070965154,EXTERNE
44,28,-0.015173002,EXTERNE
44,29,0.1250262242,EXTERNE
44,30,-0.012097051,EXTERNE
44,31,-0.110178226,EXTERNE
44,32,0.1176439187,EXTERNE
44,33,-0.106924631,EXTERNE
44,34,-0.187575853,EXTERNE
44,35,0.1032780099,EXTERNE
44,36,-0.214092335,EXTERNE
44,37,0.1885139576,EXTERNE
44,38,0.2124505461,EXTERNE
44,39,-0.097232685,EXTERNE
44,40,-0.012961267,EXTERNE
44,41,0.0062838682,EXTERNE
44,42,-0.09886982,EXTERNE
44,43,0.103429998,EXTERNE
44,44,0.456113821,EXTERNE
44,45,-0.057665512,EXTERNE
44,46,0.1192790357,EXTERNE
44,47,0.0979117459,EXTERNE
44,48,-0.005844546,EXTERNE
44,49,0.1526225476,EXTERNE
44,50,-0.057392488,EXTERNE
44,51,0.099946359,EXTERNE
44,52,0.148585751,EXTERNE
44,53,0.0452352005,EXTERNE
44,54,0.0588996334,EXTERNE
44,55,-0.243838969,EXTERNE
44,56,-0.074896596,EXTERNE
44,57,0.1704606895,EXTERNE
44,58,0.0570046181,EXTERNE
44,59,0.0774881194,EXTERNE
44,60,-0.085756235,EXTERNE
44,61,-0.103025998,EXTERNE
44,62,-0.114854571,EXTERNE
44,63,-0.010791002,EXTERNE
44,64,-0.110740837,EXTERNE
44,65,0.1997845567,EXTERNE
44,66,0.07818502,EXTERNE
44,67,-0.137322664,EXTERNE
44,68,-0.105175395,EXTERNE
44,69,-0.05839122,EXTERNE
44,70,-0.160737874,EXTERNE
44,71,0.1027026615,EXTERNE
44,72,0.0192529916,EXTERNE
44,73,0.0407385846,EXTERNE
44,74,-0.233535022,EXTERNE
44,75,0.130457008,EXTERNE
44,76,-0.037325827,EXTERNE
44,77,0.0659237566,EXTERNE
44,78,0.0562607063,EXTERNE
44,79,-0.058789794,EXTERNE
44,80,0.2859855723,EXTERNE
44,81,-0.030054267,EXTERNE
44,82,0.0985559937,EXTERNE
44,83,-0.011748267,EXTERNE
44,84,0.3176419821,EXTERNE
44,85,-0.228871423,EXTERNE
44,86,0.0674403524,EXTERNE
44,87,-0.00232007,EXTERNE
44,88,0.2354968787,EXTERNE
44,89,-0.039224585,EXTERNE
44,90,0.2014697505,EXTERNE
44,91,0.0336226497,EXTERNE
44,92,0.2399385727,EXTERNE
44,93,0.1973229267,EXTERNE
44,94,0.2941073299,EXTERNE
44,95,-0.019497599,EXTERNE
44,96,0.1972694342,EXTERNE
44,97,0.0048563813,EXTERNE
44,98,-0.006436571,EXTERNE
44,99,-0.17741757,EXTERNE
44,100,0.1423050441,EXTERNE
45,1,-0.194495254,EXTERNE
45,2,-0.281025185,EXTERNE
45,3,0.0918848937,EXTERNE
45,4,-0.078605981,EXTERNE
45,5,0.3494483725,EXTERNE
45,6,0.0187074491,EXTERNE
45,7,-0.104563228,EXTERNE
45,8,0.0545042946,EXTERNE
45,9,-0.082669091,EXTERNE
45,10,0.099684907,EXTERNE
45,11,-0.096398836,EXTERNE
45,12,-0.161552717,EXTERNE
45,13,0.0524870187,EXTERNE
45,14,-0.106032384,EXTERNE
45,15,0.0190285954,EXTERNE
45,16,-0.109960938,EXTERNE
45,17,-0.066224759,EXTERNE
45,18,-0.009638896,EXTERNE
45,19,-0.304324419,EXTERNE
45,20,-0.075373048,EXTERNE
45,21,0.3808522522,EXTERNE
45,22,0.12850387,EXTERNE
45,23,0.0463202215,EXTERNE
45,24,0.0956134136,EXTERNE
45,25,0.1692372847,EXTERNE
45,26,0.0102322053,EXTERNE
45,27,-0.016716657,EXTERNE
45,28,0.0226092259,EXTERNE
45,29,0.0712577671,EXTERNE
45,30,0.2430843319,EXTERNE
45,31,0.1831056206,EXTERNE
45,32,-0.00302283,EXTERNE
45,33,0.1745957251,EXTERNE
45,34,-0.03754311,EXTERNE
45,35,0.1587609517,EXTERNE
45,36,0.1297686543,EXTERNE
45,37,0.0443525199,EXTERNE
45,38,-0.00288793,EXTERNE
45,39,0.0075513083,EXTERNE
45,40,-0.132633345,EXTERNE
45,41,0.1967765706,EXTERNE
45,42,-0.00151864,EXTERNE
45,43,0.0293149017,EXTERNE
45,44,0.128505626,EXTERNE
45,45,-0.001840598,EXTERNE
45,46,0.2899453849,EXTERNE
45,47,0.0665922197,EXTERNE
45,48,-0.00050318,EXTERNE
45,49,0.0665127616,EXTERNE
45,50,-0.128800194,EXTERNE
45,51,0.1211910625,EXTERNE
45,52,0.0513118285,EXTERNE
45,53,-0.174109523,EXTERNE
45,54,-0.153461649,EXTERNE
45,55,-0.019163269,EXTERNE
45,56,0.051642033,EXTERNE
45,57,0.0423969854,EXTERNE
45,58,0.1178377569,EXTERNE
45,59,-0.161764542,EXTERNE
45,60,-0.108872646,EXTERNE
45,61,0.1703088811,EXTERNE
45,62,0.2021495606,EXTERNE
45,63,0.1634178931,EXTERNE
45,64,0.3560337935,EXTERNE
45,65,-0.178192747,EXTERNE
45,66,-0.152073685,EXTERNE
45,67,0.0304884087,EXTERNE
45,68,0.1267014919,EXTERNE
45,69,-0.013415016,EXTERNE
45,70,0.2704939969,EXTERNE
45,71,-0.01669966,EXTERNE
45,72,0.1177987933,EXTERNE
45,73,0.1694421523,EXTERNE
45,74,0.1099624656,EXTERNE
45,75,0.0524887417,EXTERNE
45,76,0.0126446897,EXTERNE
45,77,0.015173671,EXTERNE
45,78,0.0414148149,EXTERNE
45,79,0.368740831,EXTERNE
45,80,-0.055564876,EXTERNE
45,81,-0.09065537,EXTERNE
45,82,0.078461509,EXTERNE
45,83,-0.095417096,EXTERNE
45,84,0.3179151104,EXTERNE
45,85,0.0420817296,EXTERNE
45,86,0.0527743615,EXTERNE
45,87,-0.019832618,EXTERNE
45,88,-0.006202987,EXTERNE
45,89,0.3838796036,EXTERNE
45,90,0.0893613733,EXTERNE
45,91,-0.154965617,EXTERNE
45,92,0.1494915307,EXTERNE
45,93,0.0080435521,EXTERNE
45,94,0.3306371686,EXTERNE
45,95,0.057219127,EXTERNE
45,96,-0.066433743,EXTERNE
45,97,0.3447282817,EXTERNE
45,98,0.1783373795,EXTERNE
45,99,0.3053857858,EXTERNE
45,100,-0.484380662,EXTERNE
46,1,0.1587149749,EXTERNE
46,2,0.1212659686,EXTERNE
46,3,-0.121793098,EXTERNE
46,4,-0.054259408,EXTERNE
46,5,0.1015511369,EXTERNE
46,6,-0.039696006,EXTERNE
46,7,0.1902458893,EXTERNE
46,8,-0.018514371,EXTERNE
46,9,0.1945780869,EXTERNE
46,10,-0.049622426,EXTERNE
46,11,0.1487344767,EXTERNE
46,12,0.0758941195,EXTERNE
46,13,0.0964162097,EXTERNE
46,14,0.1754398335,EXTERNE
46,15,0.0838033502,EXTERNE
46,16,0.2260842258,EXTERNE
46,17,-0.18476135,EXTERNE
46,18,0.0173736055,EXTERNE
46,19,0.3079329155,EXTERNE
46,20,0.0516236375,EXTERNE
46,21,0.0864717381,EXTERNE
46,22,-0.122310866,EXTERNE
46,23,0.2283445054,EXTERNE
46,24,0.3314222166,EXTERNE
46,25,0.0194083255,EXTERNE
46,26,0.203123349,EXTERNE
46,27,-0.102985978,EXTERNE
46,28,-0.198410877,EXTERNE
46,29,-0.015944772,EXTERNE
46,30,-0.035222275,EXTERNE
46,31,0.4138383692,EXTERNE
46,32,0.2137449005,EXTERNE
46,33,0.2052041205,EXTERNE
46,34,0.0935607824,EXTERNE
46,35,0.0447614343,EXTERNE
46,36,0.0461587721,EXTERNE
46,37,0.0566197975,EXTERNE
46,38,0.0055461315,EXTERNE
46,39,0.1894172463,EXTERNE
46,40,0.0973346551,EXTERNE
46,41,0.0249124435,EXTERNE
46,42,0.0711138471,EXTERNE
46,43,0.0628460062,EXTERNE
46,44,0.1077622641,EXTERNE
46,45,0.2124665731,EXTERNE
46,46,0.1145746458,EXTERNE
46,47,0.0416759306,EXTERNE
46,48,0.0716000918,EXTERNE
46,49,0.1594516117,EXTERNE
46,50,0.4979124525,EXTERNE
46,51,0.1159779923,EXTERNE
46,52,-0.355940122,EXTERNE
46,53,-0.364436965,EXTERNE
46,54,0.088186758,EXTERNE
46,55,0.1501802359,EXTERNE
46,56,0.1853424538,EXTERNE
46,57,0.0927717297,EXTERNE
46,58,-0.136779658,EXTERNE
46,59,-0.012346757,EXTERNE
46,60,-0.210731959,EXTERNE
46,61,0.1642860934,EXTERNE
46,62,0.1288078032,EXTERNE
46,63,0.3217740488,EXTERNE
46,64,0.0158305027,EXTERNE
46,65,0.059440528,EXTERNE
46,66,-0.083076511,EXTERNE
46,67,0.240498785,EXTERNE
46,68,-0.129370646,EXTERNE
46,69,-0.183978126,EXTERNE
46,70,-0.042171766,EXTERNE
46,71,0.0320860817,EXTERNE
46,72,0.3907864434,EXTERNE
46,73,0.0498609869,EXTERNE
46,74,0.0763590257,EXTERNE
46,75,0.0515835072,EXTERNE
46,76,0.0627742374,EXTERNE
46,77,0.1607424204,EXTERNE
46,78,-0.110398385,EXTERNE
46,79,0.1078936486,EXTERNE
46,80,0.1038598365,EXTERNE
46,81,-0.158115249,EXTERNE
46,82,-0.019592853,EXTERNE
46,83,0.1851808192,EXTERNE
46,84,0.1130360658,EXTERNE
46,85,-0.234461494,EXTERNE
46,86,-0.072245477,EXTERNE
46,87,0.0389983914,EXTERNE
46,88,-0.219095493,EXTERNE
46,89,0.4977692179,EXTERNE
46,90,0.1241890629,EXTERNE
46,91,-0.279643933,EXTERNE
46,92,-0.056645776,EXTERNE
46,93,0.0296575796,EXTERNE
46,94,-0.00624344,EXTERNE
46,95,0.081158141,EXTERNE
46,96,0.2728239427,EXTERNE
46,97,-0.156395915,EXTERNE
46,98,-0.083753487,EXTERNE
46,99,0.3861877979,EXTERNE
46,100,-0.198330656,EXTERNE
47,1,0.1429306124,EXTERNE
47,2,0.0865410111,EXTERNE
47,3,0.056212431,EXTERNE
47,4,0.116022081,EXTERNE
47,5,0.1595124242,EXTERNE
47,6,0.2516217276,EXTERNE
47,7,0.0818920031,EXTERNE
47,8,-0.124416947,EXTERNE
47,9,0.2705636871,EXTERNE
47,10,-0.105839085,EXTERNE
47,11,0.2503066312,EXTERNE
47,12,-0.133390689,EXTERNE
47,13,0.0868106344,EXTERNE
47,14,0.2849295277,EXTERNE
47,15,0.2314040512,EXTERNE
47,16,0.0883510328,EXTERNE
47,17,-0.113397078,EXTERNE
47,18,-0.321070132,EXTERNE
47,19,0.1992485049,EXTERNE
47,20,0.2658298039,EXTERNE
47,21,0.2248792184,EXTERNE
47,22,0.1959738892,EXTERNE
47,23,0.0338719539,EXTERNE
47,24,0.2108481073,EXTERNE
47,25,-0.119993636,EXTERNE
47,26,0.0397234566,EXTERNE
47,27,-0.070530372,EXTERNE
47,28,0.2294719374,EXTERNE
47,29,0.2003437242,EXTERNE
47,30,-0.000278156,EXTERNE
47,31,-0.026636879,EXTERNE
47,32,0.0366435512,EXTERNE
47,33,-0.045982852,EXTERNE
47,34,0.0482430785,EXTERNE
47,35,-0.021261242,EXTERNE
47,36,-0.118446999,EXTERNE
47,37,-0.002328437,EXTERNE
47,38,-0.010539768,EXTERNE
47,39,0.174789352,EXTERNE
47,40,0.3198286372,EXTERNE
47,41,0.1025447255,EXTERNE
47,42,-0.085377266,EXTERNE
47,43,0.1810887512,EXTERNE
47,44,-0.044753817,EXTERNE
47,45,-0.051616356,EXTERNE
47,46,0.0393207382,EXTERNE
47,47,0.1413943424,EXTERNE
47,48,0.0705226257,EXTERNE
47,49,0.1120207018,EXTERNE
47,50,-0.137565714,EXTERNE
47,51,0.1575383011,EXTERNE
47,52,-0.032449489,EXTERNE
47,53,-0.027475909,EXTERNE
47,54,0.0174742185,EXTERNE
47,55,-0.040736549,EXTERNE
47,56,0.0955422158,EXTERNE
47,57,-0.047611459,EXTERNE
47,58,-0.142427692,EXTERNE
47,59,-0.021761028,EXTERNE
47,60,-0.082894864,EXTERNE
47,61,-0.179877356,EXTERNE
47,62,0.1274204384,EXTERNE
47,63,-0.136307137,EXTERNE
47,64,-0.172326449,EXTERNE
47,65,-0.047901549,EXTERNE
47,66,0.1457319864,EXTERNE
47,67,0.0507709673,EXTERNE
47,68,-0.168069093,EXTERNE
47,69,0.1733735855,EXTERNE
47,70,0.4141569896,EXTERNE
47,71,0.0927650136,EXTERNE
47,72,-0.186283271,EXTERNE
47,73,0.0360992173,EXTERNE
47,74,-0.092250594,EXTERNE
47,75,-0.138738714,EXTERNE
47,76,0.0262780312,EXTERNE
47,77,0.1383515759,EXTERNE
47,78,0.3016387468,EXTERNE
47,79,0.2707420667,EXTERNE
47,80,-0.202770197,EXTERNE
47,81,0.0273939417,EXTERNE
47,82,-0.021626642,EXTERNE
47,83,-0.146910056,EXTERNE
47,84,0.1439692837,EXTERNE
47,85,-0.340480556,EXTERNE
47,86,-0.142962012,EXTERNE
47,87,-0.051766581,EXTERNE
47,88,-0.053369265,EXTERNE
47,89,-0.015985202,EXTERNE
47,90,-0.148026011,EXTERNE
47,91,-0.107038947,EXTERNE
47,92,0.0006705644,EXTERNE
47,93,-0.225983115,EXTERNE
47,94,0.1863459179,EXTERNE
47,95,0.0676600129,EXTERNE
47,96,0.4081767491,EXTERNE
47,97,-0.199755057,EXTERNE
47,98,-0.184761913,EXTERNE
47,99,0.1414361886,EXTERNE
47,100,0.2455457253,EXTERNE
48,1,0.14669729,EXTERNE
48,2,0.0326347758,EXTERNE
48,3,0.1458848758,EXTERNE
48,4,0.3955650565,EXTERNE
48,5,-0.000016847,EXTERNE
48,6,-0.053541335,EXTERNE
48,7,-0.0204644,EXTERNE
48,8,-0.01122888,EXTERNE
48,9,0.1039976238,EXTERNE
48,10,0.2558935906,EXTERNE
48,11,0.2026209636,EXTERNE
48,12,0.1387469814,EXTERNE
48,13,0.0508606424,EXTERNE
48,14,0.1963718466,EXTERNE
48,15,0.0407298423,EXTERNE
48,16,0.1357636796,EXTERNE
48,17,0.0163409317,EXTERNE
48,18,0.1001517102,EXTERNE
48,19,0.0784855588,EXTERNE
48,20,0.1421551219,EXTERNE
48,21,0.1153368915,EXTERNE
48,22,0.3405081736,EXTERNE
48,23,0.1154460047,EXTERNE
48,24,0.1121520665,EXTERNE
48,25,-0.131374326,EXTERNE
48,26,-0.079105042,EXTERNE
48,27,-0.111414713,EXTERNE
48,28,0.2750170276,EXTERNE
48,29,0.2821119687,EXTERNE
48,30,-0.129102397,EXTERNE
48,31,0.3251956784,EXTERNE
48,32,0.101041028,EXTERNE
48,33,-0.171934132,EXTERNE
48,34,-0.032707981,EXTERNE
48,35,0.1023357955,EXTERNE
48,36,0.0113685167,EXTERNE
48,37,0.0670580186,EXTERNE
48,38,0.0306534676,EXTERNE
48,39,0.0477660278,EXTERNE
48,40,0.1004655519,EXTERNE
48,41,-0.073980298,EXTERNE
48,42,-0.061770722,EXTERNE
48,43,-0.108252935,EXTERNE
48,44,-0.057653969,EXTERNE
48,45,0.1781256582,EXTERNE
48,46,0.0443955634,EXTERNE
48,47,0.0315523797,EXTERNE
48,48,-0.258256334,EXTERNE
48,49,-0.118139651,EXTERNE
48,50,-0.098399059,EXTERNE
48,51,0.3406688344,EXTERNE
48,52,0.3555124719,EXTERNE
48,53,-0.093151435,EXTERNE
48,54,-0.010777766,EXTERNE
48,55,0.1730342803,EXTERNE
48,56,0.0046762021,EXTERNE
48,57,0.0218594534,EXTERNE
48,58,0.0192988573,EXTERNE
48,59,-0.155821705,EXTERNE
48,60,0.1362981003,EXTERNE
48,61,-0.109561239,EXTERNE
48,62,-0.407976371,EXTERNE
48,63,-0.291855563,EXTERNE
48,64,0.0918877768,EXTERNE
48,65,-0.09786803,EXTERNE
48,66,-0.157208667,EXTERNE
48,67,0.2213307534,EXTERNE
48,68,-0.073083556,EXTERNE
48,69,0.1048050901,EXTERNE
48,70,-0.171568915,EXTERNE
48,71,-0.054231931,EXTERNE
48,72,0.0393854723,EXTERNE
48,73,-0.067048807,EXTERNE
48,74,0.1837137737,EXTERNE
48,75,-0.082530178,EXTERNE
48,76,0.11827984,EXTERNE
48,77,0.0210670238,EXTERNE
48,78,0.2808934181,EXTERNE
48,79,-0.022667911,EXTERNE
48,80,0.1888081741,EXTERNE
48,81,0.2241153832,EXTERNE
48,82,-0.152367449,EXTERNE
48,83,0.0086811791,EXTERNE
48,84,0.0932707256,EXTERNE
48,85,0.1511672517,EXTERNE
48,86,0.0284387154,EXTERNE
48,87,-0.189209833,EXTERNE
48,88,-0.118095116,EXTERNE
48,89,0.157348561,EXTERNE
48,90,0.1330621176,EXTERNE
48,91,-0.127615833,EXTERNE
48,92,0.1949476157,EXTERNE
48,93,0.2245193018,EXTERNE
48,94,0.0838647852,EXTERNE
48,95,-0.137855294,EXTERNE
48,96,-0.080230414,EXTERNE
48,97,-0.031283954,EXTERNE
48,98,-0.07855922,EXTERNE
48,99,-0.024212475,EXTERNE
48,100,-0.215130464,EXTERNE
49,1,0.0336878595,EXTERNE
49,2,0.1006272994,EXTERNE
49,3,-0.121623384,EXTERNE
49,4,-0.127279439,EXTERNE
49,5,0.1160167396,EXTERNE
49,6,0.0282375994,EXTERNE
49,7,-0.221172374,EXTERNE
49,8,0.1409561454,EXTERNE
49,9,0.0769641121,EXTERNE
49,10,-0.006866131,EXTERNE
49,11,-0.088572829,EXTERNE
49,12,-0.067427517,EXTERNE
49,13,0.088464496,EXTERNE
49,14,0.221061349,EXTERNE
49,15,0.2325955816,EXTERNE
49,16,0.1576071763,EXTERNE
49,17,0.009673903,EXTERNE
49,18,-0.114683399,EXTERNE
49,19,0.1057579559,EXTERNE
49,20,0.1731434351,EXTERNE
49,21,0.2209367846,EXTERNE
49,22,0.0058315811,EXTERNE
49,23,0.1832127019,EXTERNE
49,24,-0.019757003,EXTERNE
49,25,0.2596203144,EXTERNE
49,26,-0.031027121,EXTERNE
49,27,0.0609057294,EXTERNE
49,28,-0.124168369,EXTERNE
49,29,0.027938257,EXTERNE
49,30,0.1097432832,EXTERNE
49,31,0.0128424082,EXTERNE
49,32,-0.232874897,EXTERNE
49,33,0.1181080513,EXTERNE
49,34,0.1070362133,EXTERNE
49,35,-0.088759854,EXTERNE
49,36,-0.050987255,EXTERNE
49,37,-0.015321913,EXTERNE
49,38,0.2272516363,EXTERNE
49,39,0.1451499268,EXTERNE
49,40,-0.079688413,EXTERNE
49,41,0.0823285778,EXTERNE
49,42,0.2175343011,EXTERNE
49,43,0.038205931,EXTERNE
49,44,0.1914132033,EXTERNE
49,45,0.0196404004,EXTERNE
49,46,0.0661131765,EXTERNE
49,47,0.2577162102,EXTERNE
49,48,0.0081917846,EXTERNE
49,49,-0.275089226,EXTERNE
49,50,-0.254220353,EXTERNE
49,51,0.0002807586,EXTERNE
49,52,0.097012007,EXTERNE
49,53,-0.175361906,EXTERNE
49,54,0.1782782355,EXTERNE
49,55,0.2908005787,EXTERNE
49,56,-0.074713329,EXTERNE
49,57,0.0922670669,EXTERNE
49,58,-0.25704298,EXTERNE
49,59,-0.243462479,EXTERNE
49,60,0.0853684621,EXTERNE
49,61,0.0442779555,EXTERNE
49,62,-0.042429936,EXTERNE
49,63,0.0143901949,EXTERNE
49,64,-0.283776206,EXTERNE
49,65,-0.094487005,EXTERNE
49,66,0.0937544887,EXTERNE
49,67,0.1228296067,EXTERNE
49,68,-0.076489622,EXTERNE
49,69,0.2404249956,EXTERNE
49,70,0.0651124069,EXTERNE
49,71,0.0866271216,EXTERNE
49,72,-0.039555895,EXTERNE
49,73,0.1138611997,EXTERNE
49,74,0.0384150952,EXTERNE
49,75,-0.206676646,EXTERNE
49,76,-0.043684808,EXTERNE
49,77,0.1094619937,EXTERNE
49,78,0.1249036148,EXTERNE
49,79,-0.023610487,EXTERNE
49,80,0.1523310636,EXTERNE
49,81,0.0881684144,EXTERNE
49,82,0.0872371336,EXTERNE
49,83,-0.122865482,EXTERNE
49,84,0.2862683323,EXTERNE
49,85,0.0594855256,EXTERNE
49,86,0.2733775003,EXTERNE
49,87,0.0666494806,EXTERNE
49,88,0.2140397897,EXTERNE
49,89,-0.007022126,EXTERNE
49,90,0.1543369418,EXTERNE
49,91,0.1963192128,EXTERNE
49,92,0.3305838617,EXTERNE
49,93,-0.243096332,EXTERNE
49,94,0.0535303092,EXTERNE
49,95,0.077197169,EXTERNE
49,96,0.043136871,EXTERNE
49,97,-0.174812235,EXTERNE
49,98,0.2955657487,EXTERNE
49,99,-0.091492613,EXTERNE
49,100,0.135956863,EXTERNE
50,1,0.0222036207,EXTERNE
50,2,0.0425376669,EXTERNE
50,3,-0.098239315,EXTERNE
50,4,0.1068435019,EXTERNE
50,5,-0.152547445,EXTERNE
50,6,0.0833579965,EXTERNE
50,7,0.1085158383,EXTERNE
50,8,0.1581969565,EXTERNE
50,9,0.1269303278,EXTERNE
50,10,0.1514588976,EXTERNE
50,11,0.0601760743,EXTERNE
50,12,0.2098620272,EXTERNE
50,13,0.0047350793,EXTERNE
50,14,-0.001156097,EXTERNE
50,15,-0.078679242,EXTERNE
50,16,0.0004259087,EXTERNE
50,17,0.202015584,EXTERNE
50,18,-0.0078029,EXTERNE
50,19,0.1264436516,EXTERNE
50,20,0.1602715178,EXTERNE
50,21,0.0929105353,EXTERNE
50,22,-0.121245751,EXTERNE
50,23,-0.104710512,EXTERNE
50,24,-0.071571074,EXTERNE
50,25,0.2522691508,EXTERNE
50,26,-0.056475691,EXTERNE
50,27,0.1116385706,EXTERNE
50,28,-0.076564718,EXTERNE
50,29,0.1238631217,EXTERNE
50,30,0.1651828302,EXTERNE
50,31,-0.188330438,EXTERNE
50,32,-0.127246712,EXTERNE
50,33,0.3593431757,EXTERNE
50,34,0.0568507721,EXTERNE
50,35,0.3592286593,EXTERNE
50,36,-0.014827535,EXTERNE
50,37,0.0502120276,EXTERNE
50,38,0.1290730023,EXTERNE
50,39,0.0294046633,EXTERNE
50,40,-0.160892203,EXTERNE
50,41,0.2640413941,EXTERNE
50,42,-0.184349991,EXTERNE
50,43,0.1170702303,EXTERNE
50,44,0.2081597723,EXTERNE
50,45,0.1010194814,EXTERNE
50,46,0.179070367,EXTERNE
50,47,-0.25761139,EXTERNE
50,48,0.3174172846,EXTERNE
50,49,-0.064162916,EXTERNE
50,50,0.0165701724,EXTERNE
50,51,0.1692777624,EXTERNE
50,52,0.255002531,EXTERNE
50,53,0.0125886991,EXTERNE
50,54,0.22756583,EXTERNE
50,55,0.262467151,EXTERNE
50,56,0.053196139,EXTERNE
50,57,-0.052901543,EXTERNE
50,58,0.0941915868,EXTERNE
50,59,-0.12957446,EXTERNE
50,60,0.0585971301,EXTERNE
50,61,-0.070312754,EXTERNE
50,62,0.0230449585,EXTERNE
50,63,-0.003537594,EXTERNE
50,64,0.0700083381,EXTERNE
50,65,0.1643236662,EXTERNE
50,66,0.2633136375,EXTERNE
50,67,0.0745129367,EXTERNE
50,68,0.0833881172,EXTERNE
50,69,0.0728864906,EXTERNE
50,70,-0.26069515,EXTERNE
50,71,0.0563914006,EXTERNE
50,72,-0.182832898,EXTERNE
50,73,-0.036224409,EXTERNE
50,74,-0.160838988,EXTERNE
50,75,0.2675449841,EXTERNE
50,76,0.1427873773,EXTERNE
50,77,-0.102576015,EXTERNE
50,78,-0.155386492,EXTERNE
50,79,-0.040411777,EXTERNE
50,80,-0.047879387,EXTERNE
50,81,-0.091759119,EXTERNE
50,82,0.104108182,EXTERNE
50,83,-0.014117305,EXTERNE
50,84,-0.143473321,EXTERNE
50,85,0.2813973053,EXTERNE
50,86,0.1114663144,EXTERNE
50,87,-0.0353575,EXTERNE
50,88,0.3597197619,EXTERNE
50,89,0.2275960698,EXTERNE
50,90,0.1511105061,EXTERNE
50,91,-0.228484713,EXTERNE
50,92,-0.120510509,EXTERNE
50,93,-0.090347236,EXTERNE
50,94,0.0289480188,EXTERNE
50,95,-0.016872633,EXTERNE
50,96,-0.065280707,EXTERNE
50,97,-0.021841344,EXTERNE
50,98,-0.016741424,EXTERNE
50,99,0.1063538644,EXTERNE
50,100,0.2440926608,EXTERNE
51,1,0.0898157062,EXTERNE
51,2,0.2496667891,EXTERNE
51,3,-0.236582762,EXTERNE
51,4,0.113333269,EXTERNE
51,5,0.0465502127,EXTERNE
51,6,-0.14854084,EXTERNE
51,7,0.0413373381,EXTERNE
51,8,0.327812794,EXTERNE
51,9,-0.137278586,EXTERNE
51,10,0.139737256,EXTERNE
51,11,-0.096074072,EXTERNE
51,12,0.0521872257,EXTERNE
51,13,-0.117274832,EXTERNE
51,14,0.1459332226,EXTERNE
51,15,0.0871221343,EXTERNE
51,16,-0.091273993,EXTERNE
51,17,0.2477728063,EXTERNE
51,18,-0.085547972,EXTERNE
51,19,0.219562548,EXTERNE
51,20,0.2441780005,EXTERNE
51,21,-0.109450635,EXTERNE
51,22,-0.099823625,EXTERNE
51,23,0.2443760679,EXTERNE
51,24,0.24641496,EXTERNE
51,25,-0.074958155,EXTERNE
51,26,0.0329640303,EXTERNE
51,27,-0.107197116,EXTERNE
51,28,-0.010358181,EXTERNE
51,29,-0.083329692,EXTERNE
51,30,0.2000525011,EXTERNE
51,31,0.1667711401,EXTERNE
51,32,0.0206410775,EXTERNE
51,33,0.1823835455,EXTERNE
51,34,-0.150872391,EXTERNE
51,35,0.1928946482,EXTERNE
51,36,-0.123022921,EXTERNE
51,37,-0.122312592,EXTERNE
51,38,0.2307696033,EXTERNE
51,39,0.1506670986,EXTERNE
51,40,0.0873762573,EXTERNE
51,41,-0.008429728,EXTERNE
51,42,0.0489714859,EXTERNE
51,43,0.1565305468,EXTERNE
51,44,-0.306951816,EXTERNE
51,45,0.1041931803,EXTERNE
51,46,0.0755850364,EXTERNE
51,47,0.3120099279,EXTERNE
51,48,0.1097576618,EXTERNE
51,49,-0.242959038,EXTERNE
51,50,0.242742323,EXTERNE
51,51,0.136285593,EXTERNE
51,52,0.1499271189,EXTERNE
51,53,-0.017801675,EXTERNE
51,54,0.0334502131,EXTERNE
51,55,0.0461732357,EXTERNE
51,56,0.1953491883,EXTERNE
51,57,0.0051410182,EXTERNE
51,58,-0.120352034,EXTERNE
51,59,0.0035302134,EXTERNE
51,60,-0.019762636,EXTERNE
51,61,0.1454525381,EXTERNE
51,62,0.0727412446,EXTERNE
51,63,0.1933266843,EXTERNE
51,64,0.2743802564,EXTERNE
51,65,0.2931647093,EXTERNE
51,66,0.1341379609,EXTERNE
51,67,0.4810587593,EXTERNE
51,68,-0.038124234,EXTERNE
51,69,-0.105471654,EXTERNE
51,70,-0.12410953,EXTERNE
51,71,-0.04343051,EXTERNE
51,72,0.3487326368,EXTERNE
51,73,0.0211100621,EXTERNE
51,74,0.1856739074,EXTERNE
51,75,0.1549958768,EXTERNE
51,76,0.1301262993,EXTERNE
51,77,-0.054907487,EXTERNE
51,78,0.3779977748,EXTERNE
51,79,0.072049705,EXTERNE
51,80,0.0426816274,EXTERNE
51,81,0.0474409426,EXTERNE
51,82,0.1914245113,EXTERNE
51,83,-0.113621787,EXTERNE
51,84,0.0853079503,EXTERNE
51,85,-0.030300061,EXTERNE
51,86,-0.164804248,EXTERNE
51,87,-0.203537532,EXTERNE
51,88,0.120322858,EXTERNE
51,89,0.2593405021,EXTERNE
51,90,0.0107419868,EXTERNE
51,91,0.2389547664,EXTERNE
51,92,0.0913399676,EXTERNE
51,93,-0.070930507,EXTERNE
51,94,0.0011955468,EXTERNE
51,95,0.0940925136,EXTERNE
51,96,0.0151072814,EXTERNE
51,97,0.0865391556,EXTERNE
51,98,0.1923664922,EXTERNE
51,99,-0.155800175,EXTERNE
51,100,-0.039713393,EXTERNE
52,1,-0.03523016,EXTERNE
52,2,-0.01222504,EXTERNE
52,3,-0.129143629,EXTERNE
52,4,0.0937685634,EXTERNE
52,5,0.3041982779,EXTERNE
52,6,0.0368509086,EXTERNE
52,7,0.0532737893,EXTERNE
52,8,0.2708218366,EXTERNE
52,9,-0.002083314,EXTERNE
52,10,-0.137184302,EXTERNE
52,11,-0.032331649,EXTERNE
52,12,0.0395487988,EXTERNE
52,13,-0.086147179,EXTERNE
52,14,0.0377048643,EXTERNE
52,15,0.1396561387,EXTERNE
52,16,0.1918672623,EXTERNE
52,17,0.3110857166,EXTERNE
52,18,-0.264683831,EXTERNE
52,19,0.1227033178,EXTERNE
52,20,-0.202535319,EXTERNE
52,21,0.2287790179,EXTERNE
52,22,-0.081763598,EXTERNE
52,23,0.0997020297,EXTERNE
52,24,-0.123466068,EXTERNE
52,25,-0.062148291,EXTERNE
52,26,-0.114273328,EXTERNE
52,27,0.2376328758,EXTERNE
52,28,0.1853199104,EXTERNE
52,29,0.0344597208,EXTERNE
52,30,-0.152137849,EXTERNE
52,31,0.3824056584,EXTERNE
52,32,-0.050288729,EXTERNE
52,33,-0.028150102,EXTERNE
52,34,0.29861322,EXTERNE
52,35,0.1185289071,EXTERNE
52,36,0.0201529252,EXTERNE
52,37,-0.058630493,EXTERNE
52,38,-0.011047863,EXTERNE
52,39,-0.111392758,EXTERNE
52,40,0.0094083976,EXTERNE
52,41,0.283299571,EXTERNE
52,42,-0.142000499,EXTERNE
52,43,0.0607899405,EXTERNE
52,44,0.2813367609,EXTERNE
52,45,0.1102966154,EXTERNE
52,46,0.2881189721,EXTERNE
52,47,0.1400060501,EXTERNE
52,48,0.1519374791,EXTERNE
52,49,0.0351378482,EXTERNE
52,50,-0.186538768,EXTERNE
52,51,0.2214001807,EXTERNE
52,52,-0.037184601,EXTERNE
52,53,-0.006385917,EXTERNE
52,54,0.124867161,EXTERNE
52,55,0.0392305302,EXTERNE
52,56,0.1546946534,EXTERNE
52,57,0.1230391647,EXTERNE
52,58,0.0902464528,EXTERNE
52,59,-0.010578659,EXTERNE
52,60,0.0672188116,EXTERNE
52,61,0.0099080738,EXTERNE
52,62,0.1285892329,EXTERNE
52,63,0.1169881573,EXTERNE
52,64,-0.026657259,EXTERNE
52,65,-0.104449023,EXTERNE
52,66,0.0918280633,EXTERNE
52,67,0.241612958,EXTERNE
52,68,-0.008461302,EXTERNE
52,69,0.1474649174,EXTERNE
52,70,-0.015376042,EXTERNE
52,71,0.0073601953,EXTERNE
52,72,0.2577849638,EXTERNE
52,73,0.050850667,EXTERNE
52,74,0.2808439333,EXTERNE
52,75,-0.132595192,EXTERNE
52,76,0.0170854208,EXTERNE
52,77,-0.140097347,EXTERNE
52,78,-0.080769456,EXTERNE
52,79,-0.11871979,EXTERNE
52,80,-0.046422699,EXTERNE
52,81,-0.205727929,EXTERNE
52,82,0.2719319433,EXTERNE
52,83,0.0640300122,EXTERNE
52,84,0.2179857121,EXTERNE
52,85,0.2515132105,EXTERNE
52,86,-0.025365537,EXTERNE
52,87,-0.02892726,EXTERNE
52,88,-0.020123769,EXTERNE
52,89,0.2116023264,EXTERNE
52,90,-0.015027452,EXTERNE
52,91,-0.054762823,EXTERNE
52,92,0.0171304321,EXTERNE
52,93,0.463465118,EXTERNE
52,94,0.013106529,EXTERNE
52,95,-0.0621156,EXTERNE
52,96,-0.059681494,EXTERNE
52,97,-0.012140867,EXTERNE
52,98,0.123056431,EXTERNE
52,99,-0.161302776,EXTERNE
52,100,-0.265746125,EXTERNE
53,1,0.1017285086,EXTERNE
53,2,-0.014070153,EXTERNE
53,3,0.195246104,EXTERNE
53,4,0.269645856,EXTERNE
53,5,0.1020379689,EXTERNE
53,6,0.0824698756,EXTERNE
53,7,-0.110602254,EXTERNE
53,8,-0.28341285,EXTERNE
53,9,0.0651713736,EXTERNE
53,10,0.1733999579,EXTERNE
53,11,0.1165120227,EXTERNE
53,12,0.3197706399,EXTERNE
53,13,0.16417774,EXTERNE
53,14,0.1670797281,EXTERNE
53,15,0.2420929034,EXTERNE
53,16,0.0796018988,EXTERNE
53,17,0.0303832953,EXTERNE
53,18,0.1142279161,EXTERNE
53,19,-0.080546515,EXTERNE
53,20,0.016203008,EXTERNE
53,21,0.2024388281,EXTERNE
53,22,0.3365642158,EXTERNE
53,23,0.0310174527,EXTERNE
53,24,0.0306883732,EXTERNE
53,25,0.2022002544,EXTERNE
53,26,0.1531874277,EXTERNE
53,27,0.1811154015,EXTERNE
53,28,0.0528582998,EXTERNE
53,29,-0.157973445,EXTERNE
53,30,0.1989011962,EXTERNE
53,31,0.2031383442,EXTERNE
53,32,-0.022032685,EXTERNE
53,33,0.2014034347,EXTERNE
53,34,0.1379191095,EXTERNE
53,35,-0.326185957,EXTERNE
53,36,-0.063022902,EXTERNE
53,37,0.0957549991,EXTERNE
53,38,0.037602149,EXTERNE
53,39,-0.115891665,EXTERNE
53,40,0.1131586163,EXTERNE
53,41,-0.146060332,EXTERNE
53,42,0.1202535848,EXTERNE
53,43,0.1392505093,EXTERNE
53,44,0.1096842519,EXTERNE
53,45,0.0489259933,EXTERNE
53,46,0.2896763191,EXTERNE
53,47,-0.126447189,EXTERNE
53,48,0.0545825774,EXTERNE
53,49,-0.012568413,EXTERNE
53,50,-0.184730509,EXTERNE
53,51,-0.082393022,EXTERNE
53,52,-0.023245324,EXTERNE
53,53,-0.301461278,EXTERNE
53,54,0.3714144609,EXTERNE
53,55,-0.148816841,EXTERNE
53,56,0.1968271079,EXTERNE
53,57,0.2197684722,EXTERNE
53,58,0.1896699554,EXTERNE
53,59,-0.268838714,EXTERNE
53,60,0.1688215483,EXTERNE
53,61,0.0976841782,EXTERNE
53,62,0.1268626804,EXTERNE
53,63,0.0787067457,EXTERNE
53,64,0.2579717237,EXTERNE
53,65,0.0419374989,EXTERNE
53,66,-0.080711148,EXTERNE
53,67,0.2099264594,EXTERNE
53,68,0.3461222109,EXTERNE
53,69,0.3289490412,EXTERNE
53,70,0.0104430469,EXTERNE
53,71,0.1530950105,EXTERNE
53,72,0.1445384447,EXTERNE
53,73,0.0172310511,EXTERNE
53,74,0.2543478547,EXTERNE
53,75,-0.008471507,EXTERNE
53,76,0.28779327,EXTERNE
53,77,-0.000533517,EXTERNE
53,78,0.1888134534,EXTERNE
53,79,-0.075246509,EXTERNE
53,80,0.1283014119,EXTERNE
53,81,0.0654201715,EXTERNE
53,82,-0.082070888,EXTERNE
53,83,-0.107962206,EXTERNE
53,84,-0.004490837,EXTERNE
53,85,-0.01685164,EXTERNE
53,86,0.0889466228,EXTERNE
53,87,0.1586862598,EXTERNE
53,88,0.3621864447,EXTERNE
53,89,0.1289744602,EXTERNE
53,90,0.1711211414,EXTERNE
53,91,0.1594591106,EXTERNE
53,92,-0.081877598,EXTERNE
53,93,0.0106809743,EXTERNE
53,94,-0.119145829,EXTERNE
53,95,0.1254693239,EXTERNE
53,96,-0.076932573,EXTERNE
53,97,0.1663737651,EXTERNE
53,98,0.1417411143,EXTERNE
53,99,0.0433448768,EXTERNE
53,100,0.1142882348,EXTERNE
54,1,0.1560252234,EXTERNE
54,2,-0.13752044,EXTERNE
54,3,-0.097886169,EXTERNE
54,4,0.1141831045,EXTERNE
54,5,0.0805043808,EXTERNE
54,6,0.2223135829,EXTERNE
54,7,-0.049790623,EXTERNE
54,8,0.186222985,EXTERNE
54,9,-0.142371794,EXTERNE
54,10,-0.122739336,EXTERNE
54,11,-0.186069087,EXTERNE
54,12,0.1388393327,EXTERNE
54,13,-0.030106095,EXTERNE
54,14,0.1590399336,EXTERNE
54,15,0.0707803356,EXTERNE
54,16,0.254512417,EXTERNE
54,17,-0.017807535,EXTERNE
54,18,0.1524813267,EXTERNE
54,19,0.1080659891,EXTERNE
54,20,-0.082708789,EXTERNE
54,21,0.1665209069,EXTERNE
54,22,0.1804655461,EXTERNE
54,23,0.0303849045,EXTERNE
54,24,0.5368200495,EXTERNE
54,25,-0.216021265,EXTERNE
54,26,-0.124949592,EXTERNE
54,27,0.1069968066,EXTERNE
54,28,0.2008617264,EXTERNE
54,29,0.0309082742,EXTERNE
54,30,-0.203237928,EXTERNE
54,31,0.057048189,EXTERNE
54,32,0.0227655079,EXTERNE
54,33,0.1141183595,EXTERNE
54,34,-0.084591783,EXTERNE
54,35,0.1056916138,EXTERNE
54,36,0.2375930825,EXTERNE
54,37,0.1068864717,EXTERNE
54,38,0.1163339487,EXTERNE
54,39,-0.024364468,EXTERNE
54,40,0.0398942477,EXTERNE
54,41,-0.113310172,EXTERNE
54,42,-0.166161558,EXTERNE
54,43,0.287399652,EXTERNE
54,44,0.1362592955,EXTERNE
54,45,0.4842214186,EXTERNE
54,46,0.0699919614,EXTERNE
54,47,-0.084379108,EXTERNE
54,48,-0.00786071,EXTERNE
54,49,0.209093285,EXTERNE
54,50,0.0749680032,EXTERNE
54,51,0.0932324007,EXTERNE
54,52,-0.101047097,EXTERNE
54,53,-0.176165399,EXTERNE
54,54,-0.199899899,EXTERNE
54,55,0.0338130104,EXTERNE
54,56,0.155316547,EXTERNE
54,57,-0.096856991,EXTERNE
54,58,0.135845562,EXTERNE
54,59,-0.022071447,EXTERNE
54,60,0.0661176783,EXTERNE
54,61,0.0751626108,EXTERNE
54,62,-0.113889702,EXTERNE
54,63,-0.050948152,EXTERNE
54,64,-0.019938957,EXTERNE
54,65,0.0018605668,EXTERNE
54,66,0.1655269875,EXTERNE
54,67,-0.047020265,EXTERNE
54,68,0.182980644,EXTERNE
54,69,0.0500813583,EXTERNE
54,70,0.0061240276,EXTERNE
54,71,-0.098590612,EXTERNE
54,72,-0.214419636,EXTERNE
54,73,-0.074524621,EXTERNE
54,74,0.0790477745,EXTERNE
54,75,0.0246469058,EXTERNE
54,76,0.0783963056,EXTERNE
54,77,-0.043260066,EXTERNE
54,78,-0.074821672,EXTERNE
54,79,0.0452916236,EXTERNE
54,80,0.0483712913,EXTERNE
54,81,0.126193216,EXTERNE
54,82,-0.134020087,EXTERNE
54,83,0.2298931093,EXTERNE
54,84,0.1207139588,EXTERNE
54,85,0.0246414951,EXTERNE
54,86,0.1767603157,EXTERNE
54,87,-0.12208574,EXTERNE
54,88,-0.066380965,EXTERNE
54,89,-0.013929559,EXTERNE
54,90,-0.165916076,EXTERNE
54,91,0.16400339,EXTERNE
54,92,0.1636715678,EXTERNE
54,93,0.0665930165,EXTERNE
54,94,-0.009215416,EXTERNE
54,95,-0.084879325,EXTERNE
54,96,0.0130119944,EXTERNE
54,97,-0.047083717,EXTERNE
54,98,-0.042344645,EXTERNE
54,99,0.2512344275,EXTERNE
54,100,-0.022099587,EXTERNE
55,1,0.2355065266,EXTERNE
55,2,0.2943233684,EXTERNE
55,3,-0.236495379,EXTERNE
55,4,0.0450480684,EXTERNE
55,5,0.236143139,EXTERNE
55,6,0.1759268038,EXTERNE
55,7,0.0718985452,EXTERNE
55,8,0.1087844594,EXTERNE
55,9,0.0850339776,EXTERNE
55,10,0.1934181068,EXTERNE
55,11,-0.067556565,EXTERNE
55,12,-0.223968573,EXTERNE
55,13,0.2872511839,EXTERNE
55,14,-0.047614964,EXTERNE
55,15,0.2638651466,EXTERNE
55,16,-0.021525459,EXTERNE
55,17,0.1919858326,EXTERNE
55,18,-0.244011301,EXTERNE
55,19,-0.182744567,EXTERNE
55,20,0.1086577455,EXTERNE
55,21,0.1674473488,EXTERNE
55,22,0.0039165301,EXTERNE
55,23,-0.179880555,EXTERNE
55,24,0.2065637541,EXTERNE
55,25,-0.103927854,EXTERNE
55,26,0.1321683882,EXTERNE
55,27,-0.149094676,EXTERNE
55,28,-0.212058557,EXTERNE
55,29,0.0625313573,EXTERNE
55,30,0.00570156,EXTERNE
55,31,0.3459794992,EXTERNE
55,32,0.1388775134,EXTERNE
55,33,0.1521753768,EXTERNE
55,34,0.1996712929,EXTERNE
55,35,-0.088895958,EXTERNE
55,36,-0.033370749,EXTERNE
55,37,0.2430890105,EXTERNE
55,38,0.2259276411,EXTERNE
55,39,0.016539714,EXTERNE
55,40,-0.054681448,EXTERNE
55,41,0.0353992438,EXTERNE
55,42,-0.196743374,EXTERNE
55,43,0.2971670611,EXTERNE
55,44,-0.141987971,EXTERNE
55,45,-0.032163986,EXTERNE
55,46,-0.017338259,EXTERNE
55,47,0.0699814137,EXTERNE
55,48,-0.253997653,EXTERNE
55,49,-0.057618607,EXTERNE
55,50,0.1701980528,EXTERNE
55,51,-0.050259875,EXTERNE
55,52,0.1360199919,EXTERNE
55,53,-0.180364765,EXTERNE
55,54,0.3067576609,EXTERNE
55,55,-0.144879844,EXTERNE
55,56,-0.074140132,EXTERNE
55,57,0.2049168096,EXTERNE
55,58,0.1807765355,EXTERNE
55,59,-0.067926082,EXTERNE
55,60,0.169410848,EXTERNE
55,61,-0.040494514,EXTERNE
55,62,0.0224311725,EXTERNE
55,63,-0.002506405,EXTERNE
55,64,-0.041164232,EXTERNE
55,65,0.0165673075,EXTERNE
55,66,0.007271251,EXTERNE
55,67,-0.179978623,EXTERNE
55,68,0.0484331978,EXTERNE
55,69,0.0017268267,EXTERNE
55,70,0.0323730169,EXTERNE
55,71,-0.142907527,EXTERNE
55,72,0.0973963508,EXTERNE
55,73,-0.129074118,EXTERNE
55,74,-0.127643337,EXTERNE
55,75,0.0681866662,EXTERNE
55,76,0.0491135908,EXTERNE
55,77,-0.129251922,EXTERNE
55,78,0.0364810376,EXTERNE
55,79,-0.022390054,EXTERNE
55,80,0.0781222769,EXTERNE
55,81,-0.177745882,EXTERNE
55,82,0.1976483931,EXTERNE
55,83,0.0529057599,EXTERNE
55,84,-0.094051055,EXTERNE
55,85,0.124827519,EXTERNE
55,86,-0.097675716,EXTERNE
55,87,0.3144534034,EXTERNE
55,88,0.0012643035,EXTERNE
55,89,0.2580626308,EXTERNE
55,90,-0.080004284,EXTERNE
55,91,0.0079258007,EXTERNE
55,92,0.1591425906,EXTERNE
55,93,-0.124221006,EXTERNE
55,94,0.043997165,EXTERNE
55,95,-0.069770134,EXTERNE
55,96,0.198695741,EXTERNE
55,97,0.0654801327,EXTERNE
55,98,-0.147207802,EXTERNE
55,99,-0.162051847,EXTERNE
55,100,-0.310767911,EXTERNE
56,1,-0.136297175,EXTERNE
56,2,-0.040919408,EXTERNE
56,3,0.2732294094,EXTERNE
56,4,-0.071278456,EXTERNE
56,5,0.0860436728,EXTERNE
56,6,-0.297867503,EXTERNE
56,7,-0.128022235,EXTERNE
56,8,0.1883702598,EXTERNE
56,9,0.0599186912,EXTERNE
56,10,0.3119813072,EXTERNE
56,11,0.0651721456,EXTERNE
56,12,0.1842279371,EXTERNE
56,13,0.0396785029,EXTERNE
56,14,-0.025319332,EXTERNE
56,15,-0.101012685,EXTERNE
56,16,0.0193441571,EXTERNE
56,17,0.3328826458,EXTERNE
56,18,0.2110020119,EXTERNE
56,19,0.2938184762,EXTERNE
56,20,0.0046038341,EXTERNE
56,21,0.0695401503,EXTERNE
56,22,0.1634019995,EXTERNE
56,23,-0.12337331,EXTERNE
56,24,-0.030923369,EXTERNE
56,25,-0.015400435,EXTERNE
56,26,0.3250079333,EXTERNE
56,27,0.0162384792,EXTERNE
56,28,-0.260562609,EXTERNE
56,29,0.1022976808,EXTERNE
56,30,0.0876894875,EXTERNE
56,31,-0.052991067,EXTERNE
56,32,0.0686173246,EXTERNE
56,33,-0.205774322,EXTERNE
56,34,-0.169039335,EXTERNE
56,35,0.0069785271,EXTERNE
56,36,-0.180075281,EXTERNE
56,37,0.1540307911,EXTERNE
56,38,0.1207336472,EXTERNE
56,39,0.1353124838,EXTERNE
56,40,-0.174422527,EXTERNE
56,41,-0.028111291,EXTERNE
56,42,-0.056957936,EXTERNE
56,43,-0.067787054,EXTERNE
56,44,-0.000402529,EXTERNE
56,45,0.0250503762,EXTERNE
56,46,-0.077251681,EXTERNE
56,47,0.1732768226,EXTERNE
56,48,-0.120070617,EXTERNE
56,49,0.0268689344,EXTERNE
56,50,0.03440491,EXTERNE
56,51,0.0068313425,EXTERNE
56,52,0.1613673674,EXTERNE
56,53,0.0190164327,EXTERNE
56,54,0.0367078868,EXTERNE
56,55,0.1428806788,EXTERNE
56,56,0.3991280949,EXTERNE
56,57,-0.046997935,EXTERNE
56,58,0.2036675034,EXTERNE
56,59,-0.046205995,EXTERNE
56,60,-0.101633624,EXTERNE
56,61,-0.072963041,EXTERNE
56,62,-0.055193448,EXTERNE
56,63,0.123576028,EXTERNE
56,64,0.0052679985,EXTERNE
56,65,0.0223084185,EXTERNE
56,66,0.2912491386,EXTERNE
56,67,0.0573177353,EXTERNE
56,68,0.1163265983,EXTERNE
56,69,0.1150281221,EXTERNE
56,70,0.0517879433,EXTERNE
56,71,0.1404092683,EXTERNE
56,72,0.0181114416,EXTERNE
56,73,-0.132228597,EXTERNE
56,74,0.2426863612,EXTERNE
56,75,-0.241397944,EXTERNE
56,76,0.3177502031,EXTERNE
56,77,0.0716504929,EXTERNE
56,78,-0.226512769,EXTERNE
56,79,0.1284203235,EXTERNE
56,80,-0.135294102,EXTERNE
56,81,0.2599302181,EXTERNE
56,82,-0.021232363,EXTERNE
56,83,0.2888385227,EXTERNE
56,84,-0.058129229,EXTERNE
56,85,0.1061259927,EXTERNE
56,86,0.311194194,EXTERNE
56,87,0.1354221475,EXTERNE
56,88,0.1455165182,EXTERNE
56,89,0.0552662416,EXTERNE
56,90,0.2095743299,EXTERNE
56,91,-0.228806802,EXTERNE
56,92,0.163048759,EXTERNE
56,93,0.0039520575,EXTERNE
56,94,0.2744227049,EXTERNE
56,95,0.1394572254,EXTERNE
56,96,-0.002902988,EXTERNE
56,97,-0.07098385,EXTERNE
56,98,0.014079333,EXTERNE
56,99,-0.132940496,EXTERNE
56,100,0.0038551077,EXTERNE
57,1,-0.046165166,EXTERNE
57,2,0.1858548108,EXTERNE
57,3,0.1622155202,EXTERNE
57,4,0.046209704,EXTERNE
57,5,0.056192707,EXTERNE
57,6,0.1810517723,EXTERNE
57,7,-0.027081954,EXTERNE
57,8,-0.014204789,EXTERNE
57,9,0.0025821157,EXTERNE
57,10,-0.069116717,EXTERNE
57,11,0.0941394863,EXTERNE
57,12,-0.116880415,EXTERNE
57,13,0.1077176482,EXTERNE
57,14,-0.091366268,EXTERNE
57,15,-0.027779968,EXTERNE
57,16,0.0586443635,EXTERNE
57,17,-0.260842408,EXTERNE
57,18,0.0587323328,EXTERNE
57,19,-0.027430059,EXTERNE
57,20,-0.015620261,EXTERNE
57,21,-0.05425755,EXTERNE
57,22,0.3796155178,EXTERNE
57,23,-0.15790809,EXTERNE
57,24,-0.00089933,EXTERNE
57,25,0.3419419489,EXTERNE
57,26,-0.044226092,EXTERNE
57,27,-0.144534997,EXTERNE
57,28,-0.06559799,EXTERNE
57,29,0.0066068193,EXTERNE
57,30,0.0245763915,EXTERNE
57,31,0.3446306446,EXTERNE
57,32,0.1212567171,EXTERNE
57,33,0.0561252736,EXTERNE
57,34,0.058272895,EXTERNE
57,35,-0.067090675,EXTERNE
57,36,-0.032401266,EXTERNE
57,37,0.0631867269,EXTERNE
57,38,0.2697718716,EXTERNE
57,39,-0.168322525,EXTERNE
57,40,0.1476803904,EXTERNE
57,41,-0.027359584,EXTERNE
57,42,0.1033533221,EXTERNE
57,43,-0.031656892,EXTERNE
57,44,-0.145724117,EXTERNE
57,45,0.1099720454,EXTERNE
57,46,-0.014881743,EXTERNE
57,47,0.1974658523,EXTERNE
57,48,0.088148677,EXTERNE
57,49,0.0187160712,EXTERNE
57,50,0.0467814243,EXTERNE
57,51,-0.176188231,EXTERNE
57,52,-0.050264666,EXTERNE
57,53,0.2356052154,EXTERNE
57,54,0.0338741499,EXTERNE
57,55,-0.096706822,EXTERNE
57,56,-0.046373769,EXTERNE
57,57,0.1040952328,EXTERNE
57,58,0.1201903737,EXTERNE
57,59,0.1797848788,EXTERNE
57,60,0.089413801,EXTERNE
57,61,0.0170471066,EXTERNE
57,62,-0.328864633,EXTERNE
57,63,-0.096164245,EXTERNE
57,64,-0.173524844,EXTERNE
57,65,-0.008821199,EXTERNE
57,66,-0.028522866,EXTERNE
57,67,-0.160339678,EXTERNE
57,68,0.0874802725,EXTERNE
57,69,0.2324374866,EXTERNE
57,70,-0.184543656,EXTERNE
57,71,-0.162109199,EXTERNE
57,72,-0.009584393,EXTERNE
57,73,0.0890538491,EXTERNE
57,74,-0.097600658,EXTERNE
57,75,0.4312247997,EXTERNE
57,76,-0.155178745,EXTERNE
57,77,0.0926477253,EXTERNE
57,78,-0.00719279,EXTERNE
57,79,0.0828040616,EXTERNE
57,80,-0.011954012,EXTERNE
57,81,0.1593966942,EXTERNE
57,82,0.1631659128,EXTERNE
57,83,-0.143062836,EXTERNE
57,84,0.3066996031,EXTERNE
57,85,0.3409360313,EXTERNE
57,86,0.2050664562,EXTERNE
57,87,-0.090955254,EXTERNE
57,88,0.0575478609,EXTERNE
57,89,-0.164115329,EXTERNE
57,90,-0.204295716,EXTERNE
57,91,0.1115233375,EXTERNE
57,92,0.0213822084,EXTERNE
57,93,0.3413846212,EXTERNE
57,94,0.0265165788,EXTERNE
57,95,0.1674373979,EXTERNE
57,96,-0.013812437,EXTERNE
57,97,-0.074081997,EXTERNE
57,98,-0.041441904,EXTERNE
57,99,0.3483962409,EXTERNE
57,100,-0.005083671,EXTERNE
58,1,0.0308748952,EXTERNE
58,2,0.0509517805,EXTERNE
58,3,-0.14716327,EXTERNE
58,4,0.0039965339,EXTERNE
58,5,0.1062090699,EXTERNE
58,6,0.166492823,EXTERNE
58,7,-0.09864278,EXTERNE
58,8,-0.052787175,EXTERNE
58,9,0.1039659839,EXTERNE
58,10,-0.046335213,EXTERNE
58,11,0.2348714469,EXTERNE
58,12,0.42442332,EXTERNE
58,13,0.1228268183,EXTERNE
58,14,-0.187481415,EXTERNE
58,15,0.070956222,EXTERNE
58,16,-0.035319285,EXTERNE
58,17,-0.078570073,EXTERNE
58,18,-0.041175918,EXTERNE
58,19,-0.207441636,EXTERNE
58,20,0.239133935,EXTERNE
58,21,0.0045735328,EXTERNE
58,22,0.1384102558,EXTERNE
58,23,0.0486494888,EXTERNE
58,24,-0.126915975,EXTERNE
58,25,-0.003312853,EXTERNE
58,26,0.1347354549,EXTERNE
58,27,0.2005121353,EXTERNE
58,28,0.071272061,EXTERNE
58,29,0.0379444548,EXTERNE
58,30,0.2552673018,EXTERNE
58,31,0.181254465,EXTERNE
58,32,0.1625499591,EXTERNE
58,33,0.1386292641,EXTERNE
58,34,-0.16673182,EXTERNE
58,35,0.0203556282,EXTERNE
58,36,0.0269716791,EXTERNE
58,37,0.0867434467,EXTERNE
58,38,-0.094221828,EXTERNE
58,39,0.1815403977,EXTERNE
58,40,0.0667303778,EXTERNE
58,41,0.122057627,EXTERNE
58,42,0.0124265153,EXTERNE
58,43,-0.006031194,EXTERNE
58,44,-0.065026178,EXTERNE
58,45,0.0639081593,EXTERNE
58,46,-0.160398955,EXTERNE
58,47,-0.102562271,EXTERNE
58,48,0.2974610937,EXTERNE
58,49,-0.070392506,EXTERNE
58,50,-0.017402839,EXTERNE
58,51,-0.243865995,EXTERNE
58,52,0.096412057,EXTERNE
58,53,-0.005997031,EXTERNE
58,54,0.0012660235,EXTERNE
58,55,0.0658189314,EXTERNE
58,56,0.1935094161,EXTERNE
58,57,-0.097872631,EXTERNE
58,58,0.2650367012,EXTERNE
58,59,0.0661653007,EXTERNE
58,60,-0.041013483,EXTERNE
58,61,0.0240525711,EXTERNE
58,62,-0.204019622,EXTERNE
58,63,0.152616854,EXTERNE
58,64,0.1173736901,EXTERNE
58,65,-0.009541115,EXTERNE
58,66,-0.112011995,EXTERNE
58,67,0.0974007947,EXTERNE
58,68,0.2125265072,EXTERNE
58,69,0.0841556494,EXTERNE
58,70,-0.112811947,EXTERNE
58,71,0.0844288852,EXTERNE
58,72,0.3878795527,EXTERNE
58,73,0.2763617346,EXTERNE
58,74,-0.070492988,EXTERNE
58,75,-0.04529825,EXTERNE
58,76,0.0808912976,EXTERNE
58,77,0.1624773022,EXTERNE
58,78,-0.205701524,EXTERNE
58,79,-0.22240472,EXTERNE
58,80,-0.011790364,EXTERNE
58,81,-0.138512651,EXTERNE
58,82,0.0118659445,EXTERNE
58,83,-0.054778652,EXTERNE
58,84,0.027109145,EXTERNE
58,85,-0.115014666,EXTERNE
58,86,0.1928231383,EXTERNE
58,87,-0.309739416,EXTERNE
58,88,-0.134545078,EXTERNE
58,89,-0.093632185,EXTERNE
58,90,0.0831381951,EXTERNE
58,91,0.1194385329,EXTERNE
58,92,0.1431298114,EXTERNE
58,93,0.013548495,EXTERNE
58,94,-0.036175249,EXTERNE
58,95,0.4024937412,EXTERNE
58,96,-0.300630004,EXTERNE
58,97,0.2215238297,EXTERNE
58,98,0.118388767,EXTERNE
58,99,0.1280340593,EXTERNE
58,100,0.2073380118,EXTERNE
59,1,0.0089977861,EXTERNE
59,2,0.1574792205,EXTERNE
59,3,-0.07998386,EXTERNE
59,4,0.0624401362,EXTERNE
59,5,0.0271562454,EXTERNE
59,6,0.3006757447,EXTERNE
59,7,0.0414730938,EXTERNE
59,8,-0.000601647,EXTERNE
59,9,0.074997959,EXTERNE
59,10,0.2192847572,EXTERNE
59,11,-0.149216718,EXTERNE
59,12,0.118004276,EXTERNE
59,13,0.2958976618,EXTERNE
59,14,0.1062379646,EXTERNE
59,15,0.0313216147,EXTERNE
59,16,0.1953572036,EXTERNE
59,17,0.1747576535,EXTERNE
59,18,0.1226190636,EXTERNE
59,19,0.0276418163,EXTERNE
59,20,-0.172490303,EXTERNE
59,21,0.1804730054,EXTERNE
59,22,0.07713696,EXTERNE
59,23,0.1313186977,EXTERNE
59,24,0.1686616951,EXTERNE
59,25,0.1148240173,EXTERNE
59,26,-6.307734E-6,EXTERNE
59,27,0.1417662796,EXTERNE
59,28,-0.058907058,EXTERNE
59,29,0.046199995,EXTERNE
59,30,-0.084949545,EXTERNE
59,31,0.1349446426,EXTERNE
59,32,-0.236960334,EXTERNE
59,33,0.1399618581,EXTERNE
59,34,0.1231060986,EXTERNE
59,35,-0.050776504,EXTERNE
59,36,-0.049619735,EXTERNE
59,37,0.1424425527,EXTERNE
59,38,-0.164478655,EXTERNE
59,39,0.1995970337,EXTERNE
59,40,0.0794725279,EXTERNE
59,41,-0.084564153,EXTERNE
59,42,0.1001129237,EXTERNE
59,43,0.0328416286,EXTERNE
59,44,0.4428013554,EXTERNE
59,45,0.1716940327,EXTERNE
59,46,-0.173705568,EXTERNE
59,47,0.1280052556,EXTERNE
59,48,0.1253356506,EXTERNE
59,49,0.2268727015,EXTERNE
59,50,-0.329593383,EXTERNE
59,51,-0.032626492,EXTERNE
59,52,-0.013227169,EXTERNE
59,53,-0.272460195,EXTERNE
59,54,0.0289459705,EXTERNE
59,55,-0.09417402,EXTERNE
59,56,0.1073588601,EXTERNE
59,57,-0.083340755,EXTERNE
59,58,0.2354414827,EXTERNE
59,59,0.2581302308,EXTERNE
59,60,0.0462007485,EXTERNE
59,61,0.0024506946,EXTERNE
59,62,0.0356002288,EXTERNE
59,63,0.3503612126,EXTERNE
59,64,0.221083855,EXTERNE
59,65,0.1248288268,EXTERNE
59,66,-0.192234649,EXTERNE
59,67,0.1248486053,EXTERNE
59,68,0.00144793,EXTERNE
59,69,0.2613171118,EXTERNE
59,70,-0.203244557,EXTERNE
59,71,-0.076906976,EXTERNE
59,72,0.1139340964,EXTERNE
59,73,0.0308994862,EXTERNE
59,74,0.1845161478,EXTERNE
59,75,0.3900987864,EXTERNE
59,76,0.0865638315,EXTERNE
59,77,0.1176620848,EXTERNE
59,78,0.0055736796,EXTERNE
59,79,-0.338771146,EXTERNE
59,80,-0.10415886,EXTERNE
59,81,0.0889954854,EXTERNE
59,82,-0.086755097,EXTERNE
59,83,0.1282265641,EXTERNE
59,84,-0.192288869,EXTERNE
59,85,0.2977015357,EXTERNE
59,86,-0.043295061,EXTERNE
59,87,-0.026427624,EXTERNE
59,88,0.1887583967,EXTERNE
59,89,-0.121090778,EXTERNE
59,90,-0.010662614,EXTERNE
59,91,0.0763178536,EXTERNE
59,92,0.0629867882,EXTERNE
59,93,0.2710198319,EXTERNE
59,94,0.2507586433,EXTERNE
59,95,-0.012067651,EXTERNE
59,96,0.1062575409,EXTERNE
59,97,-0.096556855,EXTERNE
59,98,0.0506317325,EXTERNE
59,99,0.3105908745,EXTERNE
59,100,0.1080240787,EXTERNE
60,1,0.2184424001,EXTERNE
60,2,-0.204601913,EXTERNE
60,3,0.3657296477,EXTERNE
60,4,0.0626776859,EXTERNE
60,5,-0.029334497,EXTERNE
60,6,0.0298549081,EXTERNE
60,7,0.292143436,EXTERNE
60,8,-0.305742468,EXTERNE
60,9,0.1093382592,EXTERNE
60,10,0.043884763,EXTERNE
60,11,0.0737414931,EXTERNE
60,12,0.0653228096,EXTERNE
60,13,0.0856744661,EXTERNE
60,14,-0.069086319,EXTERNE
60,15,0.1247700824,EXTERNE
60,16,0.0319717858,EXTERNE
60,17,-0.106401871,EXTERNE
60,18,0.1431123243,EXTERNE
60,19,-0.109769273,EXTERNE
60,20,0.2502810388,EXTERNE
60,21,-0.104239948,EXTERNE
60,22,0.1105963711,EXTERNE
60,23,0.2212940025,EXTERNE
60,24,0.0754939661,EXTERNE
60,25,0.1927908959,EXTERNE
60,26,-0.005978987,EXTERNE
60,27,0.1104122051,EXTERNE
60,28,0.1122135198,EXTERNE
60,29,-0.180315172,EXTERNE
60,30,-0.150759413,EXTERNE
60,31,0.3091390437,EXTERNE
60,32,-0.195523312,EXTERNE
60,33,0.0591009255,EXTERNE
60,34,0.0073787823,EXTERNE
60,35,0.0815534942,EXTERNE
60,36,0.068306511,EXTERNE
60,37,0.0074018044,EXTERNE
60,38,-0.027414053,EXTERNE
60,39,0.0416528316,EXTERNE
60,40,-0.013853021,EXTERNE
60,41,0.0648978916,EXTERNE
60,42,-0.129636888,EXTERNE
60,43,0.3059838841,EXTERNE
60,44,0.1543844355,EXTERNE
60,45,0.1908262707,EXTERNE
60,46,0.0304671707,EXTERNE
60,47,-0.14988244,EXTERNE
60,48,-0.0106286,EXTERNE
60,49,0.174254097,EXTERNE
60,50,0.2072555259,EXTERNE
60,51,0.0844281772,EXTERNE
60,52,-0.319546668,EXTERNE
60,53,0.2216684674,EXTERNE
60,54,0.333421248,EXTERNE
60,55,-0.132756381,EXTERNE
60,56,-0.09083362,EXTERNE
60,57,0.2055964091,EXTERNE
60,58,-0.055669467,EXTERNE
60,59,0.0477300947,EXTERNE
60,60,-0.017415401,EXTERNE
60,61,0.348845702,EXTERNE
60,62,-0.142681856,EXTERNE
60,63,0.3435304139,EXTERNE
60,64,-0.137786719,EXTERNE
60,65,-0.145795882,EXTERNE
60,66,0.1180653904,EXTERNE
60,67,0.1439407273,EXTERNE
60,68,0.0684139857,EXTERNE
60,69,-0.151184174,EXTERNE
60,70,-0.105970596,EXTERNE
60,71,0.2134717297,EXTERNE
60,72,0.1513512769,EXTERNE
60,73,-0.118794134,EXTERNE
60,74,0.0124358696,EXTERNE
60,75,-0.028084906,EXTERNE
60,76,0.3391369023,EXTERNE
60,77,-0.182041109,EXTERNE
60,78,-0.253446714,EXTERNE
60,79,0.1782108046,EXTERNE
60,80,0.307778717,EXTERNE
60,81,0.1315232735,EXTERNE
60,82,-0.152652016,EXTERNE
60,83,0.0042148938,EXTERNE
60,84,0.0863953523,EXTERNE
60,85,-0.051734372,EXTERNE
60,86,0.2132014127,EXTERNE
60,87,0.0128348222,EXTERNE
60,88,-0.052940789,EXTERNE
60,89,0.1954548474,EXTERNE
60,90,0.3541074027,EXTERNE
60,91,0.2299952643,EXTERNE
60,92,0.1713202022,EXTERNE
60,93,-0.005593887,EXTERNE
60,94,0.3170703448,EXTERNE
60,95,-0.228495525,EXTERNE
60,96,0.3361135825,EXTERNE
60,97,-0.135186308,EXTERNE
60,98,-0.386364847,EXTERNE
60,99,0.0327388225,EXTERNE
60,100,-0.233517391,EXTERNE
61,1,0.0833906491,EXTERNE
61,2,-0.13544998,EXTERNE
61,3,-0.067264206,EXTERNE
61,4,0.0083013312,EXTERNE
61,5,-0.162112492,EXTERNE
61,6,-0.047808991,EXTERNE
61,7,-0.304226908,EXTERNE
61,8,0.3803420459,EXTERNE
61,9,0.0981691302,EXTERNE
61,10,0.1963133941,EXTERNE
61,11,0.3960437213,EXTERNE
61,12,-0.149915912,EXTERNE
61,13,-0.069050353,EXTERNE
61,14,0.1299646159,EXTERNE
61,15,0.0632316966,EXTERNE
61,16,-0.020592804,EXTERNE
61,17,0.0561949389,EXTERNE
61,18,0.3815720563,EXTERNE
61,19,-0.140314365,EXTERNE
61,20,0.1762852543,EXTERNE
61,21,-0.05022916,EXTERNE
61,22,-0.113153766,EXTERNE
61,23,0.063127262,EXTERNE
61,24,0.0910919811,EXTERNE
61,25,0.0195561176,EXTERNE
61,26,-0.115870913,EXTERNE
61,27,-0.126257278,EXTERNE
61,28,0.0049816026,EXTERNE
61,29,0.0639672258,EXTERNE
61,30,-0.03156603,EXTERNE
61,31,0.0876300395,EXTERNE
61,32,0.2938401228,EXTERNE
61,33,0.0866466945,EXTERNE
61,34,-0.156290649,EXTERNE
61,35,-0.117089106,EXTERNE
61,36,-0.129148297,EXTERNE
61,37,0.0910422672,EXTERNE
61,38,0.1600756118,EXTERNE
61,39,0.0057389184,EXTERNE
61,40,0.2480408098,EXTERNE
61,41,0.1989797476,EXTERNE
61,42,-0.026072675,EXTERNE
61,43,0.1270603171,EXTERNE
61,44,0.2434915722,EXTERNE
61,45,-0.017425128,EXTERNE
61,46,0.1045248646,EXTERNE
61,47,-0.14263081,EXTERNE
61,48,0.2450658056,EXTERNE
61,49,0.0839386378,EXTERNE
61,50,0.1838351575,EXTERNE
61,51,0.2245566338,EXTERNE
61,52,0.1785767309,EXTERNE
61,53,0.0909918686,EXTERNE
61,54,0.2765269579,EXTERNE
61,55,-0.022265405,EXTERNE
61,56,-0.081023451,EXTERNE
61,57,-0.006642118,EXTERNE
61,58,-0.077891064,EXTERNE
61,59,0.040321952,EXTERNE
61,60,0.2301055873,EXTERNE
61,61,-0.174284082,EXTERNE
61,62,0.2747278467,EXTERNE
61,63,0.1425482405,EXTERNE
61,64,-0.176972576,EXTERNE
61,65,0.0957186878,EXTERNE
61,66,-0.012786603,EXTERNE
61,67,0.2454988774,EXTERNE
61,68,0.0928917719,EXTERNE
61,69,0.2364814929,EXTERNE
61,70,0.1839240087,EXTERNE
61,71,0.2594623965,EXTERNE
61,72,0.1564951139,EXTERNE
61,73,0.1412279959,EXTERNE
61,74,0.2756031574,EXTERNE
61,75,-0.017733947,EXTERNE
61,76,0.0403177854,EXTERNE
61,77,0.026797525,EXTERNE
61,78,-0.218419705,EXTERNE
61,79,0.1454758339,EXTERNE
61,80,0.1174848081,EXTERNE
61,81,-0.007000021,EXTERNE
61,82,0.1667798611,EXTERNE
61,83,-0.168372494,EXTERNE
61,84,-0.086575451,EXTERNE
61,85,0.0718207837,EXTERNE
61,86,0.138949635,EXTERNE
61,87,0.1797445252,EXTERNE
61,88,0.2730575756,EXTERNE
61,89,0.1086800088,EXTERNE
61,90,0.2330590765,EXTERNE
61,91,-0.166940103,EXTERNE
61,92,0.2237608923,EXTERNE
61,93,0.1290837485,EXTERNE
61,94,0.1180385652,EXTERNE
61,95,0.3432340312,EXTERNE
61,96,0.1332256254,EXTERNE
61,97,0.0694243318,EXTERNE
61,98,0.0785667977,EXTERNE
61,99,0.3215321803,EXTERNE
61,100,0.0837842977,EXTERNE
62,1,-0.132271787,EXTERNE
62,2,0.0714977384,EXTERNE
62,3,-0.018593239,EXTERNE
62,4,0.0723768585,EXTERNE
62,5,-0.109114942,EXTERNE
62,6,0.0508253004,EXTERNE
62,7,0.4045516046,EXTERNE
62,8,0.0677742535,EXTERNE
62,9,-0.227234478,EXTERNE
62,10,0.1827144721,EXTERNE
62,11,0.3100086425,EXTERNE
62,12,0.0801431322,EXTERNE
62,13,0.0904857133,EXTERNE
62,14,0.1581158135,EXTERNE
62,15,0.0481635052,EXTERNE
62,16,0.0723711846,EXTERNE
62,17,0.2763654994,EXTERNE
62,18,0.0220167086,EXTERNE
62,19,-0.120882465,EXTERNE
62,20,-0.002588187,EXTERNE
62,21,0.0901715712,EXTERNE
62,22,0.1882194786,EXTERNE
62,23,0.0872116582,EXTERNE
62,24,-0.037116595,EXTERNE
62,25,0.0145460878,EXTERNE
62,26,0.0074094425,EXTERNE
62,27,0.1759229505,EXTERNE
62,28,0.1161383597,EXTERNE
62,29,0.0881815814,EXTERNE
62,30,-0.130214005,EXTERNE
62,31,0.1392718733,EXTERNE
62,32,0.0829529748,EXTERNE
62,33,-0.057189144,EXTERNE
62,34,-0.072735156,EXTERNE
62,35,-0.020033453,EXTERNE
62,36,0.1530278554,EXTERNE
62,37,0.1791696994,EXTERNE
62,38,-0.074746729,EXTERNE
62,39,0.053205032,EXTERNE
62,40,0.205080289,EXTERNE
62,41,0.0394974118,EXTERNE
62,42,-0.025753755,EXTERNE
62,43,0.1579118101,EXTERNE
62,44,-0.144078225,EXTERNE
62,45,0.0390021836,EXTERNE
62,46,0.1671792303,EXTERNE
62,47,0.0455868149,EXTERNE
62,48,0.1344288615,EXTERNE
62,49,-0.172844371,EXTERNE
62,50,-0.128143688,EXTERNE
62,51,-0.082152061,EXTERNE
62,52,0.1146473136,EXTERNE
62,53,-0.030236833,EXTERNE
62,54,0.0304988094,EXTERNE
62,55,0.0770154945,EXTERNE
62,56,0.1371354225,EXTERNE
62,57,-0.009115866,EXTERNE
62,58,-0.112801081,EXTERNE
62,59,-0.192245061,EXTERNE
62,60,-0.214722219,EXTERNE
62,61,-0.01783878,EXTERNE
62,62,0.201335109,EXTERNE
62,63,0.3758825716,EXTERNE
62,64,-0.115456346,EXTERNE
62,65,-0.028961907,EXTERNE
62,66,0.0459004489,EXTERNE
62,67,0.1270427384,EXTERNE
62,68,0.0838295903,EXTERNE
62,69,0.0070887354,EXTERNE
62,70,-0.116221144,EXTERNE
62,71,0.1249821665,EXTERNE
62,72,0.0548325048,EXTERNE
62,73,0.2963449852,EXTERNE
62,74,-0.139646383,EXTERNE
62,75,0.0791545332,EXTERNE
62,76,0.0454072807,EXTERNE
62,77,-0.160886033,EXTERNE
62,78,0.0082067513,EXTERNE
62,79,0.0702896292,EXTERNE
62,80,0.2190692065,EXTERNE
62,81,-0.124006631,EXTERNE
62,82,-0.142212282,EXTERNE
62,83,-0.002908696,EXTERNE
62,84,-0.04291347,EXTERNE
62,85,-0.038221767,EXTERNE
62,86,0.0705479244,EXTERNE
62,87,0.0198121865,EXTERNE
62,88,-0.039527149,EXTERNE
62,89,-0.12473098,EXTERNE
62,90,-0.137243634,EXTERNE
62,91,0.3529844342,EXTERNE
62,92,-0.014817492,EXTERNE
62,93,-0.068246924,EXTERNE
62,94,0.0951625191,EXTERNE
62,95,0.0057545289,EXTERNE
62,96,0.0055581024,EXTERNE
62,97,-0.178419723,EXTERNE
62,98,-0.025955032,EXTERNE
62,99,-0.009543679,EXTERNE
62,100,0.249503675,EXTERNE
63,1,0.1771561985,EXTERNE
63,2,0.1846002731,EXTERNE
63,3,0.0398265127,EXTERNE
63,4,0.0727482585,EXTERNE
63,5,0.0634879755,EXTERNE
63,6,-0.07497583,EXTERNE
63,7,0.1004772039,EXTERNE
63,8,0.1419684013,EXTERNE
63,9,0.2823812636,EXTERNE
63,10,-0.001451332,EXTERNE
63,11,-0.145928849,EXTERNE
63,12,0.0839275234,EXTERNE
63,13,0.2987303711,EXTERNE
63,14,0.0081784973,EXTERNE
63,15,-0.120572747,EXTERNE
63,16,-0.092456953,EXTERNE
63,17,-0.360024121,EXTERNE
63,18,-0.319244002,EXTERNE
63,19,-0.098139395,EXTERNE
63,20,0.0424792176,EXTERNE
63,21,0.0601702899,EXTERNE
63,22,-0.045903663,EXTERNE
63,23,0.2699017599,EXTERNE
63,24,-0.041619807,EXTERNE
63,25,-0.225468207,EXTERNE
63,26,0.170087832,EXTERNE
63,27,0.0033006767,EXTERNE
63,28,-0.094706086,EXTERNE
63,29,-0.05615026,EXTERNE
63,30,0.002833184,EXTERNE
63,31,0.0958994299,EXTERNE
63,32,-0.201737945,EXTERNE
63,33,0.0572097164,EXTERNE
63,34,0.1459006282,EXTERNE
63,35,0.1672234911,EXTERNE
63,36,0.0114430321,EXTERNE
63,37,0.2661498746,EXTERNE
63,38,0.0033850135,EXTERNE
63,39,0.0672018275,EXTERNE
63,40,-0.109990347,EXTERNE
63,41,-0.116049811,EXTERNE
63,42,0.2161058869,EXTERNE
63,43,0.2438760929,EXTERNE
63,44,-0.12283183,EXTERNE
63,45,0.2808991327,EXTERNE
63,46,0.2299247616,EXTERNE
63,47,-0.06838367,EXTERNE
63,48,-0.030599078,EXTERNE
63,49,0.0401041559,EXTERNE
63,50,0.1128241143,EXTERNE
63,51,0.4390977728,EXTERNE
63,52,0.0223077429,EXTERNE
63,53,0.0899447921,EXTERNE
63,54,0.3890230451,EXTERNE
63,55,0.0328687381,EXTERNE
63,56,0.0779313933,EXTERNE
63,57,-0.006720155,EXTERNE
63,58,0.1992502084,EXTERNE
63,59,0.121462816,EXTERNE
63,60,-0.038812567,EXTERNE
63,61,-0.240810593,EXTERNE
63,62,0.0277986157,EXTERNE
63,63,0.103092269,EXTERNE
63,64,0.0802788202,EXTERNE
63,65,-0.031683926,EXTERNE
63,66,0.0418178094,EXTERNE
63,67,0.1372834915,EXTERNE
63,68,0.0381749548,EXTERNE
63,69,-0.054208546,EXTERNE
63,70,0.1085359835,EXTERNE
63,71,0.0534798269,EXTERNE
63,72,0.1901615215,EXTERNE
63,73,-0.016546541,EXTERNE
63,74,0.0416500218,EXTERNE
63,75,0.0631549821,EXTERNE
63,76,0.0708421452,EXTERNE
63,77,-0.011038337,EXTERNE
63,78,-0.377447263,EXTERNE
63,79,0.028055794,EXTERNE
63,80,0.0102395414,EXTERNE
63,81,-0.164474997,EXTERNE
63,82,0.1234816014,EXTERNE
63,83,0.2827348946,EXTERNE
63,84,-0.229207011,EXTERNE
63,85,0.0480535481,EXTERNE
63,86,0.0310649376,EXTERNE
63,87,0.0125772276,EXTERNE
63,88,-0.066643974,EXTERNE
63,89,-0.153948319,EXTERNE
63,90,0.1628274768,EXTERNE
63,91,0.0409348819,EXTERNE
63,92,0.1576300732,EXTERNE
63,93,0.0172382576,EXTERNE
63,94,-0.030744841,EXTERNE
63,95,0.1974883569,EXTERNE
63,96,0.0721421443,EXTERNE
63,97,0.1243316481,EXTERNE
63,98,0.0179889451,EXTERNE
63,99,0.1056839808,EXTERNE
63,100,0.2344247752,EXTERNE
64,1,0.0363150396,EXTERNE
64,2,0.2882965548,EXTERNE
64,3,0.3000052192,EXTERNE
64,4,-0.11942634,EXTERNE
64,5,0.0935427016,EXTERNE
64,6,-0.174251903,EXTERNE
64,7,0.2194629523,EXTERNE
64,8,-0.097468668,EXTERNE
64,9,0.3582068703,EXTERNE
64,10,0.0847436775,EXTERNE
64,11,0.0311441537,EXTERNE
64,12,-0.025862685,EXTERNE
64,13,0.3570048871,EXTERNE
64,14,-0.061805919,EXTERNE
64,15,0.1640726224,EXTERNE
64,16,-0.102097783,EXTERNE
64,17,0.2861261268,EXTERNE
64,18,0.0365909588,EXTERNE
64,19,0.1047971408,EXTERNE
64,20,0.241803157,EXTERNE
64,21,0.1810273537,EXTERNE
64,22,-0.102761975,EXTERNE
64,23,0.2934404746,EXTERNE
64,24,0.1269084882,EXTERNE
64,25,0.013638266,EXTERNE
64,26,-0.021217237,EXTERNE
64,27,0.4476732341,EXTERNE
64,28,-0.188947871,EXTERNE
64,29,-0.016386585,EXTERNE
64,30,0.1974856453,EXTERNE
64,31,0.0174451466,EXTERNE
64,32,-0.213776596,EXTERNE
64,33,-0.234908255,EXTERNE
64,34,-0.011663706,EXTERNE
64,35,0.1550690532,EXTERNE
64,36,0.0172247025,EXTERNE
64,37,0.0131937561,EXTERNE
64,38,0.3183734657,EXTERNE
64,39,0.1609281509,EXTERNE
64,40,0.297623255,EXTERNE
64,41,0.0291904045,EXTERNE
64,42,-0.055596339,EXTERNE
64,43,0.0652453643,EXTERNE
64,44,-0.196936833,EXTERNE
64,45,0.1246446681,EXTERNE
64,46,0.3521156179,EXTERNE
64,47,-0.184617705,EXTERNE
64,48,0.2147379462,EXTERNE
64,49,0.0950102741,EXTERNE
64,50,0.2817302858,EXTERNE
64,51,0.0921665187,EXTERNE
64,52,0.3974619819,EXTERNE
64,53,0.0551403951,EXTERNE
64,54,0.0975083169,EXTERNE
64,55,0.1082024204,EXTERNE
64,56,-0.052824203,EXTERNE
64,57,-0.12373986,EXTERNE
64,58,-0.025932908,EXTERNE
64,59,0.1449678751,EXTERNE
64,60,-0.117046112,EXTERNE
64,61,0.1266483276,EXTERNE
64,62,-0.076809412,EXTERNE
64,63,-0.055272712,EXTERNE
64,64,-0.028249533,EXTERNE
64,65,0.0060177773,EXTERNE
64,66,0.3736838695,EXTERNE
64,67,0.0197591005,EXTERNE
64,68,-0.092830012,EXTERNE
64,69,-0.169462891,EXTERNE
64,70,0.0431454149,EXTERNE
64,71,0.1483602384,EXTERNE
64,72,0.3590165269,EXTERNE
64,73,-0.010500197,EXTERNE
64,74,-0.0286547,EXTERNE
64,75,0.3168118783,EXTERNE
64,76,-0.076063239,EXTERNE
64,77,0.0161549017,EXTERNE
64,78,-0.113086809,EXTERNE
64,79,-0.102032233,EXTERNE
64,80,0.0616523932,EXTERNE
64,81,0.0718823949,EXTERNE
64,82,0.0910271999,EXTERNE
64,83,-0.073737358,EXTERNE
64,84,-0.010997143,EXTERNE
64,85,0.2763518366,EXTERNE
64,86,-0.018788393,EXTERNE
64,87,0.1159072453,EXTERNE
64,88,0.0308287418,EXTERNE
64,89,0.1129637752,EXTERNE
64,90,0.141949279,EXTERNE
64,91,0.0693873117,EXTERNE
64,92,-0.178897973,EXTERNE
64,93,-0.121519246,EXTERNE
64,94,0.0366574071,EXTERNE
64,95,0.2008170413,EXTERNE
64,96,0.020118523,EXTERNE
64,97,0.0554953485,EXTERNE
64,98,0.2314936792,EXTERNE
64,99,-0.092407048,EXTERNE
64,100,-0.036705819,EXTERNE
65,1,-0.155965109,EXTERNE
65,2,0.2028697901,EXTERNE
65,3,-0.020134269,EXTERNE
65,4,0.0857665191,EXTERNE
65,5,-0.157001867,EXTERNE
65,6,-0.073128562,EXTERNE
65,7,0.0381857631,EXTERNE
65,8,-0.292644618,EXTERNE
65,9,-0.101202452,EXTERNE
65,10,0.138082015,EXTERNE
65,11,0.0584065877,EXTERNE
65,12,0.0572027929,EXTERNE
65,13,-0.05476883,EXTERNE
65,14,0.0617380858,EXTERNE
65,15,0.0036880218,EXTERNE
65,16,0.0078064923,EXTERNE
65,17,-0.003202861,EXTERNE
65,18,-0.199829835,EXTERNE
65,19,0.0864231121,EXTERNE
65,20,-0.079122875,EXTERNE
65,21,-0.001790649,EXTERNE
65,22,-0.11339419,EXTERNE
65,23,0.0370731138,EXTERNE
65,24,0.1341152692,EXTERNE
65,25,-0.039337424,EXTERNE
65,26,-0.11825777,EXTERNE
65,27,-0.312239245,EXTERNE
65,28,-0.206141163,EXTERNE
65,29,-0.035101721,EXTERNE
65,30,0.3147747155,EXTERNE
65,31,-0.012149187,EXTERNE
65,32,-0.035897931,EXTERNE
65,33,0.2008326321,EXTERNE
65,34,0.1501571189,EXTERNE
65,35,-0.044597398,EXTERNE
65,36,-0.281847416,EXTERNE
65,37,0.1194121012,EXTERNE
65,38,0.2571650818,EXTERNE
65,39,0.328900258,EXTERNE
65,40,0.1410702141,EXTERNE
65,41,-0.014089666,EXTERNE
65,42,-0.086394989,EXTERNE
65,43,-0.143494419,EXTERNE
65,44,0.1452469447,EXTERNE
65,45,0.143443806,EXTERNE
65,46,0.0886329597,EXTERNE
65,47,0.012898321,EXTERNE
65,48,0.0999329724,EXTERNE
65,49,0.1440512919,EXTERNE
65,50,0.0272732188,EXTERNE
65,51,0.0627177672,EXTERNE
65,52,-0.100275853,EXTERNE
65,53,0.1925573174,EXTERNE
65,54,0.2682694475,EXTERNE
65,55,0.1552291751,EXTERNE
65,56,0.0915445951,EXTERNE
65,57,-0.042830498,EXTERNE
65,58,-0.116106254,EXTERNE
65,59,-0.007837472,EXTERNE
65,60,0.032072254,EXTERNE
65,61,0.0376113537,EXTERNE
65,62,-0.049021898,EXTERNE
65,63,0.0973778667,EXTERNE
65,64,-0.011838363,EXTERNE
65,65,0.0862153662,EXTERNE
65,66,-0.180470142,EXTERNE
65,67,0.1380412735,EXTERNE
65,68,-0.052361777,EXTERNE
65,69,0.2737639352,EXTERNE
65,70,0.4122085479,EXTERNE
65,71,-0.064778287,EXTERNE
65,72,-0.081597735,EXTERNE
65,73,0.0445974377,EXTERNE
65,74,-0.05725575,EXTERNE
65,75,0.1056046995,EXTERNE
65,76,0.1126203489,EXTERNE
65,77,0.020498407,EXTERNE
65,78,0.0384576676,EXTERNE
65,79,0.0808586807,EXTERNE
65,80,0.235531411,EXTERNE
65,81,0.0044624518,EXTERNE
65,82,0.0064216894,EXTERNE
65,83,0.1784575067,EXTERNE
65,84,0.0185857123,EXTERNE
65,85,0.0325194165,EXTERNE
65,86,0.142101986,EXTERNE
65,87,0.0377467204,EXTERNE
65,88,-0.347344888,EXTERNE
65,89,0.3427839714,EXTERNE
65,90,0.0184722301,EXTERNE
65,91,0.0047272153,EXTERNE
65,92,0.1417203611,EXTERNE
65,93,-0.028955026,EXTERNE
65,94,0.2418673156,EXTERNE
65,95,0.2809315402,EXTERNE
65,96,-0.063963338,EXTERNE
65,97,-0.139168984,EXTERNE
65,98,0.0311687476,EXTERNE
65,99,0.2359062007,EXTERNE
65,100,0.2753483017,EXTERNE
66,1,0.1580420624,EXTERNE
66,2,-0.160146124,EXTERNE
66,3,0.05981529,EXTERNE
66,4,-0.068826544,EXTERNE
66,5,-0.098052473,EXTERNE
66,6,0.0747926914,EXTERNE
66,7,-0.013645323,EXTERNE
66,8,-0.248949616,EXTERNE
66,9,-0.149047007,EXTERNE
66,10,-0.339026971,EXTERNE
66,11,-0.151943494,EXTERNE
66,12,-0.042828215,EXTERNE
66,13,0.2957378813,EXTERNE
66,14,-0.009423656,EXTERNE
66,15,0.368380542,EXTERNE
66,16,-0.050151173,EXTERNE
66,17,0.2411771402,EXTERNE
66,18,0.2547766496,EXTERNE
66,19,0.237294583,EXTERNE
66,20,0.0459670431,EXTERNE
66,21,0.0166129726,EXTERNE
66,22,0.2602068703,EXTERNE
66,23,-0.161156292,EXTERNE
66,24,-0.036970069,EXTERNE
66,25,0.4986219937,EXTERNE
66,26,-0.155070284,EXTERNE
66,27,-0.017317814,EXTERNE
66,28,-0.177184397,EXTERNE
66,29,0.0521551695,EXTERNE
66,30,-0.10150681,EXTERNE
66,31,0.1541448668,EXTERNE
66,32,0.1897551145,EXTERNE
66,33,0.0582085935,EXTERNE
66,34,0.2228997981,EXTERNE
66,35,0.0844005699,EXTERNE
66,36,0.0424551673,EXTERNE
66,37,0.0379738612,EXTERNE
66,38,0.0650756359,EXTERNE
66,39,-0.3370389,EXTERNE
66,40,0.2283740275,EXTERNE
66,41,0.2306782462,EXTERNE
66,42,-0.176008636,EXTERNE
66,43,0.1013665533,EXTERNE
66,44,-0.181860206,EXTERNE
66,45,0.0300842597,EXTERNE
66,46,-0.208340656,EXTERNE
66,47,-0.038010312,EXTERNE
66,48,-0.021693381,EXTERNE
66,49,-0.027689323,EXTERNE
66,50,0.2540599358,EXTERNE
66,51,-0.039993766,EXTERNE
66,52,-0.168935415,EXTERNE
66,53,0.1414140715,EXTERNE
66,54,-0.009540619,EXTERNE
66,55,0.2381858321,EXTERNE
66,56,-0.089066241,EXTERNE
66,57,0.4968550964,EXTERNE
66,58,0.1332218195,EXTERNE
66,59,-0.170492911,EXTERNE
66,60,0.0916334874,EXTERNE
66,61,0.1178730237,EXTERNE
66,62,0.1560232264,EXTERNE
66,63,0.1871521742,EXTERNE
66,64,0.0287456285,EXTERNE
66,65,0.1024831018,EXTERNE
66,66,0.0577324622,EXTERNE
66,67,0.0972117812,EXTERNE
66,68,0.0664950672,EXTERNE
66,69,0.0130471874,EXTERNE
66,70,0.0456656478,EXTERNE
66,71,0.2738717491,EXTERNE
66,72,0.073314406,EXTERNE
66,73,0.2129015007,EXTERNE
66,74,-0.000778752,EXTERNE
66,75,0.2088168961,EXTERNE
66,76,0.2690421406,EXTERNE
66,77,-0.02129397,EXTERNE
66,78,0.1543546611,EXTERNE
66,79,0.2487861173,EXTERNE
66,80,0.0660001176,EXTERNE
66,81,0.266520226,EXTERNE
66,82,0.2051851164,EXTERNE
66,83,0.3336168587,EXTERNE
66,84,0.2999698613,EXTERNE
66,85,-0.196806635,EXTERNE
66,86,-0.196401997,EXTERNE
66,87,0.0896804033,EXTERNE
66,88,0.0004311368,EXTERNE
66,89,0.067672182,EXTERNE
66,90,0.2547596542,EXTERNE
66,91,0.2480914638,EXTERNE
66,92,-0.137486499,EXTERNE
66,93,0.2173014961,EXTERNE
66,94,0.1888870303,EXTERNE
66,95,0.2298378651,EXTERNE
66,96,0.1669697681,EXTERNE
66,97,0.0384459485,EXTERNE
66,98,-0.098985455,EXTERNE
66,99,0.1120924616,EXTERNE
66,100,0.0521364848,EXTERNE
67,1,0.1189791359,EXTERNE
67,2,0.0979762389,EXTERNE
67,3,0.1121588197,EXTERNE
67,4,0.0817780165,EXTERNE
67,5,-0.021402104,EXTERNE
67,6,0.4618459543,EXTERNE
67,7,0.1606253547,EXTERNE
67,8,-0.022334514,EXTERNE
67,9,0.3758956024,EXTERNE
67,10,0.2681153292,EXTERNE
67,11,-0.087425433,EXTERNE
67,12,0.180902376,EXTERNE
67,13,0.1542543924,EXTERNE
67,14,0.0121472394,EXTERNE
67,15,0.251851024,EXTERNE
67,16,0.2159847438,EXTERNE
67,17,0.3024316366,EXTERNE
67,18,0.3388536804,EXTERNE
67,19,-0.06638527,EXTERNE
67,20,-0.094867766,EXTERNE
67,21,0.108182657,EXTERNE
67,22,0.1374003493,EXTERNE
67,23,0.3876122961,EXTERNE
67,24,-0.154589672,EXTERNE
67,25,0.1358718906,EXTERNE
67,26,-0.085173377,EXTERNE
67,27,0.1616527203,EXTERNE
67,28,0.0226957548,EXTERNE
67,29,-0.192606911,EXTERNE
67,30,0.1412458577,EXTERNE
67,31,0.2883190576,EXTERNE
67,32,0.0351992223,EXTERNE
67,33,-0.099767909,EXTERNE
67,34,-0.08062561,EXTERNE
67,35,0.0768702762,EXTERNE
67,36,0.1960288633,EXTERNE
67,37,0.0417598768,EXTERNE
67,38,-0.056499349,EXTERNE
67,39,0.111724964,EXTERNE
67,40,-0.130423323,EXTERNE
67,41,0.056507374,EXTERNE
67,42,0.2306870298,EXTERNE
67,43,-0.151090083,EXTERNE
67,44,0.3373510634,EXTERNE
67,45,0.009838919,EXTERNE
67,46,-0.017457467,EXTERNE
67,47,-0.0931033,EXTERNE
67,48,0.0641252987,EXTERNE
67,49,-0.086273693,EXTERNE
67,50,0.010758571,EXTERNE
67,51,0.1472712205,EXTERNE
67,52,0.3654711257,EXTERNE
67,53,-0.06529429,EXTERNE
67,54,0.1740581492,EXTERNE
67,55,0.0520593602,EXTERNE
67,56,0.2647497945,EXTERNE
67,57,-0.149489747,EXTERNE
67,58,0.0704435468,EXTERNE
67,59,0.2086875172,EXTERNE
67,60,0.1122766834,EXTERNE
67,61,0.0789915763,EXTERNE
67,62,0.1274782085,EXTERNE
67,63,-0.043891541,EXTERNE
67,64,-0.063165349,EXTERNE
67,65,-0.112943428,EXTERNE
67,66,-0.151706861,EXTERNE
67,67,0.1431656909,EXTERNE
67,68,-0.042233852,EXTERNE
67,69,-0.110462946,EXTERNE
67,70,0.1800528168,EXTERNE
67,71,0.1198301887,EXTERNE
67,72,-0.100369553,EXTERNE
67,73,0.1576551611,EXTERNE
67,74,-0.082334684,EXTERNE
67,75,0.0842103396,EXTERNE
67,76,-0.194985932,EXTERNE
67,77,-0.095168963,EXTERNE
67,78,0.0404681634,EXTERNE
67,79,0.0133690427,EXTERNE
67,80,0.1232984795,EXTERNE
67,81,0.1462351108,EXTERNE
67,82,-0.221269384,EXTERNE
67,83,-0.01122794,EXTERNE
67,84,0.0198226092,EXTERNE
67,85,-0.142859885,EXTERNE
67,86,-0.055951074,EXTERNE
67,87,0.0322576271,EXTERNE
67,88,-0.038787879,EXTERNE
67,89,-0.123634318,EXTERNE
67,90,-0.154227068,EXTERNE
67,91,0.1157103964,EXTERNE
67,92,-0.178332426,EXTERNE
67,93,0.0738697672,EXTERNE
67,94,-0.04998068,EXTERNE
67,95,0.064026985,EXTERNE
67,96,0.0265570183,EXTERNE
67,97,-0.033942122,EXTERNE
67,98,-0.066731589,EXTERNE
67,99,-0.014156963,EXTERNE
67,100,0.0964783868,EXTERNE
68,1,-0.27533412,EXTERNE
68,2,-0.113761654,EXTERNE
68,3,0.2247744321,EXTERNE
68,4,-0.187494218,EXTERNE
68,5,0.1189396287,EXTERNE
68,6,0.1846165219,EXTERNE
68,7,-0.141851882,EXTERNE
68,8,-0.040537729,EXTERNE
68,9,0.0494924161,EXTERNE
68,10,-0.004889525,EXTERNE
68,11,0.2184104111,EXTERNE
68,12,0.0574656952,EXTERNE
68,13,0.1953106611,EXTERNE
68,14,0.0131149641,EXTERNE
68,15,-0.003936545,EXTERNE
68,16,0.0248864564,EXTERNE
68,17,-0.317183979,EXTERNE
68,18,0.2499368216,EXTERNE
68,19,0.0989648858,EXTERNE
68,20,0.2218529756,EXTERNE
68,21,0.0561967111,EXTERNE
68,22,0.0419305716,EXTERNE
68,23,-0.004390934,EXTERNE
68,24,0.115007636,EXTERNE
68,25,0.0601537967,EXTERNE
68,26,0.0737789357,EXTERNE
68,27,0.0234321057,EXTERNE
68,28,0.0323887924,EXTERNE
68,29,-0.17516771,EXTERNE
68,30,-0.055628568,EXTERNE
68,31,0.3477541735,EXTERNE
68,32,0.090059838,EXTERNE
68,33,0.1653855717,EXTERNE
68,34,0.3684185142,EXTERNE
68,35,0.0655508468,EXTERNE
68,36,0.0669093453,EXTERNE
68,37,-0.165797173,EXTERNE
68,38,0.3597977036,EXTERNE
68,39,0.3189430532,EXTERNE
68,40,-0.07385578,EXTERNE
68,41,-0.051454527,EXTERNE
68,42,-0.051485203,EXTERNE
68,43,0.2404819935,EXTERNE
68,44,0.1229708506,EXTERNE
68,45,-0.039777733,EXTERNE
68,46,0.0135085709,EXTERNE
68,47,-0.204282016,EXTERNE
68,48,0.1239683628,EXTERNE
68,49,0.0027979375,EXTERNE
68,50,-0.057462673,EXTERNE
68,51,0.1476585481,EXTERNE
68,52,0.2011896193,EXTERNE
68,53,0.0079920633,EXTERNE
68,54,0.2058785658,EXTERNE
68,55,0.0999814494,EXTERNE
68,56,0.0207392046,EXTERNE
68,57,0.1936602707,EXTERNE
68,58,-0.042976245,EXTERNE
68,59,0.2351415225,EXTERNE
68,60,0.0439633057,EXTERNE
68,61,-0.13358689,EXTERNE
68,62,-0.251161448,EXTERNE
68,63,0.124696572,EXTERNE
68,64,-0.001351816,EXTERNE
68,65,0.2025656836,EXTERNE
68,66,0.0814161077,EXTERNE
68,67,0.112366642,EXTERNE
68,68,-0.025702059,EXTERNE
68,69,0.0506826562,EXTERNE
68,70,0.0244207775,EXTERNE
68,71,0.1181978284,EXTERNE
68,72,0.0262501242,EXTERNE
68,73,0.2766714713,EXTERNE
68,74,0.1227034754,EXTERNE
68,75,0.0300958614,EXTERNE
68,76,0.1537500259,EXTERNE
68,77,-0.012655823,EXTERNE
68,78,-0.0118311,EXTERNE
68,79,0.0819552321,EXTERNE
68,80,0.1716921515,EXTERNE
68,81,-0.004349543,EXTERNE
68,82,0.1361347516,EXTERNE
68,83,-0.010240648,EXTERNE
68,84,-0.055808019,EXTERNE
68,85,0.1024455214,EXTERNE
68,86,-0.016074833,EXTERNE
68,87,0.132206002,EXTERNE
68,88,0.1572032465,EXTERNE
68,89,0.0597075887,EXTERNE
68,90,0.3484838909,EXTERNE
68,91,0.0724413264,EXTERNE
68,92,-0.069954368,EXTERNE
68,93,0.0035679185,EXTERNE
68,94,0.1355349793,EXTERNE
68,95,-0.043490577,EXTERNE
68,96,-0.228929695,EXTERNE
68,97,0.1532986269,EXTERNE
68,98,-0.050071161,EXTERNE
68,99,0.2017490736,EXTERNE
68,100,-0.081271604,EXTERNE
69,1,0.0555505701,EXTERNE
69,2,0.1394225116,EXTERNE
69,3,0.0416522376,EXTERNE
69,4,0.3114239004,EXTERNE
69,5,-0.014643233,EXTERNE
69,6,-0.124758538,EXTERNE
69,7,0.2697984182,EXTERNE
69,8,-0.180166379,EXTERNE
69,9,-0.039418319,EXTERNE
69,10,0.186922901,EXTERNE
69,11,0.4743229375,EXTERNE
69,12,0.1895333093,EXTERNE
69,13,0.1033670185,EXTERNE
69,14,-0.054599859,EXTERNE
69,15,0.0455111049,EXTERNE
69,16,0.2727440892,EXTERNE
69,17,0.1977595083,EXTERNE
69,18,0.1464052586,EXTERNE
69,19,0.0745579297,EXTERNE
69,20,-0.169974847,EXTERNE
69,21,-0.151556082,EXTERNE
69,22,-0.093471327,EXTERNE
69,23,0.2030234186,EXTERNE
69,24,0.2048451944,EXTERNE
69,25,-0.159655484,EXTERNE
69,26,-0.071814959,EXTERNE
69,27,-0.118532266,EXTERNE
69,28,-0.227447936,EXTERNE
69,29,-0.114171802,EXTERNE
69,30,-0.066529402,EXTERNE
69,31,0.1611754517,EXTERNE
69,32,-0.232459147,EXTERNE
69,33,-0.020680146,EXTERNE
69,34,-0.043300116,EXTERNE
69,35,-0.002256333,EXTERNE
69,36,0.1505304495,EXTERNE
69,37,-0.040053471,EXTERNE
69,38,0.1705015942,EXTERNE
69,39,0.0894722295,EXTERNE
69,40,-0.118655331,EXTERNE
69,41,0.1033981021,EXTERNE
69,42,0.1485705105,EXTERNE
69,43,0.162503373,EXTERNE
69,44,-0.243185523,EXTERNE
69,45,-0.010278449,EXTERNE
69,46,-0.225970331,EXTERNE
69,47,0.1596230873,EXTERNE
69,48,0.1291537946,EXTERNE
69,49,0.107403381,EXTERNE
69,50,0.2537647867,EXTERNE
69,51,0.2499618272,EXTERNE
69,52,0.3636279335,EXTERNE
69,53,0.2977406362,EXTERNE
69,54,0.1285610137,EXTERNE
69,55,0.1301731288,EXTERNE
69,56,0.0140803183,EXTERNE
69,57,-0.005302021,EXTERNE
69,58,0.1242142867,EXTERNE
69,59,-0.041675534,EXTERNE
69,60,-0.046720893,EXTERNE
69,61,-0.376957259,EXTERNE
69,62,-0.314224222,EXTERNE
69,63,-0.037136149,EXTERNE
69,64,0.1742896498,EXTERNE
69,65,0.1703750953,EXTERNE
69,66,-0.074192308,EXTERNE
69,67,0.156702335,EXTERNE
69,68,0.1659579018,EXTERNE
69,69,0.0008853269,EXTERNE
69,70,-0.091850085,EXTERNE
69,71,0.1179085017,EXTERNE
69,72,0.1577786446,EXTERNE
69,73,-0.17525445,EXTERNE
69,74,-0.144682277,EXTERNE
69,75,0.0419752957,EXTERNE
69,76,0.1704708501,EXTERNE
69,77,-0.09569975,EXTERNE
69,78,-0.254872541,EXTERNE
69,79,-0.088941916,EXTERNE
69,80,0.2313879504,EXTERNE
69,81,-0.073433023,EXTERNE
69,82,0.0717422013,EXTERNE
69,83,0.0613936251,EXTERNE
69,84,-0.073561583,EXTERNE
69,85,-0.002900323,EXTERNE
69,86,-0.037552491,EXTERNE
69,87,0.035945871,EXTERNE
69,88,-0.084853685,EXTERNE
69,89,-0.105442917,EXTERNE
69,90,-0.181245275,EXTERNE
69,91,0.0922869103,EXTERNE
69,92,0.0861833393,EXTERNE
69,93,0.029258351,EXTERNE
69,94,0.0748728762,EXTERNE
69,95,-0.236718901,EXTERNE
69,96,0.0054667255,EXTERNE
69,97,0.0316808111,EXTERNE
69,98,0.0048552024,EXTERNE
69,99,0.1880999332,EXTERNE
69,100,-0.225425724,EXTERNE
70,1,-0.093134329,EXTERNE
70,2,0.1175133649,EXTERNE
70,3,-0.115703344,EXTERNE
70,4,0.2218396599,EXTERNE
70,5,-0.067922895,EXTERNE
70,6,0.2705542743,EXTERNE
70,7,0.2419457061,EXTERNE
70,8,-0.135117298,EXTERNE
70,9,-0.121429663,EXTERNE
70,10,-0.041437976,EXTERNE
70,11,-0.198439021,EXTERNE
70,12,0.0498074481,EXTERNE
70,13,-0.130507286,EXTERNE
70,14,-0.111726139,EXTERNE
70,15,0.2869363166,EXTERNE
70,16,0.2336261879,EXTERNE
70,17,-0.012368728,EXTERNE
70,18,0.2437112458,EXTERNE
70,19,0.0051091134,EXTERNE
70,20,0.0494725567,EXTERNE
70,21,0.0705221273,EXTERNE
70,22,0.2849719365,EXTERNE
70,23,-0.276711198,EXTERNE
70,24,0.2808237849,EXTERNE
70,25,-0.070865385,EXTERNE
70,26,0.0621668348,EXTERNE
70,27,-0.0236104,EXTERNE
70,28,0.0744611189,EXTERNE
70,29,-0.272320667,EXTERNE
70,30,0.0233046503,EXTERNE
70,31,0.03519131,EXTERNE
70,32,0.0125777722,EXTERNE
70,33,0.0133317774,EXTERNE
70,34,-0.081441385,EXTERNE
70,35,0.2418385403,EXTERNE
70,36,-0.000312816,EXTERNE
70,37,-0.058915744,EXTERNE
70,38,-0.064078226,EXTERNE
70,39,0.0092614567,EXTERNE
70,40,-0.072325858,EXTERNE
70,41,0.127302812,EXTERNE
70,42,0.0408714155,EXTERNE
70,43,0.1898008858,EXTERNE
70,44,-0.271023094,EXTERNE
70,45,-0.017184195,EXTERNE
70,46,0.1837759371,EXTERNE
70,47,-0.111621147,EXTERNE
70,48,0.0167995643,EXTERNE
70,49,-0.000855368,EXTERNE
70,50,0.0770986767,EXTERNE
70,51,0.0315062074,EXTERNE
70,52,-0.032474306,EXTERNE
70,53,0.0889180246,EXTERNE
70,54,-0.128446551,EXTERNE
70,55,0.125983562,EXTERNE
70,56,0.0327843588,EXTERNE
70,57,0.0569808032,EXTERNE
70,58,0.1259268295,EXTERNE
70,59,0.020907619,EXTERNE
70,60,0.1340940478,EXTERNE
70,61,-0.001284591,EXTERNE
70,62,0.0767409833,EXTERNE
70,63,-0.299457594,EXTERNE
70,64,0.0128049405,EXTERNE
70,65,-0.056230775,EXTERNE
70,66,-0.155130108,EXTERNE
70,67,-0.050532427,EXTERNE
70,68,-0.134724706,EXTERNE
70,69,0.3610718793,EXTERNE
70,70,-0.02958466,EXTERNE
70,71,-0.095075042,EXTERNE
70,72,-0.10391766,EXTERNE
70,73,-0.185919409,EXTERNE
70,74,-0.09077501,EXTERNE
70,75,0.0073286061,EXTERNE
70,76,0.0558038513,EXTERNE
70,77,0.1402689448,EXTERNE
70,78,0.1146093141,EXTERNE
70,79,-0.179933341,EXTERNE
70,80,0.176012412,EXTERNE
70,81,0.2824648324,EXTERNE
70,82,0.0693144471,EXTERNE
70,83,0.1254492941,EXTERNE
70,84,0.125370596,EXTERNE
70,85,0.2361841569,EXTERNE
70,86,0.1786825014,EXTERNE
70,87,-0.21667269,EXTERNE
70,88,-0.060526667,EXTERNE
70,89,0.1803196622,EXTERNE
70,90,0.005034801,EXTERNE
70,91,-0.145060819,EXTERNE
70,92,0.0678249886,EXTERNE
70,93,0.1426713138,EXTERNE
70,94,-0.125611644,EXTERNE
70,95,0.2102719791,EXTERNE
70,96,0.1906649221,EXTERNE
70,97,0.066264342,EXTERNE
70,98,-0.04851311,EXTERNE
70,99,-0.018314948,EXTERNE
70,100,0.3123908565,EXTERNE
71,1,0.0778960897,EXTERNE
71,2,0.0023190547,EXTERNE
71,3,-0.123033104,EXTERNE
71,4,0.2002912205,EXTERNE
71,5,0.0491022042,EXTERNE
71,6,-0.012050699,EXTERNE
71,7,0.0731267403,EXTERNE
71,8,0.2579298993,EXTERNE
71,9,-0.004391345,EXTERNE
71,10,-0.156050969,EXTERNE
71,11,-0.031217216,EXTERNE
71,12,0.0752454028,EXTERNE
71,13,0.0902343866,EXTERNE
71,14,0.0954723896,EXTERNE
71,15,0.0890602711,EXTERNE
71,16,0.2053556484,EXTERNE
71,17,-0.10748284,EXTERNE
71,18,0.0353388709,EXTERNE
71,19,0.2147887019,EXTERNE
71,20,0.2510158889,EXTERNE
71,21,0.3742859158,EXTERNE
71,22,0.0879669801,EXTERNE
71,23,0.0369084785,EXTERNE
71,24,-0.143586414,EXTERNE
71,25,-0.066858026,EXTERNE
71,26,0.1330951428,EXTERNE
71,27,-0.120246894,EXTERNE
71,28,0.0401801812,EXTERNE
71,29,-0.331158412,EXTERNE
71,30,0.0963627487,EXTERNE
71,31,-0.074304717,EXTERNE
71,32,-0.231980211,EXTERNE
71,33,-0.072556907,EXTERNE
71,34,0.0447370791,EXTERNE
71,35,0.1783339389,EXTERNE
71,36,0.0832022532,EXTERNE
71,37,-0.244864432,EXTERNE
71,38,0.1144324785,EXTERNE
71,39,0.0389082937,EXTERNE
71,40,-0.026485853,EXTERNE
71,41,-0.042794571,EXTERNE
71,42,0.2122495293,EXTERNE
71,43,0.1168263182,EXTERNE
71,44,-0.009060326,EXTERNE
71,45,-0.08739433,EXTERNE
71,46,-0.123959538,EXTERNE
71,47,-0.109916837,EXTERNE
71,48,0.0275406271,EXTERNE
71,49,0.246768415,EXTERNE
71,50,-0.104312001,EXTERNE
71,51,0.1815121501,EXTERNE
71,52,-0.077412399,EXTERNE
71,53,0.0610807109,EXTERNE
71,54,0.2145360408,EXTERNE
71,55,0.246672644,EXTERNE
71,56,0.0037092006,EXTERNE
71,57,-0.112268844,EXTERNE
71,58,-0.195673731,EXTERNE
71,59,0.0483838075,EXTERNE
71,60,-0.150853565,EXTERNE
71,61,0.0360545883,EXTERNE
71,62,0.2316321484,EXTERNE
71,63,-0.152888392,EXTERNE
71,64,-0.051605102,EXTERNE
71,65,-0.090073914,EXTERNE
71,66,-0.197722771,EXTERNE
71,67,0.1742891286,EXTERNE
71,68,-0.013925331,EXTERNE
71,69,0.0807432639,EXTERNE
71,70,0.0784584033,EXTERNE
71,71,0.0212361622,EXTERNE
71,72,0.3866271616,EXTERNE
71,73,-0.069006497,EXTERNE
71,74,0.1194381116,EXTERNE
71,75,-0.17460945,EXTERNE
71,76,0.089187867,EXTERNE
71,77,0.1223531579,EXTERNE
71,78,-0.196554566,EXTERNE
71,79,0.0633264517,EXTERNE
71,80,-0.002519215,EXTERNE
71,81,0.2098722356,EXTERNE
71,82,-0.007891076,EXTERNE
71,83,0.1268245632,EXTERNE
71,84,0.1755651568,EXTERNE
71,85,0.0754623218,EXTERNE
71,86,0.1834869117,EXTERNE
71,87,-0.03038565,EXTERNE
71,88,-0.034058277,EXTERNE
71,89,0.2560771793,EXTERNE
71,90,-0.111918523,EXTERNE
71,91,0.2040460452,EXTERNE
71,92,0.0301470236,EXTERNE
71,93,-0.152134753,EXTERNE
71,94,0.2061493403,EXTERNE
71,95,0.099037821,EXTERNE
71,96,0.085901888,EXTERNE
71,97,0.1164985267,EXTERNE
71,98,0.0118383408,EXTERNE
71,99,-0.098654707,EXTERNE
71,100,-0.091540949,EXTERNE
72,1,0.0848449043,EXTERNE
72,2,0.0221095918,EXTERNE
72,3,-0.192003253,EXTERNE
72,4,0.1466454808,EXTERNE
72,5,0.2546395,EXTERNE
72,6,0.2220096094,EXTERNE
72,7,0.1907247477,EXTERNE
72,8,0.1841929318,EXTERNE
72,9,0.0713955672,EXTERNE
72,10,0.0987237239,EXTERNE
72,11,0.0668542135,EXTERNE
72,12,-0.0692829,EXTERNE
72,13,0.1808803069,EXTERNE
72,14,0.0972657781,EXTERNE
72,15,0.0539724528,EXTERNE
72,16,0.1385360836,EXTERNE
72,17,0.1216399919,EXTERNE
72,18,-0.020796552,EXTERNE
72,19,-0.171083059,EXTERNE
72,20,0.0766557483,EXTERNE
72,21,0.0858809323,EXTERNE
72,22,0.2852365574,EXTERNE
72,23,0.1871363964,EXTERNE
72,24,0.0540580309,EXTERNE
72,25,0.0799539829,EXTERNE
72,26,0.1025670402,EXTERNE
72,27,0.0933942147,EXTERNE
72,28,0.1815914201,EXTERNE
72,29,0.0311454491,EXTERNE
72,30,0.4087288229,EXTERNE
72,31,0.0281075028,EXTERNE
72,32,0.2861877474,EXTERNE
72,33,0.2719187885,EXTERNE
72,34,0.0412763949,EXTERNE
72,35,0.2507716956,EXTERNE
72,36,-0.269639198,EXTERNE
72,37,0.0479065724,EXTERNE
72,38,0.0057389526,EXTERNE
72,39,0.224606604,EXTERNE
72,40,0.2348508973,EXTERNE
72,41,0.2441475449,EXTERNE
72,42,0.1989741816,EXTERNE
72,43,-0.415452101,EXTERNE
72,44,0.1835025816,EXTERNE
72,45,0.1441318205,EXTERNE
72,46,-0.031749215,EXTERNE
72,47,-0.125107023,EXTERNE
72,48,0.1309880641,EXTERNE
72,49,0.0542976446,EXTERNE
72,50,0.1567557749,EXTERNE
72,51,0.1743389261,EXTERNE
72,52,-0.190114544,EXTERNE
72,53,0.0120987695,EXTERNE
72,54,0.0653025211,EXTERNE
72,55,-0.007012908,EXTERNE
72,56,0.2622591187,EXTERNE
72,57,-0.03470053,EXTERNE
72,58,-0.082286722,EXTERNE
72,59,0.0476880095,EXTERNE
72,60,-0.045821239,EXTERNE
72,61,0.0229972595,EXTERNE
72,62,-0.12278778,EXTERNE
72,63,0.2865979605,EXTERNE
72,64,-0.119064611,EXTERNE
72,65,-0.021761995,EXTERNE
72,66,0.2291976049,EXTERNE
72,67,-0.140869174,EXTERNE
72,68,0.1147274694,EXTERNE
72,69,0.0728166886,EXTERNE
72,70,0.2949384976,EXTERNE
72,71,-0.197103284,EXTERNE
72,72,0.0033807029,EXTERNE
72,73,0.0273050529,EXTERNE
72,74,-0.047961762,EXTERNE
72,75,0.2459577707,EXTERNE
72,76,0.1711470067,EXTERNE
72,77,0.135960934,EXTERNE
72,78,0.0041348366,EXTERNE
72,79,0.2270652836,EXTERNE
72,80,-0.316404637,EXTERNE
72,81,0.1255250008,EXTERNE
72,82,0.0487409148,EXTERNE
72,83,0.2120408931,EXTERNE
72,84,0.1308609621,EXTERNE
72,85,0.0414524031,EXTERNE
72,86,-0.158587527,EXTERNE
72,87,0.2503749996,EXTERNE
72,88,0.0566548328,EXTERNE
72,89,-0.170879214,EXTERNE
72,90,-0.202649545,EXTERNE
72,91,-0.069028131,EXTERNE
72,92,0.2977887189,EXTERNE
72,93,0.1875120248,EXTERNE
72,94,-0.121500765,EXTERNE
72,95,0.055147638,EXTERNE
72,96,0.2141336726,EXTERNE
72,97,0.0871599134,EXTERNE
72,98,0.0823501329,EXTERNE
72,99,-0.220402466,EXTERNE
72,100,0.0929429836,EXTERNE
73,1,-0.13229488,EXTERNE
73,2,0.0381127708,EXTERNE
73,3,-0.090394423,EXTERNE
73,4,-0.190638013,EXTERNE
73,5,0.0429176414,EXTERNE
73,6,0.0710352185,EXTERNE
73,7,-0.265147912,EXTERNE
73,8,0.0223019972,EXTERNE
73,9,-0.006760447,EXTERNE
73,10,-0.413068709,EXTERNE
73,11,0.2342808247,EXTERNE
73,12,0.0454122652,EXTERNE
73,13,0.0350893645,EXTERNE
73,14,-0.025289309,EXTERNE
73,15,-0.01688427,EXTERNE
73,16,0.2501287586,EXTERNE
73,17,0.1357768777,EXTERNE
73,18,0.1831835134,EXTERNE
73,19,0.233953641,EXTERNE
73,20,0.0413651592,EXTERNE
73,21,0.0430584333,EXTERNE
73,22,0.0885584323,EXTERNE
73,23,0.154241998,EXTERNE
73,24,0.0838827582,EXTERNE
73,25,0.2018271541,EXTERNE
73,26,0.2196105027,EXTERNE
73,27,-0.081644786,EXTERNE
73,28,0.2258728765,EXTERNE
73,29,-0.101247416,EXTERNE
73,30,-0.009897334,EXTERNE
73,31,-0.090495253,EXTERNE
73,32,0.0008613833,EXTERNE
73,33,0.0801959309,EXTERNE
73,34,0.0933697856,EXTERNE
73,35,-0.139024422,EXTERNE
73,36,0.0989229415,EXTERNE
73,37,0.075086254,EXTERNE
73,38,-0.154872394,EXTERNE
73,39,0.1690289904,EXTERNE
73,40,-0.082743021,EXTERNE
73,41,-0.080289198,EXTERNE
73,42,0.2855516112,EXTERNE
73,43,0.131184376,EXTERNE
73,44,0.250260255,EXTERNE
73,45,-0.014577154,EXTERNE
73,46,-0.348969957,EXTERNE
73,47,0.134995556,EXTERNE
73,48,0.1931729585,EXTERNE
73,49,0.2043250417,EXTERNE
73,50,0.0134805332,EXTERNE
73,51,-0.120163164,EXTERNE
73,52,0.3568154281,EXTERNE
73,53,0.3059815762,EXTERNE
73,54,0.1110943434,EXTERNE
73,55,0.1668397626,EXTERNE
73,56,0.1615415411,EXTERNE
73,57,-0.039082964,EXTERNE
73,58,0.2101081371,EXTERNE
73,59,0.1036006284,EXTERNE
73,60,-0.088852425,EXTERNE
73,61,-0.039589992,EXTERNE
73,62,0.0243711171,EXTERNE
73,63,-0.016281825,EXTERNE
73,64,-0.209946919,EXTERNE
73,65,0.07064682,EXTERNE
73,66,0.0496199948,EXTERNE
73,67,0.3933200096,EXTERNE
73,68,0.0524361773,EXTERNE
73,69,-0.116212467,EXTERNE
73,70,-0.013654882,EXTERNE
73,71,0.1715199692,EXTERNE
73,72,0.0045015066,EXTERNE
73,73,-0.06386549,EXTERNE
73,74,-0.270933798,EXTERNE
73,75,0.1466699997,EXTERNE
73,76,-0.297887241,EXTERNE
73,77,-0.028908922,EXTERNE
73,78,-0.116416874,EXTERNE
73,79,-0.21817951,EXTERNE
73,80,0.1937209553,EXTERNE
73,81,-0.10602102,EXTERNE
73,82,0.1204256928,EXTERNE
73,83,0.0485351428,EXTERNE
73,84,-0.047789753,EXTERNE
73,85,0.0395367695,EXTERNE
73,86,0.1298560322,EXTERNE
73,87,0.5763004011,EXTERNE
73,88,0.048269887,EXTERNE
73,89,0.1206644826,EXTERNE
73,90,-0.072264677,EXTERNE
73,91,-0.270365648,EXTERNE
73,92,-0.408511602,EXTERNE
73,93,-0.215266578,EXTERNE
73,94,0.1457697942,EXTERNE
73,95,-0.038149048,EXTERNE
73,96,0.1218085376,EXTERNE
73,97,0.2553119369,EXTERNE
73,98,0.0078156269,EXTERNE
73,99,0.1843819424,EXTERNE
73,100,0.0483615019,EXTERNE
74,1,0.0269546834,EXTERNE
74,2,-0.089632285,EXTERNE
74,3,-0.014076297,EXTERNE
74,4,-0.05872579,EXTERNE
74,5,-0.007705106,EXTERNE
74,6,0.1400876484,EXTERNE
74,7,0.3630153175,EXTERNE
74,8,0.3461963413,EXTERNE
74,9,-0.099244038,EXTERNE
74,10,0.0395621703,EXTERNE
74,11,0.2373124718,EXTERNE
74,12,0.3461891524,EXTERNE
74,13,-0.032801827,EXTERNE
74,14,0.1356273789,EXTERNE
74,15,0.2744662811,EXTERNE
74,16,0.0483016663,EXTERNE
74,17,0.0392855488,EXTERNE
74,18,0.2098785946,EXTERNE
74,19,0.2118617755,EXTERNE
74,20,0.1125524752,EXTERNE
74,21,-0.022864925,EXTERNE
74,22,0.0864937834,EXTERNE
74,23,0.0364064844,EXTERNE
74,24,0.194382462,EXTERNE
74,25,0.2730601383,EXTERNE
74,26,0.0166646184,EXTERNE
74,27,-0.09853982,EXTERNE
74,28,-0.112233783,EXTERNE
74,29,-0.060263175,EXTERNE
74,30,0.0231200652,EXTERNE
74,31,0.0015521367,EXTERNE
74,32,0.1121461729,EXTERNE
74,33,-0.301263281,EXTERNE
74,34,-0.037577574,EXTERNE
74,35,0.1711043966,EXTERNE
74,36,-0.04472633,EXTERNE
74,37,-0.015242157,EXTERNE
74,38,0.4844010085,EXTERNE
74,39,-0.287229942,EXTERNE
74,40,0.1471070024,EXTERNE
74,41,0.0706709312,EXTERNE
74,42,-0.147260139,EXTERNE
74,43,0.2402604836,EXTERNE
74,44,-0.104491918,EXTERNE
74,45,0.0139455376,EXTERNE
74,46,-0.023875475,EXTERNE
74,47,-0.053027366,EXTERNE
74,48,-0.025467856,EXTERNE
74,49,-0.116790653,EXTERNE
74,50,0.1775040012,EXTERNE
74,51,0.2219008085,EXTERNE
74,52,-0.042777331,EXTERNE
74,53,0.2080437473,EXTERNE
74,54,-0.152095665,EXTERNE
74,55,0.1772276703,EXTERNE
74,56,0.1366211596,EXTERNE
74,57,0.0165092594,EXTERNE
74,58,-0.182266889,EXTERNE
74,59,-0.007235751,EXTERNE
74,60,0.0921923052,EXTERNE
74,61,-0.131577695,EXTERNE
74,62,-0.135222781,EXTERNE
74,63,0.1758758876,EXTERNE
74,64,0.0618023271,EXTERNE
74,65,-0.110233532,EXTERNE
74,66,0.0334026245,EXTERNE
74,67,0.163197161,EXTERNE
74,68,0.1868618056,EXTERNE
74,69,0.3297913422,EXTERNE
74,70,0.1226931436,EXTERNE
74,71,-0.271236004,EXTERNE
74,72,0.0598893912,EXTERNE
74,73,0.207297422,EXTERNE
74,74,0.0038776682,EXTERNE
74,75,-0.04491939,EXTERNE
74,76,-0.054852606,EXTERNE
74,77,-0.113469702,EXTERNE
74,78,-0.182685446,EXTERNE
74,79,0.0265457295,EXTERNE
74,80,0.1231805373,EXTERNE
74,81,0.2408943848,EXTERNE
74,82,0.2914963156,EXTERNE
74,83,-0.15345598,EXTERNE
74,84,0.0250240554,EXTERNE
74,85,0.1371112613,EXTERNE
74,86,0.2182839937,EXTERNE
74,87,0.1418152575,EXTERNE
74,88,-0.145116328,EXTERNE
74,89,0.1117816351,EXTERNE
74,90,-0.139565186,EXTERNE
74,91,0.0314400305,EXTERNE
74,92,0.0449824624,EXTERNE
74,93,0.2338698464,EXTERNE
74,94,-0.026132028,EXTERNE
74,95,-0.269176778,EXTERNE
74,96,0.10642026,EXTERNE
74,97,0.0859338384,EXTERNE
74,98,0.1603147686,EXTERNE
74,99,-0.01520393,EXTERNE
74,100,0.1653322493,EXTERNE
75,1,-0.061375816,EXTERNE
75,2,0.2548031219,EXTERNE
75,3,-0.145311517,EXTERNE
75,4,0.0968483772,EXTERNE
75,5,-0.131451465,EXTERNE
75,6,0.2430308359,EXTERNE
75,7,-0.086353374,EXTERNE
75,8,0.2066737753,EXTERNE
75,9,0.0524167792,EXTERNE
75,10,-0.232755578,EXTERNE
75,11,0.2072336187,EXTERNE
75,12,0.0599689426,EXTERNE
75,13,0.2516559874,EXTERNE
75,14,-0.008492273,EXTERNE
75,15,-0.14130731,EXTERNE
75,16,0.0648499934,EXTERNE
75,17,-0.000217149,EXTERNE
75,18,0.1515452015,EXTERNE
75,19,0.0968489986,EXTERNE
75,20,-0.022465702,EXTERNE
75,21,-0.076128321,EXTERNE
75,22,-0.067761103,EXTERNE
75,23,-0.071354427,EXTERNE
75,24,0.2697866418,EXTERNE
75,25,-0.009172286,EXTERNE
75,26,-0.053189395,EXTERNE
75,27,0.0539810291,EXTERNE
75,28,-0.014887813,EXTERNE
75,29,0.1007627023,EXTERNE
75,30,0.1337779434,EXTERNE
75,31,0.3329265152,EXTERNE
75,32,0.0921094316,EXTERNE
75,33,-0.032337506,EXTERNE
75,34,0.0426523452,EXTERNE
75,35,0.1197424617,EXTERNE
75,36,0.0991179199,EXTERNE
75,37,0.0616770861,EXTERNE
75,38,-0.049678724,EXTERNE
75,39,0.0980406753,EXTERNE
75,40,0.2894067268,EXTERNE
75,41,0.1139147134,EXTERNE
75,42,0.0076552018,EXTERNE
75,43,0.2251027191,EXTERNE
75,44,0.3498210976,EXTERNE
75,45,-0.070710608,EXTERNE
75,46,0.0314411191,EXTERNE
75,47,-0.011127766,EXTERNE
75,48,0.1678663083,EXTERNE
75,49,0.1631739413,EXTERNE
75,50,-0.002923382,EXTERNE
75,51,0.0846173808,EXTERNE
75,52,-0.16425552,EXTERNE
75,53,-0.003070157,EXTERNE
75,54,0.0952504434,EXTERNE
75,55,-0.186570133,EXTERNE
75,56,-0.049883599,EXTERNE
75,57,0.3089529767,EXTERNE
75,58,-0.007315919,EXTERNE
75,59,-0.134529251,EXTERNE
75,60,-0.006532019,EXTERNE
75,61,-0.159623646,EXTERNE
75,62,0.4174027507,EXTERNE
75,63,0.1382261109,EXTERNE
75,64,0.0656802853,EXTERNE
75,65,-0.038033076,EXTERNE
75,66,0.1566352422,EXTERNE
75,67,0.130214889,EXTERNE
75,68,0.0409213479,EXTERNE
75,69,-0.245287261,EXTERNE
75,70,0.163669983,EXTERNE
75,71,0.0568854726,EXTERNE
75,72,0.3723031483,EXTERNE
75,73,-0.155269878,EXTERNE
75,74,-0.028450296,EXTERNE
75,75,0.4355105271,EXTERNE
75,76,0.0093434951,EXTERNE
75,77,0.0288220127,EXTERNE
75,78,0.2075809638,EXTERNE
75,79,0.142875865,EXTERNE
75,80,-0.153937149,EXTERNE
75,81,0.0961759737,EXTERNE
75,82,0.26648013,EXTERNE
75,83,0.019860481,EXTERNE
75,84,0.0249983006,EXTERNE
75,85,0.0553972282,EXTERNE
75,86,-0.107617139,EXTERNE
75,87,0.1157327341,EXTERNE
75,88,0.0783165721,EXTERNE
75,89,0.1199582553,EXTERNE
75,90,0.228488735,EXTERNE
75,91,-0.028515146,EXTERNE
75,92,0.149858162,EXTERNE
75,93,-0.094593716,EXTERNE
75,94,0.0927471008,EXTERNE
75,95,0.1384347545,EXTERNE
75,96,0.0091827164,EXTERNE
75,97,0.0197880463,EXTERNE
75,98,-0.008394546,EXTERNE
75,99,0.15392835,EXTERNE
75,100,0.1407051282,EXTERNE
76,1,0.1322905025,EXTERNE
76,2,0.0452366878,EXTERNE
76,3,0.0602700424,EXTERNE
76,4,-0.011582082,EXTERNE
76,5,0.3496336509,EXTERNE
76,6,0.0044170248,EXTERNE
76,7,0.1048713442,EXTERNE
76,8,-0.046498463,EXTERNE
76,9,-0.324429464,EXTERNE
76,10,0.0328027058,EXTERNE
76,11,0.1091150108,EXTERNE
76,12,0.3364428271,EXTERNE
76,13,-0.084683773,EXTERNE
76,14,0.0475566294,EXTERNE
76,15,0.1042573048,EXTERNE
76,16,-0.098949612,EXTERNE
76,17,0.1167463739,EXTERNE
76,18,0.2568623761,EXTERNE
76,19,0.256224854,EXTERNE
76,20,-0.004269765,EXTERNE
76,21,0.0338662774,EXTERNE
76,22,0.0794828567,EXTERNE
76,23,-0.172443477,EXTERNE
76,24,0.3400286813,EXTERNE
76,25,0.0709658443,EXTERNE
76,26,0.1078305544,EXTERNE
76,27,0.2959405006,EXTERNE
76,28,0.0299299462,EXTERNE
76,29,0.1845567329,EXTERNE
76,30,0.2000237012,EXTERNE
76,31,-0.175179718,EXTERNE
76,32,-0.047133333,EXTERNE
76,33,0.0863106345,EXTERNE
76,34,-0.011625603,EXTERNE
76,35,0.4541266519,EXTERNE
76,36,0.0894864809,EXTERNE
76,37,-0.046150136,EXTERNE
76,38,0.0154503792,EXTERNE
76,39,0.0049287092,EXTERNE
76,40,0.1851343388,EXTERNE
76,41,-0.082542949,EXTERNE
76,42,0.2227201888,EXTERNE
76,43,0.0840204027,EXTERNE
76,44,-0.141885001,EXTERNE
76,45,0.2684664623,EXTERNE
76,46,0.1729578033,EXTERNE
76,47,-0.123733941,EXTERNE
76,48,0.0956178445,EXTERNE
76,49,-0.256989541,EXTERNE
76,50,-0.019873293,EXTERNE
76,51,0.1927458902,EXTERNE
76,52,0.0994627084,EXTERNE
76,53,0.1892185318,EXTERNE
76,54,0.1864077413,EXTERNE
76,55,-0.023937382,EXTERNE
76,56,0.2334721175,EXTERNE
76,57,0.0542178669,EXTERNE
76,58,0.0605227216,EXTERNE
76,59,-0.151689521,EXTERNE
76,60,0.0900209243,EXTERNE
76,61,-0.000433629,EXTERNE
76,62,-0.165523241,EXTERNE
76,63,0.0996249202,EXTERNE
76,64,0.0804084595,EXTERNE
76,65,0.067789885,EXTERNE
76,66,0.1041615697,EXTERNE
76,67,-0.053587263,EXTERNE
76,68,-0.047572054,EXTERNE
76,69,0.1044076589,EXTERNE
76,70,0.1013825157,EXTERNE
76,71,-0.190590449,EXTERNE
76,72,0.12459118,EXTERNE
76,73,0.098194585,EXTERNE
76,74,0.2588133394,EXTERNE
76,75,0.1995563074,EXTERNE
76,76,0.1933515105,EXTERNE
76,77,0.0404429537,EXTERNE
76,78,0.3758126244,EXTERNE
76,79,0.1220938878,EXTERNE
76,80,0.0170457309,EXTERNE
76,81,0.1473795926,EXTERNE
76,82,-0.237753629,EXTERNE
76,83,0.2100847823,EXTERNE
76,84,0.1281866776,EXTERNE
76,85,0.199541337,EXTERNE
76,86,0.1807212328,EXTERNE
76,87,-0.081723764,EXTERNE
76,88,-0.029833464,EXTERNE
76,89,0.256530998,EXTERNE
76,90,-0.228314312,EXTERNE
76,91,0.1541772293,EXTERNE
76,92,-0.308885706,EXTERNE
76,93,-0.088593965,EXTERNE
76,94,-0.10166728,EXTERNE
76,95,0.1173144617,EXTERNE
76,96,-0.045509626,EXTERNE
76,97,-0.082916801,EXTERNE
76,98,-0.088084794,EXTERNE
76,99,-0.047738773,EXTERNE
76,100,-0.160096409,EXTERNE
77,1,0.1951682408,EXTERNE
77,2,-0.146843386,EXTERNE
77,3,0.1246044259,EXTERNE
77,4,-0.086741127,EXTERNE
77,5,-0.074224584,EXTERNE
77,6,-0.084281655,EXTERNE
77,7,-0.12496171,EXTERNE
77,8,0.4233454093,EXTERNE
77,9,0.0765913518,EXTERNE
77,10,-0.128720182,EXTERNE
77,11,0.0922738874,EXTERNE
77,12,-0.052662659,EXTERNE
77,13,-0.058854695,EXTERNE
77,14,0.0062204215,EXTERNE
77,15,0.0299348698,EXTERNE
77,16,-0.035874179,EXTERNE
77,17,0.0283078608,EXTERNE
77,18,0.0581658531,EXTERNE
77,19,-0.068565821,EXTERNE
77,20,0.2775010478,EXTERNE
77,21,0.2481890433,EXTERNE
77,22,0.0480104263,EXTERNE
77,23,0.242778087,EXTERNE
77,24,-0.102438402,EXTERNE
77,25,-0.091904391,EXTERNE
77,26,0.0724900245,EXTERNE
77,27,0.0777376345,EXTERNE
77,28,-0.236776551,EXTERNE
77,29,0.2305962565,EXTERNE
77,30,0.0261493431,EXTERNE
77,31,0.1123358142,EXTERNE
77,32,-0.037804831,EXTERNE
77,33,0.2342269558,EXTERNE
77,34,-0.233301734,EXTERNE
77,35,0.1495737985,EXTERNE
77,36,-0.153336431,EXTERNE
77,37,0.1563459737,EXTERNE
77,38,0.1623592743,EXTERNE
77,39,-0.138046497,EXTERNE
77,40,-0.072209371,EXTERNE
77,41,0.123049915,EXTERNE
77,42,0.2538420191,EXTERNE
77,43,-0.065990537,EXTERNE
77,44,-0.151542783,EXTERNE
77,45,0.0733556276,EXTERNE
77,46,-0.040102214,EXTERNE
77,47,0.2143610482,EXTERNE
77,48,0.1148806746,EXTERNE
77,49,-0.073875261,EXTERNE
77,50,-0.01242779,EXTERNE
77,51,0.0079842329,EXTERNE
77,52,0.073507159,EXTERNE
77,53,-0.271471999,EXTERNE
77,54,0.4882305758,EXTERNE
77,55,0.0665401663,EXTERNE
77,56,0.0373477928,EXTERNE
77,57,0.0412888518,EXTERNE
77,58,0.343817843,EXTERNE
77,59,0.1647019676,EXTERNE
77,60,-0.078798814,EXTERNE
77,61,0.0449790878,EXTERNE
77,62,-0.134730868,EXTERNE
77,63,0.1557612849,EXTERNE
77,64,0.108043363,EXTERNE
77,65,-0.008360504,EXTERNE
77,66,-0.083627766,EXTERNE
77,67,-0.025112233,EXTERNE
77,68,0.0705597259,EXTERNE
77,69,0.0408352954,EXTERNE
77,70,0.116998432,EXTERNE
77,71,-0.03075292,EXTERNE
77,72,0.2038638967,EXTERNE
77,73,0.0811719003,EXTERNE
77,74,-0.022372351,EXTERNE
77,75,0.0581737967,EXTERNE
77,76,0.0630320502,EXTERNE
77,77,0.4204664622,EXTERNE
77,78,0.2122750765,EXTERNE
77,79,0.4423618336,EXTERNE
77,80,0.1640289051,EXTERNE
77,81,-0.115477414,EXTERNE
77,82,0.3969090243,EXTERNE
77,83,0.0059174061,EXTERNE
77,84,0.307712624,EXTERNE
77,85,-0.103084505,EXTERNE
77,86,0.2973326549,EXTERNE
77,87,-0.087752797,EXTERNE
77,88,-0.091411829,EXTERNE
77,89,0.2326300401,EXTERNE
77,90,0.0951503604,EXTERNE
77,91,-0.057363977,EXTERNE
77,92,0.0076594721,EXTERNE
77,93,-0.148365169,EXTERNE
77,94,0.2108816579,EXTERNE
77,95,0.2028473449,EXTERNE
77,96,0.092470236,EXTERNE
77,97,0.345356015,EXTERNE
77,98,0.0514779811,EXTERNE
77,99,0.227524714,EXTERNE
77,100,0.0420067024,EXTERNE
78,1,-0.132646715,EXTERNE
78,2,0.177147425,EXTERNE
78,3,0.1573807989,EXTERNE
78,4,0.050236571,EXTERNE
78,5,0.0631800232,EXTERNE
78,6,0.0064525858,EXTERNE
78,7,0.1687586056,EXTERNE
78,8,-0.04235298,EXTERNE
78,9,0.0558251275,EXTERNE
78,10,-0.124376356,EXTERNE
78,11,-0.032114337,EXTERNE
78,12,0.2626649236,EXTERNE
78,13,0.0204948872,EXTERNE
78,14,-0.081999128,EXTERNE
78,15,0.1150060434,EXTERNE
78,16,0.0882496271,EXTERNE
78,17,0.3081034541,EXTERNE
78,18,-0.019601967,EXTERNE
78,19,0.0587994747,EXTERNE
78,20,0.1318334039,EXTERNE
78,21,0.0205516638,EXTERNE
78,22,0.0888486856,EXTERNE
78,23,0.2095889054,EXTERNE
78,24,0.0653338424,EXTERNE
78,25,0.2353556009,EXTERNE
78,26,0.0939978584,EXTERNE
78,27,0.1776010806,EXTERNE
78,28,0.2854946095,EXTERNE
78,29,-0.258216847,EXTERNE
78,30,-0.040137422,EXTERNE
78,31,-0.094354839,EXTERNE
78,32,0.3717530346,EXTERNE
78,33,-0.211514849,EXTERNE
78,34,-0.104645778,EXTERNE
78,35,0.0232811422,EXTERNE
78,36,0.1755176119,EXTERNE
78,37,0.1389247133,EXTERNE
78,38,0.2206754602,EXTERNE
78,39,-0.01871904,EXTERNE
78,40,0.2265285265,EXTERNE
78,41,0.0700258016,EXTERNE
78,42,-0.004848856,EXTERNE
78,43,0.0247899276,EXTERNE
78,44,-0.12741612,EXTERNE
78,45,0.0007001742,EXTERNE
78,46,0.1085234386,EXTERNE
78,47,0.0804653382,EXTERNE
78,48,0.1303413526,EXTERNE
78,49,0.3155621311,EXTERNE
78,50,0.2270179612,EXTERNE
78,51,0.2325399823,EXTERNE
78,52,0.2551616764,EXTERNE
78,53,0.0888586995,EXTERNE
78,54,-0.183555243,EXTERNE
78,55,-0.010350345,EXTERNE
78,56,-0.012294726,EXTERNE
78,57,0.0582615317,EXTERNE
78,58,0.2320481588,EXTERNE
78,59,-0.085932251,EXTERNE
78,60,-0.121194118,EXTERNE
78,61,-0.16894569,EXTERNE
78,62,0.2235350944,EXTERNE
78,63,0.2105460437,EXTERNE
78,64,0.0606325394,EXTERNE
78,65,-0.260874951,EXTERNE
78,66,-0.079491187,EXTERNE
78,67,-0.026946224,EXTERNE
78,68,0.1438193717,EXTERNE
78,69,0.124984356,EXTERNE
78,70,0.1479241012,EXTERNE
78,71,0.2643669189,EXTERNE
78,72,-0.255888252,EXTERNE
78,73,0.0182058118,EXTERNE
78,74,-0.248383963,EXTERNE
78,75,0.0061773743,EXTERNE
78,76,-0.006382199,EXTERNE
78,77,-0.251114604,EXTERNE
78,78,-0.295195874,EXTERNE
78,79,0.0652867437,EXTERNE
78,80,0.0462659329,EXTERNE
78,81,0.0621633354,EXTERNE
78,82,-0.077694525,EXTERNE
78,83,0.0219503452,EXTERNE
78,84,-0.131086566,EXTERNE
78,85,0.1730060978,EXTERNE
78,86,0.0163122149,EXTERNE
78,87,0.1191904243,EXTERNE
78,88,0.1040179672,EXTERNE
78,89,-0.037352304,EXTERNE
78,90,0.1799579499,EXTERNE
78,91,0.1489233507,EXTERNE
78,92,0.0136890193,EXTERNE
78,93,0.2680123981,EXTERNE
78,94,0.3089912048,EXTERNE
78,95,0.0433924734,EXTERNE
78,96,0.0380916312,EXTERNE
78,97,-0.047640531,EXTERNE
78,98,-0.057493196,EXTERNE
78,99,0.2648405882,EXTERNE
78,100,0.0240310639,EXTERNE
79,1,0.0024017353,EXTERNE
79,2,0.1740697626,EXTERNE
79,3,-0.352060015,EXTERNE
79,4,0.189258767,EXTERNE
79,5,0.134158005,EXTERNE
79,6,0.0856185578,EXTERNE
79,7,-0.154655299,EXTERNE
79,8,-0.063149071,EXTERNE
79,9,0.0645625665,EXTERNE
79,10,-0.176482312,EXTERNE
79,11,0.1806195209,EXTERNE
79,12,-0.006656706,EXTERNE
79,13,0.0900089538,EXTERNE
79,14,-0.098452114,EXTERNE
79,15,-0.032951735,EXTERNE
79,16,0.0289377355,EXTERNE
79,17,-0.07775906,EXTERNE
79,18,-0.046201367,EXTERNE
79,19,0.0368773934,EXTERNE
79,20,-0.142634743,EXTERNE
79,21,-0.134835448,EXTERNE
79,22,-0.012861931,EXTERNE
79,23,0.2011740579,EXTERNE
79,24,-0.098599214,EXTERNE
79,25,0.0371083885,EXTERNE
79,26,-0.046161841,EXTERNE
79,27,-0.181761015,EXTERNE
79,28,0.0808606033,EXTERNE
79,29,0.2802656107,EXTERNE
79,30,0.2047965832,EXTERNE
79,31,0.1246143026,EXTERNE
79,32,0.2952578014,EXTERNE
79,33,-0.126312671,EXTERNE
79,34,-0.203994558,EXTERNE
79,35,0.1353049329,EXTERNE
79,36,0.1052883693,EXTERNE
79,37,0.1270223214,EXTERNE
79,38,0.2854199381,EXTERNE
79,39,-0.066091785,EXTERNE
79,40,0.2246216288,EXTERNE
79,41,0.1212790966,EXTERNE
79,42,0.1496770493,EXTERNE
79,43,0.0219055192,EXTERNE
79,44,0.1390738431,EXTERNE
79,45,-0.021904658,EXTERNE
79,46,0.1527465772,EXTERNE
79,47,-0.023776737,EXTERNE
79,48,-0.038398203,EXTERNE
79,49,0.1944705705,EXTERNE
79,50,0.3317984572,EXTERNE
79,51,-0.065165444,EXTERNE
79,52,0.1287467943,EXTERNE
79,53,0.2500052239,EXTERNE
79,54,0.0527031495,EXTERNE
79,55,0.0824156901,EXTERNE
79,56,0.1248366354,EXTERNE
79,57,0.1290830656,EXTERNE
79,58,0.2586494755,EXTERNE
79,59,0.127514914,EXTERNE
79,60,-0.064999049,EXTERNE
79,61,-0.091413344,EXTERNE
79,62,-0.230989736,EXTERNE
79,63,0.0183689096,EXTERNE
79,64,-0.078773712,EXTERNE
79,65,-0.040983568,EXTERNE
79,66,-0.021711116,EXTERNE
79,67,0.3184032619,EXTERNE
79,68,0.0092132938,EXTERNE
79,69,0.075500664,EXTERNE
79,70,0.1416462887,EXTERNE
79,71,0.4615522563,EXTERNE
79,72,0.2860171808,EXTERNE
79,73,0.0914914881,EXTERNE
79,74,-0.059934389,EXTERNE
79,75,-0.038336884,EXTERNE
79,76,0.0286037448,EXTERNE
79,77,0.1183849166,EXTERNE
79,78,0.1807905194,EXTERNE
79,79,-0.29639025,EXTERNE
79,80,0.2103232161,EXTERNE
79,81,0.1303868801,EXTERNE
79,82,0.0963613812,EXTERNE
79,83,-0.126215083,EXTERNE
79,84,0.4270165847,EXTERNE
79,85,0.1314021254,EXTERNE
79,86,0.0278897918,EXTERNE
79,87,0.1139852643,EXTERNE
79,88,-0.119307812,EXTERNE
79,89,0.0651314219,EXTERNE
79,90,-0.134498261,EXTERNE
79,91,-0.256217658,EXTERNE
79,92,-0.142117597,EXTERNE
79,93,0.2660597542,EXTERNE
79,94,-0.01757616,EXTERNE
79,95,-0.040085639,EXTERNE
79,96,-0.163029918,EXTERNE
79,97,-0.012673352,EXTERNE
79,98,-0.109604479,EXTERNE
79,99,-0.100773702,EXTERNE
79,100,-0.175276416,EXTERNE
80,1,0.0491818918,EXTERNE
80,2,0.0344837591,EXTERNE
80,3,-0.125808927,EXTERNE
80,4,0.0605900669,EXTERNE
80,5,-0.168335493,EXTERNE
80,6,0.2374907092,EXTERNE
80,7,0.143232019,EXTERNE
80,8,0.0934730039,EXTERNE
80,9,0.0292173983,EXTERNE
80,10,0.3915134472,EXTERNE
80,11,-0.242313002,EXTERNE
80,12,-0.014475951,EXTERNE
80,13,-0.120586324,EXTERNE
80,14,-0.203142343,EXTERNE
80,15,0.1277508883,EXTERNE
80,16,-0.027251215,EXTERNE
80,17,0.0868608229,EXTERNE
80,18,0.102959111,EXTERNE
80,19,-0.071077725,EXTERNE
80,20,-0.098398388,EXTERNE
80,21,0.2942090987,EXTERNE
80,22,0.0862963141,EXTERNE
80,23,-0.077541919,EXTERNE
80,24,-0.087796246,EXTERNE
80,25,-0.044871907,EXTERNE
80,26,0.1692186312,EXTERNE
80,27,0.3103083209,EXTERNE
80,28,0.1757013254,EXTERNE
80,29,0.0927667098,EXTERNE
80,30,0.1158565359,EXTERNE
80,31,0.1946025684,EXTERNE
80,32,-0.369092707,EXTERNE
80,33,0.1181957555,EXTERNE
80,34,0.1554870021,EXTERNE
80,35,0.3518832338,EXTERNE
80,36,0.1101833328,EXTERNE
80,37,0.1438926462,EXTERNE
80,38,0.1275863095,EXTERNE
80,39,-0.328383479,EXTERNE
80,40,0.0744347303,EXTERNE
80,41,-0.016246654,EXTERNE
80,42,0.425423334,EXTERNE
80,43,-0.180792621,EXTERNE
80,44,-0.035560012,EXTERNE
80,45,0.1558869318,EXTERNE
80,46,0.2080879716,EXTERNE
80,47,0.0896245039,EXTERNE
80,48,0.3850957518,EXTERNE
80,49,-0.133929779,EXTERNE
80,50,-0.002477713,EXTERNE
80,51,0.4576333222,EXTERNE
80,52,0.0456997305,EXTERNE
80,53,0.0395488999,EXTERNE
80,54,-0.003735873,EXTERNE
80,55,0.0547010277,EXTERNE
80,56,0.0034328946,EXTERNE
80,57,-0.070441359,EXTERNE
80,58,-0.064070361,EXTERNE
80,59,-0.050538943,EXTERNE
80,60,0.4209286288,EXTERNE
80,61,0.0001204071,EXTERNE
80,62,-0.003281285,EXTERNE
80,63,0.2306769779,EXTERNE
80,64,0.37653905,EXTERNE
80,65,-0.070146206,EXTERNE
80,66,0.0502078794,EXTERNE
80,67,0.0062369352,EXTERNE
80,68,-0.035183667,EXTERNE
80,69,-0.24568911,EXTERNE
80,70,-0.014180469,EXTERNE
80,71,0.2636186685,EXTERNE
80,72,-0.056105384,EXTERNE
80,73,0.042640001,EXTERNE
80,74,0.3078717005,EXTERNE
80,75,0.1884258634,EXTERNE
80,76,-0.102622867,EXTERNE
80,77,0.1006665558,EXTERNE
80,78,-0.115748415,EXTERNE
80,79,0.02587076,EXTERNE
80,80,-0.066508684,EXTERNE
80,81,0.0663217555,EXTERNE
80,82,0.045423892,EXTERNE
80,83,0.0234506252,EXTERNE
80,84,0.1602097685,EXTERNE
80,85,0.1459924084,EXTERNE
80,86,-0.122035158,EXTERNE
80,87,-0.020944565,EXTERNE
80,88,0.1835943329,EXTERNE
80,89,0.147041923,EXTERNE
80,90,0.0230716307,EXTERNE
80,91,-0.045281828,EXTERNE
80,92,0.0011045154,EXTERNE
80,93,0.0702639524,EXTERNE
80,94,-0.090865281,EXTERNE
80,95,0.024321423,EXTERNE
80,96,-0.013413313,EXTERNE
80,97,0.1603527637,EXTERNE
80,98,-0.025573326,EXTERNE
80,99,-0.022516425,EXTERNE
80,100,0.0249491134,EXTERNE
81,1,0.0352633687,EXTERNE
81,2,0.0520327959,EXTERNE
81,3,0.0029787214,EXTERNE
81,4,-0.459995249,EXTERNE
81,5,0.2099894945,EXTERNE
81,6,0.0322720585,EXTERNE
81,7,-0.065559564,EXTERNE
81,8,0.0615806595,EXTERNE
81,9,-0.170546269,EXTERNE
81,10,0.2263246166,EXTERNE
81,11,0.0355170543,EXTERNE
81,12,-0.024253768,EXTERNE
81,13,-0.339651625,EXTERNE
81,14,-0.113897249,EXTERNE
81,15,0.1671536804,EXTERNE
81,16,-0.0706634,EXTERNE
81,17,0.1954354041,EXTERNE
81,18,-0.02169466,EXTERNE
81,19,-0.263904933,EXTERNE
81,20,0.0384306374,EXTERNE
81,21,-0.043039498,EXTERNE
81,22,0.2477616798,EXTERNE
81,23,0.0746581789,EXTERNE
81,24,-0.078753888,EXTERNE
81,25,0.0177090118,EXTERNE
81,26,-0.161555787,EXTERNE
81,27,0.389627593,EXTERNE
81,28,0.3181075018,EXTERNE
81,29,0.0915907999,EXTERNE
81,30,0.0302730348,EXTERNE
81,31,0.0388746883,EXTERNE
81,32,-0.198179964,EXTERNE
81,33,-0.122878148,EXTERNE
81,34,-0.032015605,EXTERNE
81,35,0.1720184175,EXTERNE
81,36,0.0390410705,EXTERNE
81,37,0.240881688,EXTERNE
81,38,0.1277551809,EXTERNE
81,39,0.1284818185,EXTERNE
81,40,-0.039990432,EXTERNE
81,41,-0.026963737,EXTERNE
81,42,0.1706193928,EXTERNE
81,43,0.3628298841,EXTERNE
81,44,0.1033799401,EXTERNE
81,45,-0.060353996,EXTERNE
81,46,-0.077339146,EXTERNE
81,47,0.4068310313,EXTERNE
81,48,-0.314416434,EXTERNE
81,49,-0.272488348,EXTERNE
81,50,0.2641189369,EXTERNE
81,51,-0.228740765,EXTERNE
81,52,-0.393848591,EXTERNE
81,53,-0.041349103,EXTERNE
81,54,-0.1974149,EXTERNE
81,55,0.0586901275,EXTERNE
81,56,0.0199834972,EXTERNE
81,57,0.187269403,EXTERNE
81,58,0.2320955745,EXTERNE
81,59,-0.141193101,EXTERNE
81,60,0.0509105401,EXTERNE
81,61,0.1349866811,EXTERNE
81,62,-0.172315543,EXTERNE
81,63,-0.027654049,EXTERNE
81,64,0.2589667485,EXTERNE
81,65,0.1467668454,EXTERNE
81,66,0.0814839432,EXTERNE
81,67,0.2369639532,EXTERNE
81,68,0.1814762889,EXTERNE
81,69,-0.043017835,EXTERNE
81,70,-0.059436113,EXTERNE
81,71,0.1199201621,EXTERNE
81,72,-0.012143622,EXTERNE
81,73,-0.222900045,EXTERNE
81,74,0.0081686369,EXTERNE
81,75,0.137684089,EXTERNE
81,76,0.0060988354,EXTERNE
81,77,-0.056164578,EXTERNE
81,78,0.0366242698,EXTERNE
81,79,0.2652678517,EXTERNE
81,80,0.0867434399,EXTERNE
81,81,0.0946790717,EXTERNE
81,82,-0.18898855,EXTERNE
81,83,-0.054876967,EXTERNE
81,84,0.0521764603,EXTERNE
81,85,0.0019272992,EXTERNE
81,86,0.0077629445,EXTERNE
81,87,0.3513387044,EXTERNE
81,88,0.3120643464,EXTERNE
81,89,0.15790773,EXTERNE
81,90,0.0974648765,EXTERNE
81,91,0.1038199562,EXTERNE
81,92,0.010697929,EXTERNE
81,93,-0.209707307,EXTERNE
81,94,-0.093064944,EXTERNE
81,95,-0.096148663,EXTERNE
81,96,-0.061483539,EXTERNE
81,97,0.1056331335,EXTERNE
81,98,0.2946773612,EXTERNE
81,99,-0.078757362,EXTERNE
81,100,0.0296089405,EXTERNE
82,1,0.1919814028,EXTERNE
82,2,0.0711748258,EXTERNE
82,3,-0.188807516,EXTERNE
82,4,0.1566934152,EXTERNE
82,5,-0.077111543,EXTERNE
82,6,-0.219568859,EXTERNE
82,7,0.1614697576,EXTERNE
82,8,0.153975864,EXTERNE
82,9,0.1751693734,EXTERNE
82,10,-0.040178036,EXTERNE
82,11,-0.212313357,EXTERNE
82,12,0.1928893247,EXTERNE
82,13,-0.066778926,EXTERNE
82,14,0.1056745217,EXTERNE
82,15,0.12175188,EXTERNE
82,16,-0.054931364,EXTERNE
82,17,0.0159121905,EXTERNE
82,18,-0.180686692,EXTERNE
82,19,-0.084373282,EXTERNE
82,20,-0.227869113,EXTERNE
82,21,-0.267945534,EXTERNE
82,22,0.1047539293,EXTERNE
82,23,0.1746698012,EXTERNE
82,24,-0.145493088,EXTERNE
82,25,0.3702589101,EXTERNE
82,26,-0.129670283,EXTERNE
82,27,-0.037372043,EXTERNE
82,28,0.1339862261,EXTERNE
82,29,0.3774344361,EXTERNE
82,30,0.0028760197,EXTERNE
82,31,0.308690925,EXTERNE
82,32,-0.023241974,EXTERNE
82,33,-0.111793694,EXTERNE
82,34,0.2785862993,EXTERNE
82,35,-0.143623315,EXTERNE
82,36,0.1082839722,EXTERNE
82,37,0.0162274803,EXTERNE
82,38,0.240910337,EXTERNE
82,39,0.1291623743,EXTERNE
82,40,0.2255644862,EXTERNE
82,41,0.1392061506,EXTERNE
82,42,0.0295425343,EXTERNE
82,43,-0.108208115,EXTERNE
82,44,-0.062642914,EXTERNE
82,45,0.1978918778,EXTERNE
82,46,-0.041132844,EXTERNE
82,47,0.0422504256,EXTERNE
82,48,-0.108857134,EXTERNE
82,49,-0.187215819,EXTERNE
82,50,0.1659615805,EXTERNE
82,51,0.1568511201,EXTERNE
82,52,-0.223638641,EXTERNE
82,53,-0.015798787,EXTERNE
82,54,0.0873194229,EXTERNE
82,55,0.0954178811,EXTERNE
82,56,-0.058689691,EXTERNE
82,57,0.1503339677,EXTERNE
82,58,-0.214035385,EXTERNE
82,59,0.2277130284,EXTERNE
82,60,-0.052795938,EXTERNE
82,61,0.0798837983,EXTERNE
82,62,-0.042457711,EXTERNE
82,63,0.1159795847,EXTERNE
82,64,0.0916835981,EXTERNE
82,65,-0.136755234,EXTERNE
82,66,0.0779681925,EXTERNE
82,67,0.135476144,EXTERNE
82,68,0.3099951093,EXTERNE
82,69,0.2655498855,EXTERNE
82,70,0.1294385808,EXTERNE
82,71,0.0998177149,EXTERNE
82,72,0.1437429251,EXTERNE
82,73,0.2750227757,EXTERNE
82,74,-0.158671855,EXTERNE
82,75,0.1275778536,EXTERNE
82,76,0.2311184891,EXTERNE
82,77,-0.099911303,EXTERNE
82,78,0.0050780433,EXTERNE
82,79,0.1153868355,EXTERNE
82,80,0.3794502897,EXTERNE
82,81,0.1662439331,EXTERNE
82,82,0.232407504,EXTERNE
82,83,-0.160797282,EXTERNE
82,84,0.3264692407,EXTERNE
82,85,0.1609013556,EXTERNE
82,86,0.2755357062,EXTERNE
82,87,0.225275356,EXTERNE
82,88,0.1277820044,EXTERNE
82,89,-0.118371432,EXTERNE
82,90,-0.131693199,EXTERNE
82,91,0.3003412184,EXTERNE
82,92,-0.187533764,EXTERNE
82,93,0.4494103128,EXTERNE
82,94,-0.073248871,EXTERNE
82,95,0.0089287483,EXTERNE
82,96,-0.140308652,EXTERNE
82,97,0.2389708781,EXTERNE
82,98,-0.056350725,EXTERNE
82,99,-0.134639055,EXTERNE
82,100,0.0051758874,EXTERNE
83,1,0.0221508907,EXTERNE
83,2,-0.115447211,EXTERNE
83,3,-0.225775251,EXTERNE
83,4,-0.217425953,EXTERNE
83,5,0.1656499349,EXTERNE
83,6,0.2479654897,EXTERNE
83,7,-0.044706055,EXTERNE
83,8,-0.016389426,EXTERNE
83,9,-0.152215256,EXTERNE
83,10,-0.032848315,EXTERNE
83,11,0.1725169065,EXTERNE
83,12,0.046266722,EXTERNE
83,13,-0.204459788,EXTERNE
83,14,0.082929988,EXTERNE
83,15,0.0692645886,EXTERNE
83,16,-0.128144437,EXTERNE
83,17,-0.068161822,EXTERNE
83,18,0.143811484,EXTERNE
83,19,0.0983417728,EXTERNE
83,20,-0.030341742,EXTERNE
83,21,0.1437145763,EXTERNE
83,22,0.0008458047,EXTERNE
83,23,0.2695488169,EXTERNE
83,24,0.0412666853,EXTERNE
83,25,0.3468438314,EXTERNE
83,26,0.0477623353,EXTERNE
83,27,0.1842920198,EXTERNE
83,28,-0.035402493,EXTERNE
83,29,0.0447730897,EXTERNE
83,30,-0.133075852,EXTERNE
83,31,0.0694698584,EXTERNE
83,32,0.1624743207,EXTERNE
83,33,0.389362586,EXTERNE
83,34,-0.155596898,EXTERNE
83,35,0.0589560272,EXTERNE
83,36,-0.3844658,EXTERNE
83,37,-0.190283177,EXTERNE
83,38,0.0133843216,EXTERNE
83,39,0.0612589182,EXTERNE
83,40,0.0594816151,EXTERNE
83,41,-0.034620752,EXTERNE
83,42,0.1014276971,EXTERNE
83,43,0.298763735,EXTERNE
83,44,0.0383263934,EXTERNE
83,45,-0.054329107,EXTERNE
83,46,-0.021544186,EXTERNE
83,47,-0.28981085,EXTERNE
83,48,0.0494556437,EXTERNE
83,49,0.3119502174,EXTERNE
83,50,0.0134954917,EXTERNE
83,51,0.0377545053,EXTERNE
83,52,0.1859744956,EXTERNE
83,53,0.0414981694,EXTERNE
83,54,-0.037888159,EXTERNE
83,55,0.0495968258,EXTERNE
83,56,-0.155368329,EXTERNE
83,57,0.0851060147,EXTERNE
83,58,-0.018609879,EXTERNE
83,59,0.1507185062,EXTERNE
83,60,0.0497871274,EXTERNE
83,61,0.1625015381,EXTERNE
83,62,0.0926815768,EXTERNE
83,63,0.1228181331,EXTERNE
83,64,0.0906121342,EXTERNE
83,65,-0.087009101,EXTERNE
83,66,-0.031977853,EXTERNE
83,67,0.0231906689,EXTERNE
83,68,0.1502211749,EXTERNE
83,69,0.0731338753,EXTERNE
83,70,0.1208285622,EXTERNE
83,71,-0.124781241,EXTERNE
83,72,-0.009157263,EXTERNE
83,73,-0.087696664,EXTERNE
83,74,0.2655220883,EXTERNE
83,75,-0.006137497,EXTERNE
83,76,0.2880896045,EXTERNE
83,77,0.1386102537,EXTERNE
83,78,0.2653898826,EXTERNE
83,79,-0.122312445,EXTERNE
83,80,-0.055407643,EXTERNE
83,81,-0.070443561,EXTERNE
83,82,0.1239015457,EXTERNE
83,83,-0.001853174,EXTERNE
83,84,-0.019256447,EXTERNE
83,85,-0.005122379,EXTERNE
83,86,0.0089072846,EXTERNE
83,87,0.1461441625,EXTERNE
83,88,-0.000197443,EXTERNE
83,89,0.0824707225,EXTERNE
83,90,0.0394277887,EXTERNE
83,91,-0.147577943,EXTERNE
83,92,0.0954929999,EXTERNE
83,93,0.2491876311,EXTERNE
83,94,0.247638496,EXTERNE
83,95,0.1492434858,EXTERNE
83,96,0.0525209917,EXTERNE
83,97,0.1205158119,EXTERNE
83,98,-0.162508036,EXTERNE
83,99,-0.007393591,EXTERNE
83,100,-0.091117829,EXTERNE
84,1,0.1759532017,EXTERNE
84,2,0.0630391495,EXTERNE
84,3,0.011366595,EXTERNE
84,4,0.1849291384,EXTERNE
84,5,0.1165504045,EXTERNE
84,6,-0.280174053,EXTERNE
84,7,-0.072050165,EXTERNE
84,8,0.1591464241,EXTERNE
84,9,-0.201510146,EXTERNE
84,10,-0.161780742,EXTERNE
84,11,-0.059534177,EXTERNE
84,12,-0.096968584,EXTERNE
84,13,0.1671707172,EXTERNE
84,14,0.4120787589,EXTERNE
84,15,-0.007350732,EXTERNE
84,16,0.1029472353,EXTERNE
84,17,0.2065474359,EXTERNE
84,18,0.308456008,EXTERNE
84,19,-0.053520401,EXTERNE
84,20,-0.096244517,EXTERNE
84,21,-0.008930919,EXTERNE
84,22,0.1906160107,EXTERNE
84,23,0.0095974959,EXTERNE
84,24,0.0960367321,EXTERNE
84,25,0.1278498107,EXTERNE
84,26,0.0977566845,EXTERNE
84,27,0.0714676306,EXTERNE
84,28,0.0147464405,EXTERNE
84,29,0.0690354281,EXTERNE
84,30,-0.034011902,EXTERNE
84,31,-0.045179974,EXTERNE
84,32,0.1830223859,EXTERNE
84,33,-0.153465753,EXTERNE
84,34,0.2200821071,EXTERNE
84,35,0.195562315,EXTERNE
84,36,-0.091624716,EXTERNE
84,37,0.0755482923,EXTERNE
84,38,-0.084363433,EXTERNE
84,39,0.0329265499,EXTERNE
84,40,0.176876174,EXTERNE
84,41,0.1589151676,EXTERNE
84,42,-0.14791098,EXTERNE
84,43,0.30558822,EXTERNE
84,44,0.2329619846,EXTERNE
84,45,0.0114994096,EXTERNE
84,46,-0.073800378,EXTERNE
84,47,-0.020160414,EXTERNE
84,48,0.03853426,EXTERNE
84,49,0.104665735,EXTERNE
84,50,0.0133384576,EXTERNE
84,51,-0.024251985,EXTERNE
84,52,-0.035504821,EXTERNE
84,53,-0.079967717,EXTERNE
84,54,0.0701826879,EXTERNE
84,55,0.0007577253,EXTERNE
84,56,0.1763365535,EXTERNE
84,57,0.063464957,EXTERNE
84,58,-0.114627203,EXTERNE
84,59,0.1521677928,EXTERNE
84,60,0.0555747181,EXTERNE
84,61,0.2924958305,EXTERNE
84,62,0.3637616078,EXTERNE
84,63,0.2090512354,EXTERNE
84,64,-0.060920869,EXTERNE
84,65,0.0392941753,EXTERNE
84,66,0.0377852184,EXTERNE
84,67,0.1611129114,EXTERNE
84,68,-0.111696795,EXTERNE
84,69,0.2563131173,EXTERNE
84,70,0.0599946702,EXTERNE
84,71,-0.065270204,EXTERNE
84,72,-0.126453776,EXTERNE
84,73,0.0405674198,EXTERNE
84,74,-0.021776445,EXTERNE
84,75,0.2361979296,EXTERNE
84,76,-0.230967869,EXTERNE
84,77,-0.011637057,EXTERNE
84,78,-0.023271136,EXTERNE
84,79,-0.35760872,EXTERNE
84,80,0.2819118734,EXTERNE
84,81,-0.013316879,EXTERNE
84,82,-0.109160388,EXTERNE
84,83,-0.079948821,EXTERNE
84,84,0.0547598873,EXTERNE
84,85,0.0113051384,EXTERNE
84,86,0.0949562925,EXTERNE
84,87,-0.106904348,EXTERNE
84,88,0.2782403009,EXTERNE
84,89,0.1305911246,EXTERNE
84,90,-0.155320084,EXTERNE
84,91,0.0312103928,EXTERNE
84,92,0.2214395818,EXTERNE
84,93,-0.046085632,EXTERNE
84,94,0.2518978575,EXTERNE
84,95,0.0933050675,EXTERNE
84,96,0.2922447738,EXTERNE
84,97,0.0979265088,EXTERNE
84,98,-0.036752143,EXTERNE
84,99,-0.201499391,EXTERNE
84,100,0.0415647846,EXTERNE
85,1,0.1303020016,EXTERNE
85,2,-0.015411191,EXTERNE
85,3,0.3182162842,EXTERNE
85,4,0.0266191403,EXTERNE
85,5,0.1418049929,EXTERNE
85,6,0.0385482944,EXTERNE
85,7,0.1065409701,EXTERNE
85,8,0.0151055024,EXTERNE
85,9,-0.047152829,EXTERNE
85,10,0.2042378972,EXTERNE
85,11,-0.240645001,EXTERNE
85,12,0.0489064416,EXTERNE
85,13,-0.048530616,EXTERNE
85,14,0.0139109078,EXTERNE
85,15,0.0782007332,EXTERNE
85,16,-0.148153415,EXTERNE
85,17,-0.197389241,EXTERNE
85,18,0.2059396885,EXTERNE
85,19,0.2765555732,EXTERNE
85,20,-0.007037484,EXTERNE
85,21,0.136820683,EXTERNE
85,22,0.0695739586,EXTERNE
85,23,-0.326939628,EXTERNE
85,24,0.2604714224,EXTERNE
85,25,0.0842561495,EXTERNE
85,26,0.2555146864,EXTERNE
85,27,0.0947638852,EXTERNE
85,28,0.1817218877,EXTERNE
85,29,-0.210359003,EXTERNE
85,30,0.0708587066,EXTERNE
85,31,0.3508338857,EXTERNE
85,32,0.0007373756,EXTERNE
85,33,-0.129833522,EXTERNE
85,34,0.3693940968,EXTERNE
85,35,0.3811544907,EXTERNE
85,36,0.2327736937,EXTERNE
85,37,0.1328028961,EXTERNE
85,38,0.1598312768,EXTERNE
85,39,0.2006098834,EXTERNE
85,40,0.140268129,EXTERNE
85,41,-0.087635189,EXTERNE
85,42,0.1755395483,EXTERNE
85,43,-0.030412806,EXTERNE
85,44,-0.225216604,EXTERNE
85,45,0.180392535,EXTERNE
85,46,0.1193004604,EXTERNE
85,47,-0.107966619,EXTERNE
85,48,0.099507171,EXTERNE
85,49,0.0772701347,EXTERNE
85,50,-0.022937709,EXTERNE
85,51,-0.244755517,EXTERNE
85,52,0.2164276425,EXTERNE
85,53,0.1929296784,EXTERNE
85,54,-0.092004148,EXTERNE
85,55,0.0455062346,EXTERNE
85,56,0.2435691646,EXTERNE
85,57,-0.040227467,EXTERNE
85,58,0.0819380175,EXTERNE
85,59,0.0601375847,EXTERNE
85,60,0.0638495231,EXTERNE
85,61,0.0201320213,EXTERNE
85,62,0.0275211341,EXTERNE
85,63,-0.179446413,EXTERNE
85,64,0.3205838956,EXTERNE
85,65,-0.100206424,EXTERNE
85,66,0.120280689,EXTERNE
85,67,-0.148117967,EXTERNE
85,68,-0.103076114,EXTERNE
85,69,0.1725985048,EXTERNE
85,70,-0.048567313,EXTERNE
85,71,-0.107983863,EXTERNE
85,72,-0.162918383,EXTERNE
85,73,0.2901871485,EXTERNE
85,74,-0.221751285,EXTERNE
85,75,0.040959529,EXTERNE
85,76,-0.213680359,EXTERNE
85,77,0.1132715038,EXTERNE
85,78,0.0392325509,EXTERNE
85,79,-0.154028668,EXTERNE
85,80,-0.305070402,EXTERNE
85,81,-0.055158467,EXTERNE
85,82,0.0788363491,EXTERNE
85,83,0.0843287312,EXTERNE
85,84,0.0777295081,EXTERNE
85,85,0.0190636732,EXTERNE
85,86,0.3104883899,EXTERNE
85,87,0.2889673427,EXTERNE
85,88,0.1080847589,EXTERNE
85,89,-0.142702021,EXTERNE
85,90,0.0069924257,EXTERNE
85,91,-0.046061431,EXTERNE
85,92,0.0513237764,EXTERNE
85,93,0.0251294627,EXTERNE
85,94,-0.063686407,EXTERNE
85,95,-0.305994476,EXTERNE
85,96,0.0313320876,EXTERNE
85,97,-0.110827396,EXTERNE
85,98,0.0023681407,EXTERNE
85,99,-0.117465557,EXTERNE
85,100,-0.026659069,EXTERNE
86,1,-0.015040847,EXTERNE
86,2,0.137931878,EXTERNE
86,3,0.2078491069,EXTERNE
86,4,0.1406525226,EXTERNE
86,5,-0.196458071,EXTERNE
86,6,-0.176294157,EXTERNE
86,7,0.1414349979,EXTERNE
86,8,-0.117460084,EXTERNE
86,9,0.2158812743,EXTERNE
86,10,-0.023442948,EXTERNE
86,11,-0.038852828,EXTERNE
86,12,-0.075985411,EXTERNE
86,13,0.3650151314,EXTERNE
86,14,0.0919578739,EXTERNE
86,15,0.2042824907,EXTERNE
86,16,0.2271249442,EXTERNE
86,17,0.1015531773,EXTERNE
86,18,-0.028690241,EXTERNE
86,19,0.1235582816,EXTERNE
86,20,0.0297867485,EXTERNE
86,21,-0.047804674,EXTERNE
86,22,-0.076843277,EXTERNE
86,23,0.1283715199,EXTERNE
86,24,0.0324530642,EXTERNE
86,25,0.1018213896,EXTERNE
86,26,0.1473487474,EXTERNE
86,27,0.0693330036,EXTERNE
86,28,0.1307527339,EXTERNE
86,29,0.1013754018,EXTERNE
86,30,-0.058969403,EXTERNE
86,31,-0.120940877,EXTERNE
86,32,0.0682564768,EXTERNE
86,33,0.1833182378,EXTERNE
86,34,0.1756352894,EXTERNE
86,35,-0.127213543,EXTERNE
86,36,-0.128965884,EXTERNE
86,37,0.232121332,EXTERNE
86,38,0.1936503979,EXTERNE
86,39,-0.093376568,EXTERNE
86,40,0.0287917936,EXTERNE
86,41,0.2615659482,EXTERNE
86,42,0.1123734823,EXTERNE
86,43,0.1296898485,EXTERNE
86,44,-0.206915983,EXTERNE
86,45,-0.096142982,EXTERNE
86,46,0.0681869152,EXTERNE
86,47,-0.174256995,EXTERNE
86,48,-0.014765721,EXTERNE
86,49,0.1045817057,EXTERNE
86,50,-0.089749254,EXTERNE
86,51,0.2624184155,EXTERNE
86,52,0.1159292569,EXTERNE
86,53,0.08373725,EXTERNE
86,54,-0.219341144,EXTERNE
86,55,-0.001888581,EXTERNE
86,56,0.25879063,EXTERNE
86,57,-0.085364366,EXTERNE
86,58,0.2211682316,EXTERNE
86,59,0.0149904746,EXTERNE
86,60,-0.100837266,EXTERNE
86,61,-0.316391614,EXTERNE
86,62,0.242895366,EXTERNE
86,63,-0.060769505,EXTERNE
86,64,0.1698506646,EXTERNE
86,65,-0.127645505,EXTERNE
86,66,-0.220633682,EXTERNE
86,67,-0.156751441,EXTERNE
86,68,-0.125784361,EXTERNE
86,69,0.0449202194,EXTERNE
86,70,-0.009913961,EXTERNE
86,71,0.0949953419,EXTERNE
86,72,0.1039928553,EXTERNE
86,73,-0.076024177,EXTERNE
86,74,0.0297739466,EXTERNE
86,75,0.172018821,EXTERNE
86,76,-0.034251591,EXTERNE
86,77,0.0334075297,EXTERNE
86,78,0.0913745272,EXTERNE
86,79,0.3347106639,EXTERNE
86,80,-0.064281515,EXTERNE
86,81,0.2483429777,EXTERNE
86,82,0.0106025952,EXTERNE
86,83,0.2185136808,EXTERNE
86,84,0.0433006713,EXTERNE
86,85,0.0774244304,EXTERNE
86,86,0.0225068092,EXTERNE
86,87,0.2397950877,EXTERNE
86,88,0.0438788747,EXTERNE
86,89,-0.079746354,EXTERNE
86,90,0.0172186356,EXTERNE
86,91,0.179018241,EXTERNE
86,92,0.1546922322,EXTERNE
86,93,0.0871900563,EXTERNE
86,94,0.1325704555,EXTERNE
86,95,0.185205104,EXTERNE
86,96,-0.030547249,EXTERNE
86,97,0.069499656,EXTERNE
86,98,0.1551407692,EXTERNE
86,99,-0.164273458,EXTERNE
86,100,0.0281322374,EXTERNE
87,1,0.0476784424,EXTERNE
87,2,0.0088342153,EXTERNE
87,3,0.0720421631,EXTERNE
87,4,-0.011780956,EXTERNE
87,5,0.2775902001,EXTERNE
87,6,0.0844217055,EXTERNE
87,7,0.1051125693,EXTERNE
87,8,0.2088646051,EXTERNE
87,9,0.2498088009,EXTERNE
87,10,0.0254678242,EXTERNE
87,11,0.1415995571,EXTERNE
87,12,0.2497558856,EXTERNE
87,13,0.2166928482,EXTERNE
87,14,-0.076206654,EXTERNE
87,15,-0.054645216,EXTERNE
87,16,0.3418192337,EXTERNE
87,17,-0.033171807,EXTERNE
87,18,0.1216966346,EXTERNE
87,19,0.0623214296,EXTERNE
87,20,-0.0578776,EXTERNE
87,21,-0.037247334,EXTERNE
87,22,-0.203627078,EXTERNE
87,23,0.1613259957,EXTERNE
87,24,0.0301061741,EXTERNE
87,25,-0.142669587,EXTERNE
87,26,-0.012500574,EXTERNE
87,27,0.1804928115,EXTERNE
87,28,0.1368218093,EXTERNE
87,29,-0.211949758,EXTERNE
87,30,0.1454582284,EXTERNE
87,31,-0.141060167,EXTERNE
87,32,0.1599610994,EXTERNE
87,33,0.3923006277,EXTERNE
87,34,0.2190527448,EXTERNE
87,35,-0.003149548,EXTERNE
87,36,0.1119125793,EXTERNE
87,37,0.0253557589,EXTERNE
87,38,0.4370838536,EXTERNE
87,39,-0.009322259,EXTERNE
87,40,0.1001813899,EXTERNE
87,41,-0.143556452,EXTERNE
87,42,0.2026742281,EXTERNE
87,43,0.1047939245,EXTERNE
87,44,0.2386618796,EXTERNE
87,45,0.2462493981,EXTERNE
87,46,0.0675832224,EXTERNE
87,47,0.1422351875,EXTERNE
87,48,0.1679459172,EXTERNE
87,49,-0.26109339,EXTERNE
87,50,0.117031143,EXTERNE
87,51,0.1540231704,EXTERNE
87,52,-0.013732301,EXTERNE
87,53,0.11508215,EXTERNE
87,54,-0.169955682,EXTERNE
87,55,0.010322709,EXTERNE
87,56,0.2645132755,EXTERNE
87,57,-0.193306205,EXTERNE
87,58,0.0450975214,EXTERNE
87,59,-0.006571333,EXTERNE
87,60,0.309592378,EXTERNE
87,61,0.12727803,EXTERNE
87,62,-0.123287604,EXTERNE
87,63,0.075810389,EXTERNE
87,64,0.1567878314,EXTERNE
87,65,-0.149952804,EXTERNE
87,66,0.2780575558,EXTERNE
87,67,-0.023173289,EXTERNE
87,68,0.0456121209,EXTERNE
87,69,0.0326917684,EXTERNE
87,70,0.0814510933,EXTERNE
87,71,-0.120521543,EXTERNE
87,72,0.1611151585,EXTERNE
87,73,-0.013490812,EXTERNE
87,74,0.082241155,EXTERNE
87,75,-0.007446392,EXTERNE
87,76,0.1757174257,EXTERNE
87,77,-0.247933706,EXTERNE
87,78,0.2089709799,EXTERNE
87,79,0.1875377513,EXTERNE
87,80,-0.026961277,EXTERNE
87,81,0.0485523537,EXTERNE
87,82,0.0124961433,EXTERNE
87,83,0.259413342,EXTERNE
87,84,0.1261578269,EXTERNE
87,85,0.0423726122,EXTERNE
87,86,0.0227890871,EXTERNE
87,87,0.3121011224,EXTERNE
87,88,-0.274616703,EXTERNE
87,89,-0.087253612,EXTERNE
87,90,0.0300338085,EXTERNE
87,91,0.0609877356,EXTERNE
87,92,0.1865327017,EXTERNE
87,93,0.260059504,EXTERNE
87,94,0.0512963193,EXTERNE
87,95,0.1700525443,EXTERNE
87,96,0.0794309902,EXTERNE
87,97,-0.001481527,EXTERNE
87,98,-0.027144866,EXTERNE
87,99,0.1862589916,EXTERNE
87,100,-0.044179483,EXTERNE
88,1,0.3077168203,EXTERNE
88,2,-0.194698656,EXTERNE
88,3,-0.059797014,EXTERNE
88,4,0.1174143212,EXTERNE
88,5,0.1378040532,EXTERNE
88,6,-0.203890432,EXTERNE
88,7,0.2633796335,EXTERNE
88,8,0.2054224341,EXTERNE
88,9,0.1793900108,EXTERNE
88,10,0.2288289874,EXTERNE
88,11,0.1540669528,EXTERNE
88,12,0.0592299066,EXTERNE
88,13,0.168858355,EXTERNE
88,14,-0.266458155,EXTERNE
88,15,-0.075236215,EXTERNE
88,16,0.0140952649,EXTERNE
88,17,0.0116373578,EXTERNE
88,18,-0.123787422,EXTERNE
88,19,-0.048026724,EXTERNE
88,20,0.1564782396,EXTERNE
88,21,-0.043220431,EXTERNE
88,22,0.0834517128,EXTERNE
88,23,0.0102077541,EXTERNE
88,24,-0.032382775,EXTERNE
88,25,-0.118939845,EXTERNE
88,26,0.3072854429,EXTERNE
88,27,-0.081325088,EXTERNE
88,28,0.2035445821,EXTERNE
88,29,0.0106835148,EXTERNE
88,30,0.4236966604,EXTERNE
88,31,0.2193554396,EXTERNE
88,32,-0.029118544,EXTERNE
88,33,0.0322453708,EXTERNE
88,34,0.0275225025,EXTERNE
88,35,0.0981694124,EXTERNE
88,36,-0.026844132,EXTERNE
88,37,0.3856815839,EXTERNE
88,38,0.1084967466,EXTERNE
88,39,0.156583348,EXTERNE
88,40,-0.00464687,EXTERNE
88,41,0.1643546497,EXTERNE
88,42,0.227629268,EXTERNE
88,43,0.1569238581,EXTERNE
88,44,0.0697642248,EXTERNE
88,45,-0.018573445,EXTERNE
88,46,0.1230100191,EXTERNE
88,47,0.2516409761,EXTERNE
88,48,-0.319065217,EXTERNE
88,49,0.0393598161,EXTERNE
88,50,0.2274848151,EXTERNE
88,51,0.0178076591,EXTERNE
88,52,-0.019042875,EXTERNE
88,53,0.1255311081,EXTERNE
88,54,0.0727617942,EXTERNE
88,55,0.0235648534,EXTERNE
88,56,-0.241865571,EXTERNE
88,57,-0.082799739,EXTERNE
88,58,0.1062100038,EXTERNE
88,59,0.0175889741,EXTERNE
88,60,0.0427008417,EXTERNE
88,61,0.1814349042,EXTERNE
88,62,0.3312449836,EXTERNE
88,63,-0.164611045,EXTERNE
88,64,0.1681943312,EXTERNE
88,65,0.204779521,EXTERNE
88,66,0.1197842197,EXTERNE
88,67,0.0918550308,EXTERNE
88,68,0.186491552,EXTERNE
88,69,0.1042409291,EXTERNE
88,70,0.1568830153,EXTERNE
88,71,0.1234817334,EXTERNE
88,72,0.0238081826,EXTERNE
88,73,-0.038260476,EXTERNE
88,74,0.1977569265,EXTERNE
88,75,-0.034443862,EXTERNE
88,76,0.2597029248,EXTERNE
88,77,-0.055066025,EXTERNE
88,78,0.1382298024,EXTERNE
88,79,0.2442309464,EXTERNE
88,80,0.0797993708,EXTERNE
88,81,-0.222674755,EXTERNE
88,82,0.0736426688,EXTERNE
88,83,0.2115476678,EXTERNE
88,84,0.1406116502,EXTERNE
88,85,0.0632480275,EXTERNE
88,86,0.3701211289,EXTERNE
88,87,-0.062646233,EXTERNE
88,88,-0.106755391,EXTERNE
88,89,0.1122719245,EXTERNE
88,90,0.2859675611,EXTERNE
88,91,-0.005456663,EXTERNE
88,92,0.1582095546,EXTERNE
88,93,-0.030317917,EXTERNE
88,94,-0.014102746,EXTERNE
88,95,0.1285265643,EXTERNE
88,96,0.0293186882,EXTERNE
88,97,0.0452001422,EXTERNE
88,98,0.1971838721,EXTERNE
88,99,-0.255572016,EXTERNE
88,100,0.2036905768,EXTERNE
89,1,0.1282031881,EXTERNE
89,2,-0.033203216,EXTERNE
89,3,0.0824654377,EXTERNE
89,4,0.0586213875,EXTERNE
89,5,0.1605937383,EXTERNE
89,6,-0.009067324,EXTERNE
89,7,-0.052954902,EXTERNE
89,8,-0.265617863,EXTERNE
89,9,0.1321449269,EXTERNE
89,10,0.0730846555,EXTERNE
89,11,-0.033965392,EXTERNE
89,12,-0.082356009,EXTERNE
89,13,-0.094119787,EXTERNE
89,14,0.3463612347,EXTERNE
89,15,0.0244387046,EXTERNE
89,16,-0.032138004,EXTERNE
89,17,-0.003190831,EXTERNE
89,18,-0.046168898,EXTERNE
89,19,-0.011831167,EXTERNE
89,20,0.3095397462,EXTERNE
89,21,-0.054550455,EXTERNE
89,22,0.2254713168,EXTERNE
89,23,-0.235433855,EXTERNE
89,24,-0.056756656,EXTERNE
89,25,0.2496398675,EXTERNE
89,26,0.1512487283,EXTERNE
89,27,0.0099112661,EXTERNE
89,28,0.0745233924,EXTERNE
89,29,0.0352888112,EXTERNE
89,30,0.1148847756,EXTERNE
89,31,0.0021827001,EXTERNE
89,32,0.0567219834,EXTERNE
89,33,0.1724072173,EXTERNE
89,34,0.1804821724,EXTERNE
89,35,-0.084075321,EXTERNE
89,36,0.1088858078,EXTERNE
89,37,0.0121306334,EXTERNE
89,38,0.0794997872,EXTERNE
89,39,-0.055824187,EXTERNE
89,40,-0.058983594,EXTERNE
89,41,0.0283101863,EXTERNE
89,42,-0.15944746,EXTERNE
89,43,0.1405349459,EXTERNE
89,44,0.221895434,EXTERNE
89,45,-0.137197593,EXTERNE
89,46,-0.195535544,EXTERNE
89,47,0.1306807723,EXTERNE
89,48,-0.039214075,EXTERNE
89,49,0.2949890032,EXTERNE
89,50,-0.094578882,EXTERNE
89,51,0.1418752206,EXTERNE
89,52,0.1202888959,EXTERNE
89,53,0.044288451,EXTERNE
89,54,0.1687542191,EXTERNE
89,55,0.049293995,EXTERNE
89,56,0.323750795,EXTERNE
89,57,0.1885558197,EXTERNE
89,58,-0.029267504,EXTERNE
89,59,0.1078063462,EXTERNE
89,60,-0.303747505,EXTERNE
89,61,0.1561439091,EXTERNE
89,62,0.0431681392,EXTERNE
89,63,0.1743417482,EXTERNE
89,64,-0.024990252,EXTERNE
89,65,0.1209034838,EXTERNE
89,66,0.0305184036,EXTERNE
89,67,-0.001983546,EXTERNE
89,68,-0.006642284,EXTERNE
89,69,-0.260486585,EXTERNE
89,70,-0.046534244,EXTERNE
89,71,0.1676208861,EXTERNE
89,72,-0.091613935,EXTERNE
89,73,-0.112738668,EXTERNE
89,74,-0.030241933,EXTERNE
89,75,0.2996228484,EXTERNE
89,76,0.1563406486,EXTERNE
89,77,0.2943855244,EXTERNE
89,78,-0.118870737,EXTERNE
89,79,0.1741088822,EXTERNE
89,80,0.178282397,EXTERNE
89,81,0.1890514772,EXTERNE
89,82,0.2805132473,EXTERNE
89,83,0.0802133943,EXTERNE
89,84,0.0462181077,EXTERNE
89,85,0.1122092085,EXTERNE
89,86,-0.063749975,EXTERNE
89,87,0.0030287657,EXTERNE
89,88,-0.096430657,EXTERNE
89,89,-0.096481221,EXTERNE
89,90,-0.046893675,EXTERNE
89,91,-0.216132073,EXTERNE
89,92,-0.17503225,EXTERNE
89,93,0.0471010038,EXTERNE
89,94,0.0378049272,EXTERNE
89,95,0.0527690192,EXTERNE
89,96,0.1272949165,EXTERNE
89,97,0.2856101537,EXTERNE
89,98,0.0547533522,EXTERNE
89,99,0.0198586224,EXTERNE
89,100,0.0097955337,EXTERNE
90,1,-0.216677517,EXTERNE
90,2,-0.073975217,EXTERNE
90,3,0.0540810946,EXTERNE
90,4,-0.378415042,EXTERNE
90,5,0.0728662164,EXTERNE
90,6,-0.067807041,EXTERNE
90,7,-0.044094858,EXTERNE
90,8,0.0819473704,EXTERNE
90,9,0.075732719,EXTERNE
90,10,0.1067031363,EXTERNE
90,11,0.1740366986,EXTERNE
90,12,-0.07519977,EXTERNE
90,13,-0.132223961,EXTERNE
90,14,0.0841311945,EXTERNE
90,15,-0.016318946,EXTERNE
90,16,0.1496117691,EXTERNE
90,17,0.1851119637,EXTERNE
90,18,0.0748531511,EXTERNE
90,19,-0.080595064,EXTERNE
90,20,0.0362903231,EXTERNE
90,21,-0.15616518,EXTERNE
90,22,0.1745502166,EXTERNE
90,23,-0.173343446,EXTERNE
90,24,-0.313774747,EXTERNE
90,25,0.0386644184,EXTERNE
90,26,0.2190879333,EXTERNE
90,27,-0.092867109,EXTERNE
90,28,-0.021192461,EXTERNE
90,29,0.2760264826,EXTERNE
90,30,-0.088057684,EXTERNE
90,31,0.022481807,EXTERNE
90,32,0.1318414968,EXTERNE
90,33,-0.006211507,EXTERNE
90,34,0.0768027434,EXTERNE
90,35,-0.014046567,EXTERNE
90,36,0.0042844984,EXTERNE
90,37,0.1100936673,EXTERNE
90,38,0.2193452835,EXTERNE
90,39,0.0519568015,EXTERNE
90,40,0.1300522956,EXTERNE
90,41,-0.049064118,EXTERNE
90,42,-0.14877777,EXTERNE
90,43,0.2357578817,EXTERNE
90,44,0.0637670958,EXTERNE
90,45,-0.062455598,EXTERNE
90,46,0.1321365969,EXTERNE
90,47,0.224330321,EXTERNE
90,48,0.0131633622,EXTERNE
90,49,-0.23206705,EXTERNE
90,50,-0.074128097,EXTERNE
90,51,-0.000755007,EXTERNE
90,52,0.0001973826,EXTERNE
90,53,0.2223139681,EXTERNE
90,54,0.0311957165,EXTERNE
90,55,0.0843402049,EXTERNE
90,56,0.2307528029,EXTERNE
90,57,0.0825708659,EXTERNE
90,58,0.1232564837,EXTERNE
90,59,0.0474032808,EXTERNE
90,60,-0.03637362,EXTERNE
90,61,0.1203302936,EXTERNE
90,62,0.2762597851,EXTERNE
90,63,0.0991936371,EXTERNE
90,64,0.251098977,EXTERNE
90,65,-0.094971272,EXTERNE
90,66,-0.102102646,EXTERNE
90,67,0.1268058631,EXTERNE
90,68,-0.079447482,EXTERNE
90,69,0.0858856909,EXTERNE
90,70,-0.166044559,EXTERNE
90,71,0.1857658311,EXTERNE
90,72,0.1559510915,EXTERNE
90,73,-0.042603803,EXTERNE
90,74,0.1330371076,EXTERNE
90,75,0.0863327554,EXTERNE
90,76,-0.243846048,EXTERNE
90,77,0.2794077641,EXTERNE
90,78,0.0433578317,EXTERNE
90,79,0.0017986491,EXTERNE
90,80,0.242941497,EXTERNE
90,81,-0.056176353,EXTERNE
90,82,-0.310458406,EXTERNE
90,83,0.0799638647,EXTERNE
90,84,0.2092604534,EXTERNE
90,85,-0.023249003,EXTERNE
90,86,-0.00943911,EXTERNE
90,87,-0.017031412,EXTERNE
90,88,-0.003729802,EXTERNE
90,89,0.0733994753,EXTERNE
90,90,0.0098350553,EXTERNE
90,91,0.0042367474,EXTERNE
90,92,0.0374457042,EXTERNE
90,93,0.1438556576,EXTERNE
90,94,0.3624256218,EXTERNE
90,95,-0.280794278,EXTERNE
90,96,0.3164342473,EXTERNE
90,97,0.1752861693,EXTERNE
90,98,-0.00824263,EXTERNE
90,99,0.0791295814,EXTERNE
90,100,-0.00443742,EXTERNE
91,1,-0.358288921,EXTERNE
91,2,-0.037401548,EXTERNE
91,3,0.0693182814,EXTERNE
91,4,0.0118221636,EXTERNE
91,5,0.09240714,EXTERNE
91,6,-0.076794457,EXTERNE
91,7,-0.009973863,EXTERNE
91,8,0.0687087201,EXTERNE
91,9,-0.053261875,EXTERNE
91,10,0.1044990426,EXTERNE
91,11,0.0660757635,EXTERNE
91,12,-0.257320665,EXTERNE
91,13,0.1328870436,EXTERNE
91,14,0.055498895,EXTERNE
91,15,0.0262458279,EXTERNE
91,16,0.2080358048,EXTERNE
91,17,0.0306712632,EXTERNE
91,18,0.0706099328,EXTERNE
91,19,0.0981603629,EXTERNE
91,20,0.0665289952,EXTERNE
91,21,0.1446348776,EXTERNE
91,22,0.015182435,EXTERNE
91,23,0.2215275431,EXTERNE
91,24,0.0999472633,EXTERNE
91,25,-0.095696594,EXTERNE
91,26,0.120464091,EXTERNE
91,27,0.0520459954,EXTERNE
91,28,-0.036749237,EXTERNE
91,29,0.2910830312,EXTERNE
91,30,-0.091363168,EXTERNE
91,31,0.1493133685,EXTERNE
91,32,0.0836511385,EXTERNE
91,33,0.066460604,EXTERNE
91,34,0.1229743437,EXTERNE
91,35,-0.192005833,EXTERNE
91,36,-0.052095027,EXTERNE
91,37,0.1043001849,EXTERNE
91,38,-0.001427108,EXTERNE
91,39,0.3086939921,EXTERNE
91,40,0.2358288218,EXTERNE
91,41,0.2411612488,EXTERNE
91,42,0.0210181236,EXTERNE
91,43,0.1123330613,EXTERNE
91,44,0.2553547367,EXTERNE
91,45,0.1829097809,EXTERNE
91,46,0.1036376937,EXTERNE
91,47,0.2195841691,EXTERNE
91,48,0.0431552233,EXTERNE
91,49,-0.035428903,EXTERNE
91,50,0.2034219164,EXTERNE
91,51,0.1120934144,EXTERNE
91,52,0.1099333788,EXTERNE
91,53,-0.079761655,EXTERNE
91,54,0.11353335,EXTERNE
91,55,0.1265364593,EXTERNE
91,56,0.296109518,EXTERNE
91,57,0.0605686211,EXTERNE
91,58,0.0597480795,EXTERNE
91,59,0.0320866259,EXTERNE
91,60,0.3129320842,EXTERNE
91,61,0.225179219,EXTERNE
91,62,0.1346623554,EXTERNE
91,63,-0.207005012,EXTERNE
91,64,-0.125989684,EXTERNE
91,65,0.1539751909,EXTERNE
91,66,-0.139361916,EXTERNE
91,67,-0.080258197,EXTERNE
91,68,0.0382351242,EXTERNE
91,69,0.1515275201,EXTERNE
91,70,0.1012288255,EXTERNE
91,71,-0.326261548,EXTERNE
91,72,0.3289094723,EXTERNE
91,73,0.1056215777,EXTERNE
91,74,0.1305418957,EXTERNE
91,75,-0.092648515,EXTERNE
91,76,0.0513083127,EXTERNE
91,77,0.010430081,EXTERNE
91,78,0.1502337345,EXTERNE
91,79,-0.291298815,EXTERNE
91,80,-0.273820896,EXTERNE
91,81,0.3203104234,EXTERNE
91,82,0.1453460789,EXTERNE
91,83,0.1410901897,EXTERNE
91,84,0.0398132469,EXTERNE
91,85,0.2755266588,EXTERNE
91,86,0.029960853,EXTERNE
91,87,-0.012422282,EXTERNE
91,88,-0.071075506,EXTERNE
91,89,0.0842541663,EXTERNE
91,90,0.0677935249,EXTERNE
91,91,-0.247394592,EXTERNE
91,92,0.0868856057,EXTERNE
91,93,-0.022165539,EXTERNE
91,94,0.3117606719,EXTERNE
91,95,0.4245411104,EXTERNE
91,96,0.2440225992,EXTERNE
91,97,0.015773723,EXTERNE
91,98,-0.130028868,EXTERNE
91,99,0.1223203291,EXTERNE
91,100,0.0960921395,EXTERNE
92,1,0.2671653538,EXTERNE
92,2,0.0143263739,EXTERNE
92,3,0.1982423797,EXTERNE
92,4,-0.078923872,EXTERNE
92,5,0.0557556705,EXTERNE
92,6,0.2441769374,EXTERNE
92,7,0.0820806998,EXTERNE
92,8,0.023892158,EXTERNE
92,9,-0.293856481,EXTERNE
92,10,0.1733235463,EXTERNE
92,11,-0.014207105,EXTERNE
92,12,0.0519433549,EXTERNE
92,13,0.0554528627,EXTERNE
92,14,0.1895536777,EXTERNE
92,15,-0.02201789,EXTERNE
92,16,0.1479194563,EXTERNE
92,17,-0.140088826,EXTERNE
92,18,0.0400402778,EXTERNE
92,19,-0.198868482,EXTERNE
92,20,0.0929403285,EXTERNE
92,21,0.0102437037,EXTERNE
92,22,0.0080397948,EXTERNE
92,23,-0.034539047,EXTERNE
92,24,0.0015077494,EXTERNE
92,25,0.2220980575,EXTERNE
92,26,-0.123337184,EXTERNE
92,27,0.2155966397,EXTERNE
92,28,-0.136029776,EXTERNE
92,29,-0.140370075,EXTERNE
92,30,0.264948386,EXTERNE
92,31,0.1928413267,EXTERNE
92,32,0.038739169,EXTERNE
92,33,0.1270630579,EXTERNE
92,34,-0.075810579,EXTERNE
92,35,0.1433086914,EXTERNE
92,36,0.014231917,EXTERNE
92,37,-0.165637291,EXTERNE
92,38,0.0587326056,EXTERNE
92,39,-0.279473966,EXTERNE
92,40,0.2226559952,EXTERNE
92,41,-0.006388291,EXTERNE
92,42,0.1960459165,EXTERNE
92,43,-0.024030501,EXTERNE
92,44,-0.061994933,EXTERNE
92,45,-0.129545121,EXTERNE
92,46,-0.011255137,EXTERNE
92,47,-0.159675333,EXTERNE
92,48,0.0949002396,EXTERNE
92,49,0.1227735724,EXTERNE
92,50,-0.037011324,EXTERNE
92,51,0.0376315352,EXTERNE
92,52,0.1762797398,EXTERNE
92,53,0.1263027849,EXTERNE
92,54,-0.145004222,EXTERNE
92,55,-0.227290946,EXTERNE
92,56,0.0310757625,EXTERNE
92,57,-0.065897247,EXTERNE
92,58,0.2779800816,EXTERNE
92,59,0.0166756689,EXTERNE
92,60,0.052254129,EXTERNE
92,61,-0.013320956,EXTERNE
92,62,0.1771893731,EXTERNE
92,63,0.1374495101,EXTERNE
92,64,0.116281698,EXTERNE
92,65,-0.213754909,EXTERNE
92,66,0.1634658307,EXTERNE
92,67,0.1835296863,EXTERNE
92,68,0.2417078949,EXTERNE
92,69,-0.306089153,EXTERNE
92,70,0.0308552461,EXTERNE
92,71,0.0298599509,EXTERNE
92,72,0.0718020454,EXTERNE
92,73,0.0360551466,EXTERNE
92,74,-0.106036115,EXTERNE
92,75,0.1554885859,EXTERNE
92,76,0.2145949434,EXTERNE
92,77,0.2435845227,EXTERNE
92,78,-0.058310569,EXTERNE
92,79,0.2811526249,EXTERNE
92,80,0.0790462171,EXTERNE
92,81,0.4024720353,EXTERNE
92,82,-0.214299923,EXTERNE
92,83,0.3661376748,EXTERNE
92,84,0.1242825484,EXTERNE
92,85,-0.08813987,EXTERNE
92,86,0.0135521895,EXTERNE
92,87,0.030002863,EXTERNE
92,88,0.0477739171,EXTERNE
92,89,0.20737023,EXTERNE
92,90,0.0995448398,EXTERNE
92,91,0.0841860636,EXTERNE
92,92,0.2732074807,EXTERNE
92,93,-0.033990855,EXTERNE
92,94,0.1300495322,EXTERNE
92,95,0.1114631733,EXTERNE
92,96,0.074205763,EXTERNE
92,97,-0.05154768,EXTERNE
92,98,0.1153473435,EXTERNE
92,99,0.1081855608,EXTERNE
92,100,-0.142330465,EXTERNE
93,1,-0.226202778,EXTERNE
93,2,0.2260977374,EXTERNE
93,3,-0.177997309,EXTERNE
93,4,0.087697844,EXTERNE
93,5,-0.061762897,EXTERNE
93,6,0.0381016137,EXTERNE
93,7,0.0587204035,EXTERNE
93,8,0.1390205999,EXTERNE
93,9,0.1836187421,EXTERNE
93,10,0.1625282461,EXTERNE
93,11,0.0257037944,EXTERNE
93,12,0.0557035405,EXTERNE
93,13,0.2703918359,EXTERNE
93,14,0.0557763891,EXTERNE
93,15,0.0735186751,EXTERNE
93,16,0.0439406659,EXTERNE
93,17,-0.245552794,EXTERNE
93,18,-0.136339249,EXTERNE
93,19,0.2170241215,EXTERNE
93,20,0.0311753938,EXTERNE
93,21,0.0576397268,EXTERNE
93,22,0.0977528926,EXTERNE
93,23,-0.284807788,EXTERNE
93,24,0.0137437251,EXTERNE
93,25,0.1116654183,EXTERNE
93,26,-0.054423601,EXTERNE
93,27,0.1234871427,EXTERNE
93,28,-0.066119661,EXTERNE
93,29,0.1123226348,EXTERNE
93,30,0.2226405739,EXTERNE
93,31,0.1502838295,EXTERNE
93,32,-0.10542882,EXTERNE
93,33,0.2646723937,EXTERNE
93,34,0.0413825484,EXTERNE
93,35,0.2273846485,EXTERNE
93,36,0.1508785479,EXTERNE
93,37,0.1747614284,EXTERNE
93,38,0.0276224207,EXTERNE
93,39,-0.012082144,EXTERNE
93,40,-0.139548439,EXTERNE
93,41,0.032815658,EXTERNE
93,42,0.2841609567,EXTERNE
93,43,0.1339402437,EXTERNE
93,44,0.1539347805,EXTERNE
93,45,0.0743902597,EXTERNE
93,46,-0.280806938,EXTERNE
93,47,0.1226765231,EXTERNE
93,48,0.0844059849,EXTERNE
93,49,-0.161104018,EXTERNE
93,50,0.2857749137,EXTERNE
93,51,-0.106596721,EXTERNE
93,52,-0.019425262,EXTERNE
93,53,0.0670533023,EXTERNE
93,54,-0.019325777,EXTERNE
93,55,0.0472000969,EXTERNE
93,56,-0.163745792,EXTERNE
93,57,0.2735864627,EXTERNE
93,58,-0.104847515,EXTERNE
93,59,-0.094886087,EXTERNE
93,60,-0.015700071,EXTERNE
93,61,0.2474026286,EXTERNE
93,62,0.1240231089,EXTERNE
93,63,-0.088743667,EXTERNE
93,64,0.0923571159,EXTERNE
93,65,-0.03127802,EXTERNE
93,66,0.1805942098,EXTERNE
93,67,-0.019122787,EXTERNE
93,68,0.1869006293,EXTERNE
93,69,0.0059229827,EXTERNE
93,70,-0.069503502,EXTERNE
93,71,0.2782223038,EXTERNE
93,72,0.0652567403,EXTERNE
93,73,0.2794546378,EXTERNE
93,74,0.1458293989,EXTERNE
93,75,0.3057584174,EXTERNE
93,76,0.1957761781,EXTERNE
93,77,0.0547342419,EXTERNE
93,78,0.1254144433,EXTERNE
93,79,0.1510398402,EXTERNE
93,80,-0.014775393,EXTERNE
93,81,0.1336366854,EXTERNE
93,82,0.2737357709,EXTERNE
93,83,0.1163898203,EXTERNE
93,84,0.016983259,EXTERNE
93,85,-0.008198902,EXTERNE
93,86,0.3416260187,EXTERNE
93,87,0.1545209399,EXTERNE
93,88,-0.002698511,EXTERNE
93,89,0.1840923885,EXTERNE
93,90,0.069583203,EXTERNE
93,91,0.0150567305,EXTERNE
93,92,0.2302953231,EXTERNE
93,93,0.0858884068,EXTERNE
93,94,0.187685093,EXTERNE
93,95,-0.001450063,EXTERNE
93,96,0.1361792728,EXTERNE
93,97,0.4518368545,EXTERNE
93,98,-0.080426026,EXTERNE
93,99,-0.049104844,EXTERNE
93,100,0.1433747807,EXTERNE
94,1,-0.23966525,EXTERNE
94,2,0.1302312747,EXTERNE
94,3,0.3252074699,EXTERNE
94,4,0.146691579,EXTERNE
94,5,-0.067908594,EXTERNE
94,6,-0.095363903,EXTERNE
94,7,0.050265667,EXTERNE
94,8,-0.286878506,EXTERNE
94,9,-0.143140714,EXTERNE
94,10,0.1417132123,EXTERNE
94,11,-0.019105839,EXTERNE
94,12,0.2713721081,EXTERNE
94,13,0.1421049476,EXTERNE
94,14,-0.19740678,EXTERNE
94,15,-0.118380358,EXTERNE
94,16,0.1637429644,EXTERNE
94,17,-0.222542578,EXTERNE
94,18,-0.114326992,EXTERNE
94,19,0.1040118462,EXTERNE
94,20,0.0275217257,EXTERNE
94,21,0.0429559628,EXTERNE
94,22,-0.103486622,EXTERNE
94,23,-0.129177435,EXTERNE
94,24,-0.061948209,EXTERNE
94,25,-0.164300019,EXTERNE
94,26,0.0953877362,EXTERNE
94,27,-0.126054687,EXTERNE
94,28,-0.000571998,EXTERNE
94,29,0.039622119,EXTERNE
94,30,0.1122294129,EXTERNE
94,31,0.0886095261,EXTERNE
94,32,-0.380591757,EXTERNE
94,33,0.2233956519,EXTERNE
94,34,0.0061279118,EXTERNE
94,35,0.1610693557,EXTERNE
94,36,0.3602670379,EXTERNE
94,37,0.1174045485,EXTERNE
94,38,0.2249414365,EXTERNE
94,39,0.2943274199,EXTERNE
94,40,0.322077106,EXTERNE
94,41,-0.104937898,EXTERNE
94,42,0.1608239373,EXTERNE
94,43,-0.078225437,EXTERNE
94,44,-0.160781697,EXTERNE
94,45,0.2445671372,EXTERNE
94,46,0.1246706784,EXTERNE
94,47,-0.043394476,EXTERNE
94,48,0.0150870043,EXTERNE
94,49,-0.021708876,EXTERNE
94,50,-0.268752257,EXTERNE
94,51,-0.224045832,EXTERNE
94,52,0.1136430661,EXTERNE
94,53,0.1453741095,EXTERNE
94,54,-0.033926079,EXTERNE
94,55,-0.043761355,EXTERNE
94,56,-0.056836336,EXTERNE
94,57,0.2036968272,EXTERNE
94,58,0.2328037421,EXTERNE
94,59,0.0115789016,EXTERNE
94,60,-0.247359182,EXTERNE
94,61,0.0578697547,EXTERNE
94,62,0.1005846078,EXTERNE
94,63,0.1013926104,EXTERNE
94,64,0.1892633868,EXTERNE
94,65,-0.190931516,EXTERNE
94,66,-0.092986408,EXTERNE
94,67,-0.1283453,EXTERNE
94,68,0.1813194328,EXTERNE
94,69,-0.035625087,EXTERNE
94,70,-0.01796955,EXTERNE
94,71,0.0380269008,EXTERNE
94,72,0.2454351037,EXTERNE
94,73,-0.253850685,EXTERNE
94,74,0.0345510403,EXTERNE
94,75,0.0932737941,EXTERNE
94,76,0.1020689006,EXTERNE
94,77,0.0526501789,EXTERNE
94,78,-0.090925072,EXTERNE
94,79,-0.093157516,EXTERNE
94,80,0.117426619,EXTERNE
94,81,0.0622161557,EXTERNE
94,82,0.1936279695,EXTERNE
94,83,-0.014207664,EXTERNE
94,84,0.0165850228,EXTERNE
94,85,0.1093994791,EXTERNE
94,86,-0.083133125,EXTERNE
94,87,0.0282538636,EXTERNE
94,88,-0.021593234,EXTERNE
94,89,-0.217476008,EXTERNE
94,90,-0.093420305,EXTERNE
94,91,0.2638929701,EXTERNE
94,92,0.0255641199,EXTERNE
94,93,0.0736572466,EXTERNE
94,94,0.1620785385,EXTERNE
94,95,0.0055933568,EXTERNE
94,96,-0.168378713,EXTERNE
94,97,-0.207689449,EXTERNE
94,98,0.21095881,EXTERNE
94,99,0.2426043775,EXTERNE
94,100,-0.006683126,EXTERNE
95,1,0.3712942048,EXTERNE
95,2,-0.020174034,EXTERNE
95,3,0.0455303337,EXTERNE
95,4,-0.195543768,EXTERNE
95,5,-0.081000858,EXTERNE
95,6,0.3977296086,EXTERNE
95,7,0.0027165813,EXTERNE
95,8,-0.020441381,EXTERNE
95,9,0.1073399009,EXTERNE
95,10,0.0646411138,EXTERNE
95,11,0.0956281661,EXTERNE
95,12,0.0255116705,EXTERNE
95,13,0.2103031301,EXTERNE
95,14,-0.221255302,EXTERNE
95,15,0.0668126492,EXTERNE
95,16,-0.002709794,EXTERNE
95,17,0.0625690782,EXTERNE
95,18,-0.283810801,EXTERNE
95,19,0.1186284496,EXTERNE
95,20,0.122137178,EXTERNE
95,21,0.1363601682,EXTERNE
95,22,-0.023258022,EXTERNE
95,23,-0.062824424,EXTERNE
95,24,-0.031732622,EXTERNE
95,25,-0.042361543,EXTERNE
95,26,-0.0655722,EXTERNE
95,27,-0.076063934,EXTERNE
95,28,0.0714536645,EXTERNE
95,29,-0.062053423,EXTERNE
95,30,0.0842377943,EXTERNE
95,31,-0.11484246,EXTERNE
95,32,0.2008644226,EXTERNE
95,33,-0.142584166,EXTERNE
95,34,0.0157474327,EXTERNE
95,35,0.2173064604,EXTERNE
95,36,0.121625573,EXTERNE
95,37,0.0569115159,EXTERNE
95,38,-0.177964358,EXTERNE
95,39,-0.077080573,EXTERNE
95,40,0.0125634213,EXTERNE
95,41,0.1806114332,EXTERNE
95,42,0.0340166573,EXTERNE
95,43,0.0810010725,EXTERNE
95,44,0.2039711257,EXTERNE
95,45,-0.03542618,EXTERNE
95,46,0.1843871123,EXTERNE
95,47,0.0689878506,EXTERNE
95,48,0.0392282792,EXTERNE
95,49,-0.111362726,EXTERNE
95,50,0.0036494973,EXTERNE
95,51,0.0947361039,EXTERNE
95,52,0.051244457,EXTERNE
95,53,0.2509026698,EXTERNE
95,54,0.163204881,EXTERNE
95,55,0.0099935834,EXTERNE
95,56,0.1405505572,EXTERNE
95,57,0.0806664915,EXTERNE
95,58,0.0225341013,EXTERNE
95,59,-0.146937282,EXTERNE
95,60,0.1529343574,EXTERNE
95,61,0.132641463,EXTERNE
95,62,0.1345255771,EXTERNE
95,63,0.1407282073,EXTERNE
95,64,-0.102862909,EXTERNE
95,65,0.1448454573,EXTERNE
95,66,0.0875715576,EXTERNE
95,67,0.1510630432,EXTERNE
95,68,0.2393661604,EXTERNE
95,69,-0.265278194,EXTERNE
95,70,0.0421038278,EXTERNE
95,71,0.0169204607,EXTERNE
95,72,0.1579320567,EXTERNE
95,73,-0.113570768,EXTERNE
95,74,-0.203740131,EXTERNE
95,75,0.0627029887,EXTERNE
95,76,0.1507711732,EXTERNE
95,77,0.0020698575,EXTERNE
95,78,0.0319718534,EXTERNE
95,79,0.0783511357,EXTERNE
95,80,0.1731188038,EXTERNE
95,81,0.100710235,EXTERNE
95,82,-0.198135538,EXTERNE
95,83,0.1704095105,EXTERNE
95,84,0.1453938311,EXTERNE
95,85,0.037669617,EXTERNE
95,86,0.04939013,EXTERNE
95,87,-0.011610375,EXTERNE
95,88,-0.165426835,EXTERNE
95,89,0.1393421332,EXTERNE
95,90,0.0792685034,EXTERNE
95,91,-0.077655056,EXTERNE
95,92,0.0788443109,EXTERNE
95,93,-0.075262742,EXTERNE
95,94,0.0155930436,EXTERNE
95,95,-0.231410343,EXTERNE
95,96,0.0415807085,EXTERNE
95,97,0.0490478221,EXTERNE
95,98,-0.213174381,EXTERNE
95,99,-0.317400588,EXTERNE
95,100,0.1315427378,EXTERNE
96,1,-0.077426577,EXTERNE
96,2,0.1705683486,EXTERNE
96,3,-0.010442268,EXTERNE
96,4,0.1208287368,EXTERNE
96,5,-0.0458444,EXTERNE
96,6,-0.120461577,EXTERNE
96,7,0.2004190265,EXTERNE
96,8,-0.061779634,EXTERNE
96,9,0.2233624062,EXTERNE
96,10,0.1729949939,EXTERNE
96,11,0.2135088601,EXTERNE
96,12,0.1818274274,EXTERNE
96,13,0.3698189461,EXTERNE
96,14,0.2287913809,EXTERNE
96,15,0.2342380808,EXTERNE
96,16,-0.011925625,EXTERNE
96,17,0.0397347498,EXTERNE
96,18,0.0557527006,EXTERNE
96,19,0.0953920363,EXTERNE
96,20,0.1358199941,EXTERNE
96,21,0.4774803781,EXTERNE
96,22,-0.062922953,EXTERNE
96,23,0.1510336977,EXTERNE
96,24,-0.103201146,EXTERNE
96,25,0.1551635415,EXTERNE
96,26,-0.102406938,EXTERNE
96,27,0.0826751688,EXTERNE
96,28,0.2532528641,EXTERNE
96,29,0.1573942631,EXTERNE
96,30,0.1120975509,EXTERNE
96,31,0.2154438816,EXTERNE
96,32,-0.057997221,EXTERNE
96,33,-0.184511295,EXTERNE
96,34,-0.204927499,EXTERNE
96,35,0.0603889402,EXTERNE
96,36,-0.112483491,EXTERNE
96,37,-0.128516115,EXTERNE
96,38,0.0312603698,EXTERNE
96,39,-0.274236202,EXTERNE
96,40,-0.106675111,EXTERNE
96,41,-0.045213492,EXTERNE
96,42,-0.059769661,EXTERNE
96,43,-0.010474688,EXTERNE
96,44,-0.371126422,EXTERNE
96,45,0.2487623417,EXTERNE
96,46,0.0133091783,EXTERNE
96,47,0.1377072249,EXTERNE
96,48,0.429386149,EXTERNE
96,49,0.093748252,EXTERNE
96,50,-0.045219018,EXTERNE
96,51,0.3446146397,EXTERNE
96,52,0.2331249902,EXTERNE
96,53,-0.073928725,EXTERNE
96,54,-0.116391874,EXTERNE
96,55,0.0661216777,EXTERNE
96,56,-0.032141504,EXTERNE
96,57,0.0673393614,EXTERNE
96,58,0.2098025453,EXTERNE
96,59,-0.052228326,EXTERNE
96,60,-0.193608521,EXTERNE
96,61,0.0543006064,EXTERNE
96,62,-0.123236789,EXTERNE
96,63,0.042010053,EXTERNE
96,64,0.2408747844,EXTERNE
96,65,0.2066709819,EXTERNE
96,66,0.0497161818,EXTERNE
96,67,-0.041322014,EXTERNE
96,68,0.0128557,EXTERNE
96,69,0.041815618,EXTERNE
96,70,0.3300681002,EXTERNE
96,71,-0.114574335,EXTERNE
96,72,-0.042252266,EXTERNE
96,73,0.0587144588,EXTERNE
96,74,-0.071485537,EXTERNE
96,75,-0.030558144,EXTERNE
96,76,-0.280548088,EXTERNE
96,77,0.0226728626,EXTERNE
96,78,0.2999630543,EXTERNE
96,79,0.1301969345,EXTERNE
96,80,-0.101192173,EXTERNE
96,81,0.1464269805,EXTERNE
96,82,0.3164563489,EXTERNE
96,83,0.0965702075,EXTERNE
96,84,0.0514445483,EXTERNE
96,85,0.1545721541,EXTERNE
96,86,0.2157863081,EXTERNE
96,87,-0.022493545,EXTERNE
96,88,-0.096458783,EXTERNE
96,89,-0.054545718,EXTERNE
96,90,-0.105556872,EXTERNE
96,91,0.1359685303,EXTERNE
96,92,0.2084583201,EXTERNE
96,93,0.0993304537,EXTERNE
96,94,-0.015890405,EXTERNE
96,95,0.0992957729,EXTERNE
96,96,0.0505467521,EXTERNE
96,97,-0.095606958,EXTERNE
96,98,0.1163337854,EXTERNE
96,99,0.0872263784,EXTERNE
96,100,0.0530269534,EXTERNE
97,1,0.1080525852,EXTERNE
97,2,0.0050250691,EXTERNE
97,3,-0.205738112,EXTERNE
97,4,-0.300209977,EXTERNE
97,5,0.2526898801,EXTERNE
97,6,0.1603995553,EXTERNE
97,7,-0.08400785,EXTERNE
97,8,0.0050385428,EXTERNE
97,9,-0.152097249,EXTERNE
97,10,-0.205745734,EXTERNE
97,11,0.0956559592,EXTERNE
97,12,0.164531478,EXTERNE
97,13,0.455341279,EXTERNE
97,14,0.0257459864,EXTERNE
97,15,-0.058829907,EXTERNE
97,16,-0.08057814,EXTERNE
97,17,-0.081726385,EXTERNE
97,18,0.0720376552,EXTERNE
97,19,0.0468367052,EXTERNE
97,20,-0.157094622,EXTERNE
97,21,0.046653518,EXTERNE
97,22,-0.159783375,EXTERNE
97,23,0.0201019167,EXTERNE
97,24,0.1451226387,EXTERNE
97,25,0.2437661554,EXTERNE
97,26,0.19631266,EXTERNE
97,27,-0.132942773,EXTERNE
97,28,0.076549109,EXTERNE
97,29,0.0220993213,EXTERNE
97,30,0.0592788838,EXTERNE
97,31,-0.023919903,EXTERNE
97,32,0.2683419602,EXTERNE
97,33,-0.100393262,EXTERNE
97,34,-0.053021763,EXTERNE
97,35,0.1400539746,EXTERNE
97,36,0.1539161203,EXTERNE
97,37,0.0380863703,EXTERNE
97,38,-0.045545906,EXTERNE
97,39,-0.221764984,EXTERNE
97,40,0.0383888531,EXTERNE
97,41,-0.059381163,EXTERNE
97,42,0.1385396438,EXTERNE
97,43,0.1040008055,EXTERNE
97,44,-0.033621321,EXTERNE
97,45,-0.158746846,EXTERNE
97,46,-0.025613854,EXTERNE
97,47,0.3000293592,EXTERNE
97,48,0.3360664489,EXTERNE
97,49,0.0606044538,EXTERNE
97,50,0.1746663382,EXTERNE
97,51,-0.064507249,EXTERNE
97,52,-0.008510788,EXTERNE
97,53,0.0162001316,EXTERNE
97,54,0.3756856998,EXTERNE
97,55,0.1151948014,EXTERNE
97,56,0.2895432337,EXTERNE
97,57,-0.14673365,EXTERNE
97,58,0.1501747881,EXTERNE
97,59,0.0385078018,EXTERNE
97,60,-0.106727544,EXTERNE
97,61,0.095599469,EXTERNE
97,62,0.0927717849,EXTERNE
97,63,0.0407352784,EXTERNE
97,64,0.0261617987,EXTERNE
97,65,0.0435000139,EXTERNE
97,66,0.2569315719,EXTERNE
97,67,0.0188781899,EXTERNE
97,68,-0.132498632,EXTERNE
97,69,0.1358117458,EXTERNE
97,70,0.2318794626,EXTERNE
97,71,0.1936145289,EXTERNE
97,72,-0.008034472,EXTERNE
97,73,0.0551234639,EXTERNE
97,74,-0.098391677,EXTERNE
97,75,0.2286223203,EXTERNE
97,76,-0.026137811,EXTERNE
97,77,-0.035865924,EXTERNE
97,78,0.0964654388,EXTERNE
97,79,0.0534069127,EXTERNE
97,80,0.2052070474,EXTERNE
97,81,-0.206928193,EXTERNE
97,82,0.0381296787,EXTERNE
97,83,0.1590889114,EXTERNE
97,84,0.1118300885,EXTERNE
97,85,0.0382617066,EXTERNE
97,86,-0.133642818,EXTERNE
97,87,0.1684363585,EXTERNE
97,88,-0.066372894,EXTERNE
97,89,0.0106173678,EXTERNE
97,90,0.0792292005,EXTERNE
97,91,0.01060851,EXTERNE
97,92,0.2346263924,EXTERNE
97,93,0.0160404849,EXTERNE
97,94,0.1109691716,EXTERNE
97,95,0.0538900813,EXTERNE
97,96,-0.0922131,EXTERNE
97,97,0.2620372723,EXTERNE
97,98,0.1987267386,EXTERNE
97,99,0.3070063651,EXTERNE
97,100,0.1122184226,EXTERNE
98,1,0.1822036573,EXTERNE
98,2,0.1926991262,EXTERNE
98,3,-0.137647207,EXTERNE
98,4,-0.042210748,EXTERNE
98,5,0.06473242,EXTERNE
98,6,-0.094919551,EXTERNE
98,7,0.0224510588,EXTERNE
98,8,0.0171917302,EXTERNE
98,9,0.1992721409,EXTERNE
98,10,0.1001060606,EXTERNE
98,11,0.1038761888,EXTERNE
98,12,-0.014562751,EXTERNE
98,13,0.1225393662,EXTERNE
98,14,-0.083486569,EXTERNE
98,15,0.0107902001,EXTERNE
98,16,0.0542818667,EXTERNE
98,17,0.1729290927,EXTERNE
98,18,0.1363652681,EXTERNE
98,19,0.2021627218,EXTERNE
98,20,-0.206803262,EXTERNE
98,21,0.1068019285,EXTERNE
98,22,-0.216976238,EXTERNE
98,23,0.0160807031,EXTERNE
98,24,-0.08138207,EXTERNE
98,25,0.0058533322,EXTERNE
98,26,0.1788358634,EXTERNE
98,27,0.0616887628,EXTERNE
98,28,0.1526228003,EXTERNE
98,29,-0.078327449,EXTERNE
98,30,0.1829141955,EXTERNE
98,31,-0.176932576,EXTERNE
98,32,0.1174845554,EXTERNE
98,33,-0.094106197,EXTERNE
98,34,-0.028317778,EXTERNE
98,35,0.2061916161,EXTERNE
98,36,-0.065721132,EXTERNE
98,37,0.066693764,EXTERNE
98,38,-0.104074776,EXTERNE
98,39,0.2011915414,EXTERNE
98,40,0.2204204341,EXTERNE
98,41,0.141066728,EXTERNE
98,42,-0.100381816,EXTERNE
98,43,0.0647557662,EXTERNE
98,44,0.3034295344,EXTERNE
98,45,-0.079642644,EXTERNE
98,46,0.1529252805,EXTERNE
98,47,0.0533123621,EXTERNE
98,48,0.1856967,EXTERNE
98,49,-0.05939081,EXTERNE
98,50,0.1677687065,EXTERNE
98,51,-0.057418746,EXTERNE
98,52,0.1255283218,EXTERNE
98,53,0.1707053026,EXTERNE
98,54,0.2530671981,EXTERNE
98,55,-0.003632149,EXTERNE
98,56,0.0717652193,EXTERNE
98,57,-0.058776857,EXTERNE
98,58,0.058583347,EXTERNE
98,59,0.1272113893,EXTERNE
98,60,0.1862207981,EXTERNE
98,61,-0.144999661,EXTERNE
98,62,0.0654563203,EXTERNE
98,63,0.2572624882,EXTERNE
98,64,-0.136537005,EXTERNE
98,65,0.274677774,EXTERNE
98,66,0.1318862286,EXTERNE
98,67,0.1515356481,EXTERNE
98,68,0.1443123414,EXTERNE
98,69,0.2041512997,EXTERNE
98,70,0.3197819814,EXTERNE
98,71,0.0969479782,EXTERNE
98,72,0.1592124432,EXTERNE
98,73,0.2648790867,EXTERNE
98,74,0.3041813714,EXTERNE
98,75,-0.057655254,EXTERNE
98,76,-0.296605968,EXTERNE
98,77,0.0173563894,EXTERNE
98,78,0.0704896343,EXTERNE
98,79,0.121903186,EXTERNE
98,80,-0.134551658,EXTERNE
98,81,0.0055493354,EXTERNE
98,82,0.2285777295,EXTERNE
98,83,0.3158307809,EXTERNE
98,84,-0.244910542,EXTERNE
98,85,0.1763351018,EXTERNE
98,86,-0.014736107,EXTERNE
98,87,-0.017848938,EXTERNE
98,88,0.1472426471,EXTERNE
98,89,0.0858200577,EXTERNE
98,90,-0.148966079,EXTERNE
98,91,-0.048626027,EXTERNE
98,92,0.1923000609,EXTERNE
98,93,-0.17432844,EXTERNE
98,94,0.3212941973,EXTERNE
98,95,0.0899843018,EXTERNE
98,96,0.2164643811,EXTERNE
98,97,0.1675967667,EXTERNE
98,98,-0.045344818,EXTERNE
98,99,0.0706998953,EXTERNE
98,100,-0.185987455,EXTERNE
99,1,-0.189658775,EXTERNE
99,2,0.1402964757,EXTERNE
99,3,0.0451255094,EXTERNE
99,4,0.0877770455,EXTERNE
99,5,0.2156536866,EXTERNE
99,6,0.0431593032,EXTERNE
99,7,0.4160515734,EXTERNE
99,8,0.0982801299,EXTERNE
99,9,0.0866282144,EXTERNE
99,10,0.0398556019,EXTERNE
99,11,0.1551989313,EXTERNE
99,12,0.1184971725,EXTERNE
99,13,0.0833395325,EXTERNE
99,14,0.0186706916,EXTERNE
99,15,-0.006865,EXTERNE
99,16,0.2478934137,EXTERNE
99,17,0.1602260424,EXTERNE
99,18,0.1221446444,EXTERNE
99,19,0.0887856192,EXTERNE
99,20,0.1243619098,EXTERNE
99,21,0.1160056382,EXTERNE
99,22,0.0688762256,EXTERNE
99,23,-0.020142802,EXTERNE
99,24,0.0102132144,EXTERNE
99,25,-0.055233336,EXTERNE
99,26,0.3335819731,EXTERNE
99,27,0.1950328578,EXTERNE
99,28,0.1878035445,EXTERNE
99,29,0.0218980157,EXTERNE
99,30,0.0129298195,EXTERNE
99,31,0.2571527479,EXTERNE
99,32,-0.180090654,EXTERNE
99,33,0.07862599,EXTERNE
99,34,0.14303358,EXTERNE
99,35,0.0400093361,EXTERNE
99,36,-0.038391701,EXTERNE
99,37,0.1171878171,EXTERNE
99,38,-0.096918273,EXTERNE
99,39,0.1443729872,EXTERNE
99,40,0.0948819172,EXTERNE
99,41,-0.055317074,EXTERNE
99,42,0.1396243021,EXTERNE
99,43,-0.273616826,EXTERNE
99,44,0.0610694872,EXTERNE
99,45,0.141275225,EXTERNE
99,46,0.0197940596,EXTERNE
99,47,0.1458412909,EXTERNE
99,48,-0.01192783,EXTERNE
99,49,0.3027985192,EXTERNE
99,50,0.2424003788,EXTERNE
99,51,0.0476501492,EXTERNE
99,52,0.0526657659,EXTERNE
99,53,-0.040598199,EXTERNE
99,54,0.14487428,EXTERNE
99,55,-0.195718633,EXTERNE
99,56,-0.087868671,EXTERNE
99,57,-0.019257685,EXTERNE
99,58,-0.111822291,EXTERNE
99,59,0.3827700522,EXTERNE
99,60,0.2902269824,EXTERNE
99,61,0.1829920216,EXTERNE
99,62,0.2845089124,EXTERNE
99,63,-0.011136644,EXTERNE
99,64,0.2221171897,EXTERNE
99,65,-0.133154122,EXTERNE
99,66,-0.051688825,EXTERNE
99,67,0.1484487186,EXTERNE
99,68,-0.151569181,EXTERNE
99,69,-0.232262611,EXTERNE
99,70,0.2091044204,EXTERNE
99,71,-0.146015589,EXTERNE
99,72,-0.078210949,EXTERNE
99,73,0.036598965,EXTERNE
99,74,-0.047729893,EXTERNE
99,75,0.2084338353,EXTERNE
99,76,-0.124854651,EXTERNE
99,77,0.0703747646,EXTERNE
99,78,-0.07360596,EXTERNE
99,79,0.1363778155,EXTERNE
99,80,0.0032307464,EXTERNE
99,81,0.0684334141,EXTERNE
99,82,0.1383297825,EXTERNE
99,83,0.0849661422,EXTERNE
99,84,-0.180705401,EXTERNE
99,85,-0.053124895,EXTERNE
99,86,-0.126882927,EXTERNE
99,87,0.2764401211,EXTERNE
99,88,0.1236642298,EXTERNE
99,89,-0.03134313,EXTERNE
99,90,-0.11039733,EXTERNE
99,91,0.0052661612,EXTERNE
99,92,-0.164484237,EXTERNE
99,93,-0.208239626,EXTERNE
99,94,0.2828753594,EXTERNE
99,95,0.0772239071,EXTERNE
99,96,-0.003664091,EXTERNE
99,97,0.2083612342,EXTERNE
99,98,0.0427288385,EXTERNE
99,99,0.1602463085,EXTERNE
99,100,-0.02385393,EXTERNE
100,1,-0.089543899,EXTERNE
100,2,0.1762113842,EXTERNE
100,3,-0.1396367,EXTERNE
100,4,0.0362502366,EXTERNE
100,5,0.1531891121,EXTERNE
100,6,-0.097205205,EXTERNE
100,7,-0.191220786,EXTERNE
100,8,0.066502484,EXTERNE
100,9,0.2571649628,EXTERNE
100,10,0.2269270417,EXTERNE
100,11,0.1328017479,EXTERNE
100,12,-0.02638461,EXTERNE
100,13,0.2447158545,EXTERNE
100,14,0.1419973362,EXTERNE
100,15,0.0386894605,EXTERNE
100,16,0.0939113678,EXTERNE
100,17,0.3298751343,EXTERNE
100,18,-0.028115117,EXTERNE
100,19,0.1204111099,EXTERNE
100,20,0.2871797413,EXTERNE
100,21,0.0467493692,EXTERNE
100,22,-0.030108474,EXTERNE
100,23,0.0396986594,EXTERNE
100,24,-0.167634826,EXTERNE
100,25,0.3528128066,EXTERNE
100,26,-0.246629153,EXTERNE
100,27,-0.060318511,EXTERNE
100,28,0.0148543987,EXTERNE
100,29,0.1194379631,EXTERNE
100,30,-0.218542083,EXTERNE
100,31,0.0495570094,EXTERNE
100,32,0.0791753732,EXTERNE
100,33,-0.044113736,EXTERNE
100,34,0.0692435733,EXTERNE
100,35,0.0053215737,EXTERNE
100,36,-0.014186369,EXTERNE
100,37,-0.009797161,EXTERNE
100,38,0.0900029384,EXTERNE
100,39,0.0030004419,EXTERNE
100,40,0.0755236548,EXTERNE
100,41,-0.004824489,EXTERNE
100,42,-0.138865662,EXTERNE
100,43,0.0316260835,EXTERNE
100,44,-0.093245777,EXTERNE
100,45,-0.123292991,EXTERNE
100,46,-0.180584758,EXTERNE
100,47,-0.065242044,EXTERNE
100,48,0.2729392136,EXTERNE
100,49,0.0878438152,EXTERNE
100,50,0.1856995855,EXTERNE
100,51,0.0629550109,EXTERNE
100,52,-0.234954044,EXTERNE
100,53,0.0332091436,EXTERNE
100,54,-0.114469794,EXTERNE
100,55,0.2837235298,EXTERNE
100,56,0.0118539414,EXTERNE
100,57,0.1849982133,EXTERNE
100,58,-0.02717578,EXTERNE
100,59,0.2977000842,EXTERNE
100,60,0.1401636847,EXTERNE
100,61,0.0950816952,EXTERNE
100,62,-0.053540219,EXTERNE
100,63,0.2090829837,EXTERNE
100,64,-0.034854764,EXTERNE
100,65,-0.178452442,EXTERNE
100,66,0.1667472556,EXTERNE
100,67,0.2509959445,EXTERNE
100,68,-0.013761032,EXTERNE
100,69,0.0497955752,EXTERNE
100,70,0.1316148793,EXTERNE
100,71,0.1549158545,EXTERNE
100,72,0.2461326198,EXTERNE
100,73,-0.086447249,EXTERNE
100,74,-0.067681104,EXTERNE
100,75,0.1002956705,EXTERNE
100,76,-0.101379318,EXTERNE
100,77,0.0177951251,EXTERNE
100,78,0.0269162124,EXTERNE
100,79,-0.045242577,EXTERNE
100,80,0.0856967325,EXTERNE
100,81,0.1904447388,EXTERNE
100,82,0.260856269,EXTERNE
100,83,0.1311651092,EXTERNE
100,84,-0.176927602,EXTERNE
100,85,0.0434920713,EXTERNE
100,86,0.2466742466,EXTERNE
100,87,-0.068316567,EXTERNE
100,88,0.0078436595,EXTERNE
100,89,0.0755025122,EXTERNE
100,90,0.0235128679,EXTERNE
100,91,-0.012136765,EXTERNE
100,92,0.2113678374,EXTERNE
100,93,0.2260595482,EXTERNE
100,94,0.0312617563,EXTERNE
100,95,0.1201607055,EXTERNE
100,96,0.2292685239,EXTERNE
100,97,0.2743644118,EXTERNE
100,98,0.1138421546,EXTERNE
100,99,0.2682022645,EXTERNE
100,100,0.0977301872,EXTERNE
