AN_EVAL;MOIS_EVAL;PRIMES_GARANTIES;PREST_DECES;PREST_ECH;PREST_MRV;FRAIS_ACQUIS;COMM_VENTE;PRIMES_VARIABLES;FRAIS_FIXES;HON_GEST;COMM_MAINTIEN;VALEUR_MARCHANDE;PASSIF_REDRESSE;COUSSIN_CREDIT;COUSSIN_MARCHE;COUSSIN_DEPENSE;COUSSIN_DECHEANCE;COUSSIN_MORTALITE;COUSSIN_DEPOT
0;12;0.0;0.0;0.0;0.0;0.3912530656467086;-0.939793552309024;3.0337240240774905;-15.118524972833335;-0.4682631524251509;-1.518890250479168;7352.856011752854;-11.751849678092697;-4.908133981830262;-218.2631581055702;-14.237716896283377;-79.32689085309795;-9.237154573693413;0.0
1;7;0.0;-1.8843743108971389e-06;0.0;0.0;0.20259484406590475;-0.979797310511869;3.031525751848369;-34.042097525168025;-0.4678624706407096;-3.032946327900316;7293.352273077309;-14.037690528070298;-5.906903604356577;-245.24059242306353;-16.72580565241797;-91.27591612079172;-10.19675542335012;0.0
1;8;0.0;-5.362342536112195e-06;0.0;0.0;0.20089820401577413;-0.9680425408982957;3.00815682256335;-33.622582424864554;-0.46424692222569447;-3.00945209592916;7236.392441810569;-13.924492790708364;-5.860560346268508;-242.75873480767967;-16.581293183385707;-90.36912743081189;-10.114294094717899;0.0
1;9;0.0;-7.580448302391102e-06;0.0;0.0;0.19569871309625672;-0.9564287904539119;2.984691704198306;-33.208387263216665;-0.4606055900322039;-3.172822594770744;7177.06020190074;-13.802489475925604;-5.812269970375865;-240.19116888498334;-16.425115357231398;-89.43746427234976;-10.025147918101393;0.0
1;10;0.0;-0.009778943335422074;0.0;0.0;0.19391506464451475;-0.9449543671205949;2.9619716828358706;-32.78745529008438;-0.45705587579600226;-3.1480232781262334;7120.701304001883;-13.688466795272081;-5.766383891680741;-237.64983937040728;-16.277844997351487;-88.51497574478347;-9.941960871617109;0.0
1;11;0.0;-0.012566606095835677;0.0;0.0;0.19168705841177863;-0.9336184559216995;2.937151327330045;-32.37196648861258;-0.4531502991912729;-3.1203808660935883;7057.683006544899;-13.556606972954192;-5.715158990928882;-235.13458410998766;-16.1122757072432;-87.60161920380384;-9.845448583842924;0.0
1;12;0.0;-0.015222526108869426;0.0;0.0;0.21563856409871027;-0.9224185293333985;2.9138505170926505;-31.96186144591725;-0.4494977171597775;-3.094721155002917;6997.970563551364;-13.432117331797842;-5.666509514039149;-232.55078555600437;-15.953573176204046;-86.66793252876899;-9.754382477972602;0.0
2;1;0.0;-0.01032651322994129;0.0;0.0;0.21410005856353156;-0.9113541709636698;2.890529129843821;-19.784795669583637;-0.44582894341904117;-3.0688891226060755;6945.588230126647;-13.332752972657513;-5.624020054156771;-230.4399220467352;-15.826481791829124;-85.88458449991354;-9.682321585397187;0.0
2;2;0.0;-0.011230904008224112;0.0;0.0;0.2126121131145857;-0.90042252476727;2.86894200417635;-19.519350882001596;-0.44250298625701473;-3.0461330028441376;6894.12013340577;-13.235452717122762;-5.582240225713168;-228.34683505338631;-15.70178479868217;-85.10771689751951;-9.611786686991596;0.0
2;3;0.0;-0.021593285632366586;0.0;0.0;0.21125147153144405;-0.88962199908439;2.8474443904817868;-19.257653143304488;-0.43920457235537996;-3.0236958397599536;6843.453516239927;-13.1415695214748;-5.541146079374538;-226.27139994659268;-15.582340236572755;-84.33728696851207;-9.543862797102989;0.0
2;4;0.0;-0.024343274029848025;0.0;0.0;0.20971107914190715;-1.523134530044811;2.826227542455447;-18.999647313170495;-0.4359307328831644;-2.9244625029884936;6802.999113299147;-13.057657672405767;-5.508195052242346;-224.45385873784613;-15.475516990733565;-83.6808943134314;-9.482494523345036;0.0
2;5;0.0;-0.013635466370648667;0.0;0.0;0.2078688082970806;-1.5047523644924925;2.8088034745887613;-18.745441923067126;-0.4331964946113284;-2.9054501194925333;6757.850761962584;-12.962203002093357;-5.471509846797934;-222.63806029351844;-15.356723933649768;-83.0238406406242;-9.4125515443084;0.0
2;6;0.0;-0.030940927615614386;0.0;0.0;0.20517307268333115;-1.4865920467139102;2.7910456374829695;-18.49429295881495;-0.430425392190953;-2.8864045005598435;6704.5201425722225;-12.840081931004413;-5.427933230090016;-220.23342198279704;-15.206209381725138;-82.18082205497352;-9.322498667655147;0.0
2;7;0.0;-0.0817364964400834;0.0;0.0;0.20310626361156686;-1.4686508993052003;2.775054896407531;-18.222813503649455;-0.4278546977886425;-2.8681404769669947;6661.636001522418;-12.742859360418976;-5.3926651468401;-217.85460056813943;-15.07920754179369;-81.34609570274836;-9.250897841504514;0.0
2;8;0.0;-0.05977987132300204;0.0;0.0;0.20029495528746125;-1.4509262771778797;2.7550349225779165;-17.955381438121606;-0.4246281141190948;-2.8449200396042613;6607.070252941171;-12.617097462672156;-5.348137203989114;-215.50132193250545;-14.92455392050578;-80.51958437320225;-9.158101093031284;0.0
2;9;0.0;-0.054997869230280216;0.0;0.0;0.057193685354710116;-1.4334155671682132;2.7362404888428378;-17.69193555723713;-0.42160526994386527;-2.4536569543631557;6554.596814488493;-12.495259895002278;-5.305189888246395;-213.05788586070645;-14.772394134033775;-79.6655763062713;-9.06817373510567;0.0
2;10;0.0;-0.08010541105919855;0.0;0.0;0.0564984963541553;-1.4161161876450803;2.719141703803758;-17.44851264917846;-0.4188272778371119;-2.4382109054857186;6507.810181977591;-12.387347431856814;-5.266760663116619;-210.64304902521985;-14.633865722151253;-78.82076118055178;-8.988588392256855;0.0
2;11;0.0;-0.06407598129608615;0.0;0.0;0.055687325905752864;-1.399012062475788;2.699815562020784;-17.208461938323097;-0.4156869011956014;-2.420790375523441;6454.568524674205;-12.263842193638897;-5.22320514302982;-208.25560448386958;-14.48044074366923;-77.98465295387646;-8.897434005756836;0.0
2;12;0.0;-0.06958698878440331;0.0;0.0;0.05474933759231128;-1.3821145242341495;2.680627387641166;-16.971692667489748;-0.41258888657859855;-2.4035149463157905;6402.355888328291;-12.14456791525932;-5.180580785303073;-205.88977280592923;-14.333062293958204;-77.15477309738016;-8.809490964716058;0.0
3;1;0.0;-0.04717090499265927;0.0;0.0;0.0543190807555004;-1.365430409540815;2.6631652655473976;-17.6930207590582;-0.40979604374559253;-2.387813925894986;6362.000652856619;-12.061644696967576;-5.147663292066306;-203.95692513156612;-14.228137250491432;-76.46200287146539;-8.748907220268107;0.0
3;2;0.0;-0.057074279092080536;0.0;0.0;0.05386672981743199;-1.3489476961584277;2.6457630457885033;-17.4458867181145;-0.40708831294889514;-2.372229191853955;6318.740469037008;-11.973696156953048;-5.112502569609482;-202.04057785033808;-14.1204826008171;-75.77464718931618;-8.68469742700021;0.0
3;3;0.0;-0.06488851767505031;0.0;0.0;0.05343773946108731;-1.3326639528814583;2.630852081085047;-17.20228285732844;-0.40474368964008506;-2.358830492811403;6280.8865839916125;-11.893950939395456;-5.08148168782883;-200.1406703416091;-14.015971872656767;-75.09269887737901;-8.626324321505829;0.0
3;4;0.0;-0.06459686631618121;0.0;0.0;0.05295912307064755;-0.2892090046232234;2.614237612633736;-16.962254005388086;-0.40213692015582475;-1.6115560903104689;6222.565557070031;-11.784614661045952;-5.034164970396088;-197.89702857628777;-13.877008620380451;-74.2548877037438;-8.547133717413558;0.0
3;5;0.0;-0.06979037554894679;0.0;0.0;0.05243912542890859;-0.28535524515476446;2.5885742784589674;-16.72323805038952;-0.39817755848869274;-1.5957290876597472;6158.767536861553;-11.665663126338593;-4.982525269608006;-195.62898022498644;-13.729659852837692;-73.40423685046088;-8.461010469766947;0.0
3;6;0.0;-0.07634320630902819;0.0;0.0;0.05185784103724576;-0.281552837278974;2.561835046929104;-16.485717614187898;-0.3940436321188895;-1.5791954395861496;6094.076565719923;-11.54160524531036;-4.930108867321206;-193.3432446959198;-13.575273536240807;-72.54946987138334;-8.370942447155096;0.0
3;7;0.0;-0.08330717064708494;0.0;0.0;0.051376550702522554;-0.2778010966294444;2.5370057892367166;-16.25014669780908;-0.3902150452947705;-1.5639296429482803;6035.212065009431;-11.431421072000905;-4.882359801508775;-191.08380050805675;-13.434669859978257;-71.70447651193973;-8.29114973576486;0.0
3;8;0.0;-0.0961322871834311;0.0;0.0;0.05094422733650966;-0.2740993479808663;2.5127341545863517;-16.01805212818182;-0.3864861838101864;-1.54909516109771;5978.29796333;-11.326911809242652;-4.836205850077576;-188.85027150442838;-13.301250421388424;-70.86911554135641;-8.215614456746291;0.0
3;9;0.0;-0.09518465689886631;0.0;0.0;0.0;-0.27044692528943787;2.4862443109067556;-15.789237577598117;-0.3823827090710142;-2.0708410680512763;5907.530906878249;-9.007707186693402;-4.239611732944103;-172.83895955440954;-10.80934665193933;-60.80523418539494;-6.755884821587333;0.0
3;10;0.0;-0.09729832892323396;0.0;0.0;0.0;-0.2668431713474048;2.4595352476039825;-15.547161910631361;-0.3782205634597952;-2.046460235450622;5841.411622969363;-8.903848548425367;-4.191985261349876;-170.6250162614802;-10.674235844614447;-60.00227470831831;-6.676477826611832;0.0
3;11;0.0;-0.08701542186041707;0.0;0.0;0.0;-0.2632876351758142;2.431380142839158;-15.309048019711753;-0.3738200742684287;-2.020110587780787;5770.947375451209;-8.792060713866144;-4.143327087057416;-168.27420292376388;-10.532133402675793;-59.20526653105293;-6.59137284193122;0.0
3;12;0.0;-0.09349980809678257;0.0;0.0;0.0;-0.25977947409912394;2.405961666961966;-15.074630753446558;-0.3698504223396134;-1.996668705329255;5708.997864343918;-8.695438041725051;-4.098599703873959;-166.18501053165303;-10.40396509199569;-58.44543984442189;-6.517392953145322;0.0
4;1;0.0;-0.10381054659942653;0.0;0.0;0.0;-0.2563175227290476;2.3808880978011584;-25.605701924335712;-0.36595546306577653;-1.9744509100218757;5646.878126786131;-8.598730691;-4.053245916940034;-164.12841645906525;-10.277503548646708;-57.68222991891547;-6.443628285694214;0.0
4;2;0.0;-0.10976846417591041;0.0;0.0;0.0;-0.25290170641457177;2.3582598465070372;-25.2336303570828;-0.36242204416884705;-1.9540106731021463;5591.04468838244;-8.512083519404527;-4.0114903146296985;-162.18258896770547;-10.157503507578067;-56.93443591790018;-6.37670324592886;0.0
4;3;0.0;-0.11775062866679603;0.0;0.0;0.0;-0.24953141021875017;2.33530514157453;-24.86677397232562;-0.35883282198169214;-1.932971662098498;5534.062803305245;-8.423061601714789;-3.9698172731525814;-160.19434422974123;-10.03541138643941;-56.19422451111018;-6.308145101994189;0.0
4;4;0.0;-0.11215505973256613;0.0;0.0;0.0;-0.17701081406800698;2.3110503314767774;-24.50528807556206;-0.35506212631631956;-1.509361402158909;5480.11822546213;-8.338026266323055;-3.9304276754784304;-158.34858556462476;-9.923269535108219;-55.5077571439471;-6.242814884761158;0.0
4;5;0.0;-0.1087425666580426;0.0;0.0;0.0;-0.17481844086480627;2.2896967696525863;-24.159092137154833;-0.3516991464251543;-1.4921304593454532;5425.143477338214;-8.250687174119477;-3.891674407904991;-156.40731065610908;-9.806463554930616;-54.825651181762524;-6.175329431080049;0.0
4;6;0.0;-0.10121773413002506;0.0;0.0;0.0;-0.1726532202818771;2.2685668192992354;-23.81660598628278;-0.3483560077470277;-1.4744807958766324;5370.760634820995;-8.163489563949351;-3.854372635432995;-154.41964251139458;-9.6876158046095;-54.15303486082835;-6.1076785578227275;0.0
4;7;0.0;-0.11839827901872876;0.0;0.0;0.0;-0.17051481569802626;2.2509730970830564;-23.479545229499035;-0.34560037400916394;-1.4613441284967439;5327.0795524582345;-8.0957107101597;-3.8202540759849937;-152.81049799942443;-9.588634972298568;-53.498425038721535;-6.054362183544146;0.0
4;8;0.0;-0.11149945840991952;0.0;0.0;0.0;-0.16840289478209228;2.232880295629883;-23.147341842177827;-0.34275268727259756;-1.4471251373277523;5281.381471595318;-8.023784917762152;-3.7862444173152134;-151.10469098725082;-9.48481166650754;-52.84918092887067;-5.997949413340402;0.0
4;9;0.0;-0.11245320366884534;0.0;0.0;0.0;-0.16631712989643682;2.2121961155027576;-22.81992354034579;-0.33951140508750993;-1.4187403744806937;5230.119006967903;-7.94449696251961;-3.749558971997862;-149.35416201434367;-9.378264206958967;-52.21706539643248;-5.937118827437737;0.0
4;10;0.0;-0.1168705375378167;0.0;0.0;0.0;-0.16425719723294802;2.193694962089032;-22.49720576050923;-0.3365719381399362;-1.4044340243395759;5183.148929113933;-7.871913091371587;-3.715428073559065;-147.67651196074323;-9.27588790481339;-51.59577078285973;-5.880922500047932;0.0
4;11;0.0;-0.11522792438359163;0.0;0.0;0.0;-0.16222068127010053;2.1719451598850363;-22.179142750514462;-0.3331402160957696;-1.3877791104680846;5128.276470295525;-7.786380449948558;-3.677311904519057;-145.86997789247062;-9.166208673875468;-50.97280833014102;-5.816092768763124;0.0
4;12;0.0;-0.09705224583615099;0.0;0.0;0.0;-0.16020941401959973;2.1506391521124844;-21.865521323205222;-0.32974325507666713;-1.3700618726397527;5072.748479103136;-7.697792467029288;-3.6409534485627315;-143.91152952767357;-9.049220712295853;-50.35270122503573;-5.748386393815311;0.0
5;1;0.0;-0.22802710598221843;0.0;0.0;0.0;-0.15822529766859614;2.132897165437185;-18.696776581755348;-0.32695006355915013;-1.3571720532951612;5021.41348896348;-7.616187924293629;-3.6042563712460414;-141.97202177417753;-8.935032037969743;-49.649175089708116;-5.684184188117198;0.0
5;2;0.0;-0.23306285908742044;0.0;0.0;0.0;-0.1562657525915434;2.111153127845116;-18.383455905636744;-0.32344303570892025;-1.3376150619727567;4963.361553860899;-7.522378225807586;-3.565576383757858;-139.84017432342947;-8.810416922840815;-48.94766423745645;-5.611583219376874;0.0
5;3;0.0;-0.2552849470105061;0.0;0.0;0.0;-0.1543304745837496;2.091215772117476;-18.07593712673223;-0.32022811242710525;-1.3200172671012522;4910.437963304271;-7.437608261136077;-3.528938987048127;-137.8687248493941;-8.694443741389826;-48.26221482364149;-5.545502316175466;0.0
5;4;0.0;-0.2427861212370381;0.0;0.0;0.0;-0.15241916295127242;2.0713416987357265;-17.774030766855688;-0.31700302964113575;-1.3017145338053704;4856.790541826049;-7.3508478297611575;-3.493218912746899;-135.81639830028172;-8.574745922478204;-47.58747031874165;-5.4775838141340625;0.0
5;5;0.0;-0.23818565781469414;0.0;0.0;0.0;-0.15058175474973118;2.052091929051638;-17.477476899790286;-0.31391219072992227;-1.2852915709889179;4807.527360191642;-7.272273333597488;-3.4584023827334978;-133.99001626753042;-8.467056912396929;-46.934738526377785;-5.416207013854084;0.0
5;6;0.0;-0.261252428641675;0.0;0.0;0.0;-0.148766495443373;2.0361916276930243;-17.188674420365032;-0.3113283788971245;-1.2709114316910952;4765.493548139855;-7.205347247765305;-3.4278475066476912;-132.30504740339276;-8.367163436296568;-46.30763219909962;-5.362983257745751;0.0
5;7;0.0;-0.26436265841404405;0.0;0.0;0.0;-0.14697311806671504;2.017844380837391;-16.909615475891638;-0.3083922361963256;-1.255469654301121;4717.666133698345;-7.129451548938411;-3.3938843373478025;-130.57055206640575;-8.264140509422166;-45.683895355345726;-5.304030839925029;0.0
5;8;0.0;-0.28211022103823336;0.0;0.0;0.0;-0.14520135903872483;2.0004074287023883;-16.63559351930072;-0.3056038927578593;-1.2409314891981424;4672.3493748148285;-7.05774834501131;-3.361148284883054;-128.91012384127782;-8.16505669995272;-45.07094932419568;-5.248203166016611;0.0
5;9;0.0;-0.2646718809456149;0.0;0.0;0.0;-0.14345095772464675;1.982000687436887;-16.366274449646898;-0.30262458664981257;-1.0411866048492104;4621.755458615696;-6.974511130974358;-3.3279731210543506;-126.95716709704288;-8.051585688999419;-44.44618852016552;-5.1829185042211225;0.0
5;10;0.0;-0.2585606255373965;0.0;0.0;0.0;-0.1417216568453044;1.9618222160796042;-16.096987867233697;-0.29941790086592096;-1.0276707592921823;4568.935362777629;-6.888434963219921;-3.2926687537200916;-125.06099988313777;-7.940396574440682;-43.82640394422731;-5.116498018953434;0.0
5;11;0.0;-0.2802835785865805;0.0;0.0;0.0;-0.14001244343484961;1.9458840096660173;-15.83232619642649;-0.29689110226489274;-1.017526556587352;4527.980239128515;-6.823234110604497;-3.2618724321072987;-123.51429444778071;-7.8479357841301365;-43.228668996003655;-5.064997291001983;0.0
5;12;0.0;-0.28270508087110735;0.0;0.0;0.0;-0.13832384284292107;1.9284899461309153;-15.572540629812368;-0.29412361343355037;-1.0060225637246938;4482.250638464295;-6.749215496410437;-3.230000183496896;-121.79701958737107;-7.746726320875135;-42.631407838714665;-5.007019475883962;0.0
6;1;0.0;-0.5079325566473476;0.0;0.0;0.0;-0.13665560651101452;1.9121058394615567;-7.186200754867777;-0.2915162930263282;-0.9952523996290782;4432.0951610612865;-6.665785111636301;-3.196257750338395;-119.75293301028344;-7.630129143333203;-41.94542325906576;-4.940524726807026;0.0
6;2;0.0;-0.47743622927870155;0.0;0.0;0.0;-0.13500748891873476;1.8919436109609988;-7.051594565015639;-0.288221645746109;-0.9799410126097208;4375.7977929815725;-6.57098554410707;-3.1611297335342385;-117.51279936668512;-7.503012955966275;-41.265693067578624;-4.8660970998365265;0.0
6;3;0.0;-0.4536002587201508;0.0;0.0;0.0;-0.13337924760045103;1.871614438009475;-6.919990945562714;-0.28489831961115886;-0.9646350046373111;4319.138515603038;-6.476022604771956;-3.1259466901240307;-115.28279439254825;-7.376840239341841;-40.601527821053956;-4.791349505017932;0.0
6;4;0.0;-0.4345788607195888;0.0;0.0;0.0;-0.13177064276075645;1.8535311236162864;-6.791128969258608;-0.2819437939891268;-0.9511622261992982;4268.940532464273;-6.392290258835729;-3.0933584546144623;-113.25644493001145;-7.261272809318343;-39.95504815812422;-4.724963420128169;0.0
6;5;0.0;-0.4202062580201806;0.0;0.0;0.0;-0.13025304922595818;1.8370695026011779;-6.665007321192542;-0.2792406350475146;-0.938727957095896;4224.630065194822;-6.317598815795619;-3.0645696891168095;-111.35025532360888;-7.153096652119256;-39.33976625224932;-4.664900726054968;0.0
6;6;0.0;-0.420883198284015;0.0;0.0;0.0;-0.12875293212206118;1.8206904573940799;-6.543106669820906;-0.2765629211971247;-0.9264417282740851;4178.816485362176;-6.240912980726595;-3.0346078014950586;-109.47079417849824;-7.046000938427378;-38.7319486432375;-4.603888987661467;0.0
6;7;0.0;-0.38103000959724237;0.0;0.0;0.0;-0.12727009052861363;1.8029186013505287;-6.423355901632056;-0.27366701732274834;-0.91314951526607;4129.568767830893;-6.158382253398814;-3.0034525637533394;-107.52062858043706;-6.935039525932827;-38.13285796993248;-4.5389304153708725;0.0
6;8;0.0;-0.3618506722719269;0.0;0.0;0.0;-0.12580432576715872;1.7850732193687275;-6.306236310839099;-0.2707824497373488;-0.9002926473572306;4081.096246020586;-6.0779882095388915;-2.9718807692983065;-105.6724890500952;-6.8291336049679;-37.545948395630155;-4.476007257905183;0.0
6;9;0.0;-0.37888634973303603;0.0;0.0;0.0;-0.12435544103224315;1.7692464075615122;-6.191656904563806;-0.26821050566242277;-0.7695498927601285;4038.5200863018645;-5.872310860606852;-2.916175656362353;-102.99078169467745;-6.627820296611352;-36.03032659080538;-4.324582982983102;0.0
6;10;0.0;-0.3757686526309065;0.0;0.0;0.0;-0.1229232418593798;1.7525236880463142;-6.08233459037025;-0.26550969905333177;-0.760411350962962;3993.2585598363876;-5.798921841086908;-2.886996939476669;-101.27142745194314;-6.52885845028807;-35.487524328649805;-4.267147350896275;0.0
6;11;0.0;-0.3545741632661809;0.0;0.0;0.0;-0.12150726283114219;1.7357564902483078;-5.97528210370497;-0.26280065840440453;-0.7512302107622197;3947.8050228325487;-5.72515284117517;-2.8580867953424653;-99.54638955144739;-6.429765313730844;-34.95533200371653;-4.209432210350135;0.0
6;12;0.0;-0.3521695293967026;0.0;0.0;0.0;-0.12010759364511107;1.7200864986973128;-5.870420442473291;-0.26027242767983405;-0.7426287224408217;3905.4150006316213;-5.457340578433792;-2.788252281529056;-92.1672305231658;-6.057316042765331;-33.10974954836018;-3.9867673886782367;0.0
7;1;0.0;-0.19225429588461881;0.0;0.0;0.0;-0.1187233040236169;1.7055309447820575;-9.82556780717027;-0.25790339803385776;-0.734639401292591;3871.4465664497393;-5.407743697198081;-2.765682727777034;-91.02474625405121;-5.986649667651935;-32.702403861184706;-3.9485329761316357;0.0
7;2;0.0;-0.18994216164700717;0.0;0.0;0.0;-0.11735496752673093;1.6921555798668666;-9.68137382504856;-0.2557933446119886;-0.7279531231704646;3837.4212623616977;-5.358109149885372;-2.74299582069137;-89.89826761264916;-5.9169053898472415;-32.300746233224885;-3.910454650932272;0.0
7;3;0.0;-0.19032162750000822;0.0;0.0;0.0;-0.11600240039726152;1.6787023028561308;-9.539416837617862;-0.25368037768634644;-0.7213317199680341;3803.597266298746;-5.308985332980246;-2.720054226132051;-88.80833546865915;-5.8490705501561235;-31.904599630552603;-3.872918685123847;0.0
7;4;0.0;-0.19253710911878072;0.0;0.0;0.0;-0.11466542080442832;1.6664026282647475;-9.399671523893797;-0.2517392329406444;-0.7152031783318975;3772.342337053181;-5.263470696613207;-2.698886124686735;-87.74692832288929;-5.782747748698927;-31.513964989227993;-3.8378516063829395;0.0
7;5;0.0;-0.1794367102155931;0.0;0.0;0.0;-0.11330573410410279;1.6522682511013627;-9.262145649117267;-0.24951400146357622;-0.7080872158518295;3735.3242148002673;-5.20940028691783;-2.6749552854804683;-86.5672398117416;-5.710350675750158;-31.121010416251593;-3.796789411129076;0.0
7;6;0.0;-0.26322394707909236;0.0;0.0;0.0;-0.11196216924315756;1.6398931378966104;-9.125452484317503;-0.24757979005121153;-0.702192239861915;3701.714265425697;-5.160397325306805;-2.6520671915804535;-85.43456563113799;-5.640345647666905;-30.699309718820977;-3.758831502052308;0.0
7;7;0.0;-0.26804065453387294;0.0;0.0;0.0;-0.11063453477750466;1.62784957325715;-8.979103678807066;-0.24564849175833725;-0.6959891869757189;3670.20005888988;-5.114261131750233;-2.630911410690803;-84.31286133175617;-5.571008583845331;-30.28458142250909;-3.722704892071693;0.0
7;8;0.0;-0.26755288371785996;0.0;0.0;0.0;-0.1093226420105151;1.6132761740101937;-8.835435845962694;-0.24334073206657195;-0.6886151643156474;3632.8556293103397;-5.059622334243077;-2.606564357916469;-83.11569340078839;-5.498195234232455;-29.876748383401527;-3.680884810980727;0.0
7;9;0.0;-0.26794936587828355;0.0;0.0;0.0;-0.1080263045334804;1.599577105762831;-8.694381963186501;-0.2411710637062093;-0.7064739792479553;3597.926822102232;-5.008765445865652;-2.583319383950654;-81.98421890932318;-5.428687518072092;-29.47627911293413;-3.6417838570765486;0.0
7;10;0.0;-0.2694689240563263;0.0;0.0;0.0;-0.10674533759607774;1.5880779598426868;-8.559578463420069;-0.2393297514856126;-0.7005097015164964;3568.0087674233437;-4.965102189867605;-2.5631640548088335;-80.92215380795815;-5.3626630305854635;-29.082438537779527;-3.607668170207833;0.0
7;11;0.0;-0.2643857346919241;0.0;0.0;0.0;-0.10547942691230934;1.5758813054398066;-8.427293514835595;-0.23738208110582504;-0.694169955708602;3536.374360756008;-4.9188832595639616;-2.542290892954985;-79.83352934371102;-5.295501157754051;-28.695060664068873;-3.571795345474825;0.0
7;12;0.0;-0.28022607742565714;0.0;0.0;0.0;-0.10422852748303942;1.5645186199771233;-8.29744232035559;-0.2355829940488888;-0.6885331965802044;3507.8516419242474;-4.877839037392427;-2.521977262842302;-78.8772829151041;-5.234870319418178;-28.315220673173894;-3.5399666541620767;0.0
8;1;0.0;-0.1289403211697576;0.0;0.0;0.0;-0.10299375768323565;1.551593295967432;-6.6875430206015185;-0.23352473991025585;-0.6817623170988013;3478.8325274964054;-4.836263957313875;-2.5021360756181483;-77.97189701498718;-5.1768802562176015;-27.988325492517255;-3.5085470926570497;0.0
8;2;0.0;-0.12491430883241099;0.0;0.0;0.0;-0.10177361480577199;1.5389924578150016;-6.600195534547308;-0.23156688238595127;-0.6756130042070874;3448.037742796769;-4.792021640718572;-2.4815664508173128;-77.03283520000124;-5.117404174114935;-27.66537750863739;-3.475210885067304;0.0
8;3;0.0;-0.1272345562996347;0.0;0.0;0.0;-0.1005679254629038;1.528782503812145;-6.5140989230372535;-0.22998619140387783;-0.6709334878953193;3423.748352136918;-4.757840962954185;-2.4635349787017207;-76.26374293323585;-5.066255783578136;-27.346305662370018;-3.449102404560623;0.0
8;4;0.0;-0.12205817025174943;0.0;0.0;0.0;-0.09937651840552876;1.5167098295890715;-6.429087338103656;-0.22810422590970675;-0.6650244383491646;3394.069863295814;-4.715178401811274;-2.4438487650219876;-75.3416889960524;-5.00786659106177;-27.031130596323138;-3.416787613629688;0.0
8;5;0.0;-0.11456956085124506;0.0;0.0;0.0;-0.09818325350752602;1.5049514670775404;-6.345354685862897;-0.22627601065028025;-0.6592993391253319;3364.8740559515636;-4.673327250432299;-2.4241991722515253;-74.44132549812983;-4.950440348444207;-26.716411703351376;-3.385195944977327;0.0
8;6;0.0;-0.1298981742317602;0.0;0.0;0.0;-0.09700431604391273;1.4923897119623768;-6.26230896148412;-0.224330312770103;-0.6532681065565417;3333.7440425568616;-4.6286397293288575;-2.4034215262497276;-73.50826881620961;-4.891572270984155;-26.39765198904395;-3.3515082748422382;0.0
8;7;0.0;-0.1200543925258614;0.0;0.0;0.0;-0.09583953413764876;1.478442331773759;-6.178433292603769;-0.2221654032360763;-0.646304134624527;3299.4518751365777;-4.578986398506768;-2.3814640458870926;-72.50155194362266;-4.829300229204786;-26.08288087294021;-3.314476788326096;0.0
8;8;0.0;-0.12013415332785843;0.0;0.0;0.0;-0.09468873782043408;1.4663493193874932;-6.095718397848098;-0.2202991360867855;-0.6406030942495362;3270.5678658913002;-4.537941601957086;-2.3611911040543396;-71.66361129113508;-4.775298124754757;-25.77213263477128;-3.2837043023558588;0.0
8;9;0.0;-0.11079028485338895;0.0;0.0;0.0;-0.0935517591282273;1.4534059073714305;-6.01420107700825;-0.21829290974396018;-0.6060229810779287;3238.8856909676033;-4.492174487007327;-2.340305247470392;-70.73068652587753;-4.716864235533141;-25.463393374050696;-3.2494655982691016;0.0
8;10;0.0;-0.10585881851430785;0.0;0.0;0.0;-0.09242843212115005;1.4415047412808064;-5.929670506029395;-0.21645066756807466;-0.6004174837496203;3209.8887901034827;-4.450374054620992;-2.3209519725979413;-69.84351711879711;-4.6607604612524245;-25.158606767223787;-3.217894970925422;0.0
8;11;0.0;-0.09615096317619215;0.0;0.0;0.0;-0.09131875275249542;1.428017303443184;-5.846367122585866;-0.21436343063464422;-0.5939743341848807;3176.79371305051;-4.402317563795055;-2.299888903060619;-68.86922540548082;-4.600595670431968;-24.857683773533495;-3.1819530786469423;0.0
8;12;0.0;-0.09895388313792716;0.0;0.0;0.0;-0.09022239532791679;1.41769374865964;-5.764257847642131;-0.2127742188950613;-0.5892662522013944;3152.249832968265;-4.367396321333527;-2.2823322025026482;-68.10717391067324;-4.550788612963356;-24.561469466806045;-3.155475002892011;0.0
9;1;0.0;-0.10669688610857885;0.0;0.0;0.0;-0.08913885057027494;1.4071529502916809;-6.089478994165672;-0.21114747762195624;-0.5844388186602023;3126.5164882066933;-4.330613809927411;-2.264396442841951;-67.30870055618294;-4.4993425027633265;-24.264068569551334;-3.127494839029719;0.0
9;2;0.0;-0.10870632310823589;0.0;0.0;0.0;-0.08806831811771905;1.3958955558751753;-6.004616010719103;-0.20940946150418463;-0.5792350201975466;3099.423830416058;-4.29184802520047;-2.2457182719432147;-66.49744673586441;-4.447413147129423;-23.970587146820904;-3.098239048532834;0.0
9;3;0.0;-0.11139444891302965;0.0;0.0;0.0;-0.08701064158143014;1.3871840974523217;-5.921000404296498;-0.2080659510158304;-0.575285840130109;3078.679583070678;-4.2624332497891615;-2.2302968544117383;-65.80485396805312;-4.40132975341861;-23.68096376129605;-3.075675183492914;0.0
9;4;0.0;-0.10917303422964243;0.0;0.0;0.0;-0.08596566652169621;1.3768178866990006;-5.838613804496431;-0.20646143545341725;-0.5704708792159876;3053.6138669629877;-4.226551312220583;-2.2129921934196557;-65.02477330798865;-4.351151621504414;-23.39514918040478;-3.048423996990303;0.0
9;5;0.0;-0.10314446851495147;0.0;0.0;0.0;-0.08486877285858493;1.3654492317243347;-5.757447238264714;-0.2047062788082491;-0.5651678450384319;3024.2021097840375;-4.184537849234742;-2.192989935626233;-64.174663537653;-4.296812315734327;-23.099403994674116;-3.0169970726007183;0.0
9;6;0.0;-0.09595971609596922;0.0;0.0;0.0;-0.08378587466789003;1.3525351250670081;-5.676072757514454;-0.20272629005523382;-0.5593118901810622;2993.815841882567;-4.1412927256165935;-2.1721339962162833;-63.34097460964797;-4.243414312109216;-22.809492760694866;-2.984915596508812;0.0
9;7;0.0;-0.09524647277283284;0.0;0.0;0.0;-0.08271679341483999;1.339945905554354;-5.596297636931422;-0.2007927453947474;-0.5535296838700451;2963.7617821518984;-4.0982516050162925;-2.1520075425593035;-62.487117992739876;-4.189183963018678;-22.52334379151649;-2.9529220962770513;0.0
9;8;0.0;-0.09438347986505331;0.0;0.0;0.0;-0.08166135274710996;1.3281811596929827;-5.517634769695968;-0.19899212144736722;-0.5482323444593481;2936.0469994183495;-4.058851407505987;-2.132744724793669;-61.70233948373524;-4.138424393183499;-22.240949497481154;-2.923615504663416;0.0
9;9;0.0;-0.0956994337079055;0.0;0.0;0.0;-0.08061937851860405;1.3175942880409734;-5.440084893752736;-0.1973658677043914;-0.5370458468699345;2911.1492233536483;-4.023715278301518;-2.1150604980132663;-60.96846031973584;-4.0902406505213555;-21.963094445691084;-2.8971524399516966;0.0
9;10;0.0;-0.09038345052827891;0.0;0.0;0.0;-0.07959069883014548;1.3068878872015657;-5.366531880672052;-0.19571143778551414;-0.5321196444170136;2885.288871360401;-3.9866204501751077;-2.0977896165411507;-60.17042396973321;-4.0391057185803625;-21.68888668067696;-2.869324554284141;0.0
9;11;0.0;-0.08933910351481832;0.0;0.0;0.0;-0.07857526191272717;1.2969078418549784;-5.293995590492676;-0.19417297744582243;-0.5276675514849795;2861.659383518481;-3.953244224001889;-2.0810298587617297;-59.45739712572649;-3.992200539746258;-21.41830296289607;-2.8441254431217726;0.0
9;12;0.0;-0.0834047585682476;0.0;0.0;0.0;-0.07757277956130249;1.2846675474896916;-5.222466493697356;-0.19229532727836474;-0.5221670972917751;2832.6730923160258;-3.9119243851137053;-2.061504561555302;-58.66028600996734;-3.941388912328796;-21.151660193541062;-2.813568484322666;0.0
10;1;0.0;-0.16019867666807838;0.0;0.0;0.0;-0.07658203330655572;1.2743904372433241;-4.863166432718684;-0.19072467875300325;-0.5177238763623209;2805.3496461762647;-3.872691892543433;-2.04295641137866;-57.82450592620589;-3.8887977261667555;-20.853761488455703;-2.7836826722995793;0.0
10;2;0.0;-0.15017890666515066;0.0;0.0;0.0;-0.07560394009429493;1.262333476607684;-4.784715912623858;-0.1888363910156758;-0.5119419048807196;2775.381052593905;-3.829306709624319;-2.023547146536943;-56.923040188213896;-3.8331758302615375;-20.56096001486987;-2.750898116918049;0.0
10;3;0.0;-0.13407341579922644;0.0;0.0;0.0;-0.07463833842657094;1.249744549961065;-4.70775987434717;-0.18686364905770453;-0.5058599796750368;2743.9420343448764;-3.7836270683403264;-2.003710525404377;-55.98637772046657;-3.7759877191816247;-20.273125178008854;-2.716473586548319;0.0
10;4;0.0;-0.13127554124427693;0.0;0.0;0.0;-0.07368506871308637;1.2387803668789503;-4.632249039118865;-0.18513947949324844;-0.5005743276857676;2716.5446721198987;-3.7440132234047776;-1.9859090327276665;-55.13257660870029;-3.722916516697322;-19.990167891617986;-2.6862765779788433;0.0
10;5;0.0;-0.13706344230845488;0.0;0.0;0.0;-0.07276417584018924;1.2299467725153579;-4.558166467059506;-0.18375090417055384;-0.49645054514512077;2695.5289030382028;-3.714099370337304;-1.9709355421048027;-54.43669616504353;-3.677875529000702;-19.716387303034693;-2.6630121102183892;0.0
10;6;0.0;-0.06688280087396963;0.0;0.0;0.0;-0.07185479149721222;1.2180574606991366;-4.486066473608978;-0.18189882868958218;-0.4907862211985019;2669.0932102491793;-3.676434536391376;-1.953056458693917;-53.71812519207769;-3.631904531388277;-19.475455447741215;-2.6352956760498505;0.0
10;7;0.0;-0.06553535846186494;0.0;0.0;0.0;-0.0709567719683548;1.2081550624217445;-4.423607875398069;-0.1803850237560553;-0.48645470734913443;2646.0185698580967;-3.6439230704606236;-1.9367080296418067;-53.076509056223586;-3.5897530002283626;-19.23762677573778;-2.6111094699151725;0.0
10;8;0.0;-0.06191894214348796;0.0;0.0;0.0;-0.07006997517855537;1.198096138525729;-4.362055657448925;-0.1788385456624565;-0.4819661665245543;2622.2307618660357;-3.6102216742934683;-1.920394829457286;-52.40473206269701;-3.546258595671466;-19.002878800429198;-2.5859146427550934;0.0
10;9;0.0;-0.06160055280658082;0.0;0.0;0.0;-0.06919426086270762;1.1885160551481322;-4.301411923737158;-0.17737270369856548;-0.47773384070570957;2599.7648360595467;-3.5784142239520595;-1.9047418709432418;-51.76342565903182;-3.504356748031358;-18.771177072665196;-2.562257039029243;0.0
10;10;0.0;-0.06005452564127339;0.0;0.0;0.0;-0.06832949051640831;1.1788417626649876;-4.241655744811924;-0.17589287886537924;-0.4734767297300857;2577.135682316328;-3.5464389983920075;-1.8889356447813312;-51.12984134012954;-3.462941269181184;-18.542466793949835;-2.5384835654420748;0.0
10;11;0.0;-0.057263479476233496;0.0;0.0;0.0;-0.06747525175699214;1.169296604810529;-4.1827512652750825;-0.1744284701377507;-0.46921319647171617;2554.562893948604;-3.514368235956408;-1.873531374983799;-50.48068301788446;-3.420883222907353;-18.316616728262908;-2.5145874094801224;0.0
10;12;0.0;-0.055335739466654474;0.0;0.0;0.0;-0.06663169204439368;1.159528753428474;-4.124695742863084;-0.17293137692749297;-0.4648650815105859;2531.319493606977;-3.4812411068404754;-1.8577555155522343;-49.82306743205728;-3.378536789946012;-18.091511377611024;-2.4899471639285014;0.0
11;1;0.0;-0.0997766402812987;0.0;0.0;0.0;-0.06579930869460521;1.1494797056040205;-5.100017403068494;-0.17140242330603472;-0.4604899677758925;2505.4591023026283;-3.4440168094943675;-1.840650194381663;-49.077904701406155;-3.3320732851409476;-17.844923439824115;-2.4619326014551346;0.0
11;2;0.0;-0.09720591354494133;0.0;0.0;0.0;-0.06497732334327389;1.1395810038747005;-5.0152273669567;-0.16987088180688556;-0.45592221392789745;2481.559255487491;-3.4097399088064777;-1.8244414420820128;-48.381975222781364;-3.2880968217087796;-17.602442321387777;-2.43613340060647;0.0
11;3;0.0;-0.09298052565306586;0.0;0.0;0.0;-0.06416560611582975;1.128968388456786;-4.9320923614625185;-0.168231347804066;-0.45102018811577427;2455.9420905303655;-3.372919959271798;-1.8074143519713743;-47.660596340712374;-3.2430058415529395;-17.363965608984984;-2.408601033617704;0.0
11;4;0.0;-0.09777218653769758;0.0;0.0;0.0;-0.06336402862535621;1.121550106665181;-4.850563299999761;-0.16706784550548037;-0.4475436814641687;2437.736176056358;-3.346953892197585;-1.7946362279705363;-47.04966684784978;-3.203327522730643;-17.12948076593956;-2.3883754610459333;0.0
11;5;0.0;-0.098419207430379;0.0;0.0;0.0;-0.06263144022649475;1.1137849081096667;-4.770654730192207;-0.16585231084688412;-0.44393192274622906;2420.7611788240224;-3.322555972510457;-1.7829728201375683;-46.46800456378227;-3.166041351052761;-16.911908372080397;-2.3692440645353807;0.0
11;6;0.0;-0.09938688189554866;0.0;0.0;0.0;-0.061907320538456385;1.107039324246979;-4.6947772411373325;-0.16479329374834573;-0.4407113260193504;2403.996724540697;-3.298409496450925;-1.7714759048182303;-45.89346443857307;-3.1291923950700165;-16.697764891893346;-2.350433995085012;0.0
11;7;0.0;-0.09426778036220372;0.0;0.0;0.0;-0.06119157191856553;1.097814774065091;-4.620278653830181;-0.16336128957789944;-0.4363586188449541;2381.3756863166645;-3.2656661814040846;-1.7568516767263738;-45.2313482841387;-3.0882205065094226;-16.487059899275657;-2.3257680164129804;0.0
11;8;0.0;-0.0874029235615637;0.0;0.0;0.0;-0.06048409775333595;1.0894952117616579;-4.547197766281826;-0.1620624842667454;-0.43236919717416056;2360.715256340536;-3.2356624229663504;-1.7436184757753665;-44.586971112659484;-3.048185122910457;-16.279697202257324;-2.3029372300744044;0.0
11;9;0.0;-0.08964693108389787;0.0;0.0;0.0;-0.05978480240418179;1.0804434401212888;-4.4755126791795385;-0.16067005983966173;-0.42820631027474587;2338.9553366503337;-3.2043249684380766;-1.7291312570146333;-43.971933625658984;-3.009664922226716;-16.075621906520336;-2.2795768947648005;0.0
11;10;0.0;-0.09179977748872863;0.0;0.0;0.0;-0.05909359115947651;1.0741299987331925;-4.405175595539242;-0.15968069525439543;-0.4252379172212234;2323.4254290815293;-3.1821136940527173;-1.7183110425044785;-43.4437564312569;-2.9753944029945387;-15.8747773578902;-2.262227578542678;0.0
11;11;0.0;-0.08605192460435228;0.0;0.0;0.0;-0.05840965963158929;1.065464511960191;-4.336168243812583;-0.15833709814675528;-0.4211242745358814;2302.085873776303;-3.1510840888388434;-1.7047946437933155;-42.80312356145317;-2.935792688920444;-15.676920592109798;-2.238926594049475;0.0
11;12;0.0;-0.08582263614048806;0.0;0.0;0.0;-0.05773364281195568;1.0589429459315711;-4.268413159684148;-0.15731932931917508;-0.41807538095953567;2286.2863125113868;-3.1285296257821806;-1.693868346108303;-42.283750627105505;-2.9021057189838433;-15.483587434433424;-2.2214818910806358;0.0
12;1;0.0;-0.08463978633317168;0.0;0.0;0.0;-0.0570663529061157;1.0507434214959845;-5.4582293770672905;-0.15604909392837177;-0.4142211198466658;2266.2727100053617;-3.0995548167228533;-1.6810253618339708;-41.68256290917136;-2.8645837622459203;-15.293418455199417;-2.1997193318979975;0.0
12;2;0.0;-0.077227762954893;0.0;0.0;0.0;-0.056406774879788915;1.0421875576229094;-5.377479402841331;-0.15472778828383166;-0.41026588728302804;2245.5971760475713;-3.069813128142266;-1.6675372296860997;-41.094387340823985;-2.827771035692516;-15.106138994989609;-2.1774649971694813;0.0
12;3;0.0;-0.07286486341895308;0.0;0.0;0.0;-0.05575481961575001;1.0341823324093726;-5.2981245198768185;-0.15349078722039142;-0.4065480717429712;2226.1917697068825;-3.0418421604717665;-1.654898702292996;-40.522191517999424;-2.7918101093643903;-14.921690673329723;-2.156486537261649;0.0
12;4;0.0;-0.06580781393396659;0.0;0.0;0.0;-0.05511039903225805;1.0254495062080202;-5.2201307081183845;-0.15214307177980824;-0.40244976312848413;2204.9059975460964;-3.0109363752450924;-1.6415543931483254;-39.907228665377005;-2.7538731688843017;-14.740008130775053;-2.1335203660512487;0.0
12;5;0.0;-0.06755235762933137;0.0;0.0;0.0;-0.05441339319269443;1.0180006819456526;-5.143457768441461;-0.15099740365504796;-0.3990651723521653;2184.983957926694;-2.9827179258870014;-1.6278287893845766;-39.35706820933123;-2.7182273426418755;-14.547504685573905;-2.1125284102346376;0.0
12;6;0.0;-0.05399972891764683;0.0;0.0;0.0;-0.0537252021047533;1.0113519137692646;-5.065477509206836;-0.14996601683153093;-0.3960568357694082;2169.8040014098356;-2.961444919086625;-1.6169450570660127;-38.88311167750022;-2.6863441893143225;-14.364185113624137;-2.0963127971299973;0.0
12;7;0.0;-0.05055917943160309;0.0;0.0;0.0;-0.05304571427749339;1.0033489021035886;-4.991653439084868;-0.14874752570529085;-0.39256408301737883;2151.2453133442164;-2.935220822608804;-1.604094763033749;-38.36973212200807;-2.6526720183186585;-14.183433521263336;-2.0769208384687374;0.0
12;8;0.0;-0.05152154230391066;0.0;0.0;0.0;-0.052374819795339284;0.994791119189587;-4.919008747215884;-0.1474524785182491;-0.3889345733481738;2131.796589304707;-2.9080156848797367;-1.5902008739754172;-37.881818182819956;-2.6203265342580337;-14.005227373614137;-2.0569780295752396;0.0
12;9;0.0;-0.04738222656975772;0.0;0.0;0.0;-0.05171240998424895;0.986790123279861;-4.847514678922238;-0.14622810404863465;-0.38537897943472865;2112.993583788069;-2.8813117369678594;-1.5775801183153506;-37.35333059864982;-2.5861119114617983;-13.829495918594006;-2.0371421556560962;0.0
12;10;0.0;-0.045013580401233204;0.0;0.0;0.0;-0.05105837751236582;0.978812732965838;-4.7771484060141685;-0.14501248141802672;-0.3819461873863693;2094.6398291333503;-2.8556157098987045;-1.5646455141408584;-36.87085932952192;-2.5542076507569345;-13.65618992475709;-2.018063169545929;0.0
12;11;0.0;-0.046391337092152;0.0;0.0;0.0;-0.05041264587376297;0.9708316563171336;-4.707886185016706;-0.14380526507673086;-0.37854819046027766;2076.4647215417604;-2.8301208024402755;-1.551752149551832;-36.399549257880274;-2.5229450499393273;-13.485294639978544;-1.9993763776211997;0.0
12;12;0.0;-0.04499121524923456;0.0;0.0;0.0;-0.04977508035197351;0.9624295999808634;-4.6397144942054;-0.14253565258994244;-0.3750232259288292;2057.3583889029655;-2.8034239031023227;-1.5380426629642598;-35.93471358393047;-2.4920885104012886;-13.315421163702652;-1.979828197217088;0.0
13;1;0.0;-0.05913298694006925;0.0;0.0;0.0;-0.04914498358302992;0.9561919046453301;-5.87447462334913;-0.14158344148140925;-0.37238038230611487;2042.4806002003102;-2.782646917231227;-1.5272685690633838;-35.49196566639103;-2.4623548884213866;-13.142624099367094;-1.96392330309608;0.0
13;2;0.0;-0.06079002866464792;0.0;0.0;0.0;-0.04852286254088809;0.9492940462072423;-5.780988735280749;-0.14052954385550276;-0.36939277300325785;2026.5414004770737;-2.7603157827318765;-1.5158442365775069;-35.042629460049014;-2.432401712722501;-12.972476411908346;-1.9471126387131215;0.0
13;3;0.0;-0.06037692612073094;0.0;0.0;0.0;-0.04790861633119025;0.9420676977918662;-5.689253367960037;-0.1394267757530314;-0.36626683701095175;2009.8672070996317;-2.7369410851859537;-1.503999095247776;-34.58859955703403;-2.402312715743244;-12.80492679775671;-1.9296084728658827;0.0
13;4;0.0;-0.058564482507554055;0.0;0.0;0.0;-0.047302145403027546;0.9332643486761811;-5.599220107276965;-0.13809347477928366;-0.3624823845315263;1989.7125109031879;-2.7085535878355564;-1.4900260397459533;-34.09991311962156;-2.37065382929082;-12.639906393519857;-1.9088478637129036;0.0
13;5;0.0;-0.05504499035781883;0.0;0.0;0.0;-0.04673375399540472;0.9253832381455879;-5.5108273326087795;-0.13689605668149094;-0.35907008361236353;1972.7155550867506;-2.684470543599187;-1.4783571534978799;-33.64558520102017;-2.3412033385047657;-12.484352094281526;-1.8910046041379154;0.0
13;6;0.0;-0.046631601432170204;0.0;0.0;0.0;-0.04617219184139409;0.917820396006592;-5.426215569799924;-0.13574578699341006;-0.35575794186377213;1955.4834012087829;-2.660133475928635;-1.466467583760319;-33.20307373723283;-2.312402275101505;-12.333688463316372;-1.8730908366597505;0.0
13;7;0.0;-0.043873155979345636;0.0;0.0;0.0;-0.04561737693600374;0.9102273800129229;-5.3450551205374754;-0.13459532361845528;-0.3524645837728365;1937.9867647643127;-2.6353711850014845;-1.45451335907646;-32.756047305631554;-2.2834604207253264;-12.185114028727936;-1.854910736115877;0.0
13;8;0.0;-0.04526641282720407;0.0;0.0;0.0;-0.045069228101820215;0.9039889620866505;-5.2652745945102355;-0.1336493486675918;-0.3497865672359399;1923.688747612409;-2.6152754937366005;-1.44436229759853;-32.35927304111122;-2.2570105656548156;-12.038588593925226;-1.839949254517379;0.0
13;9;0.0;-0.04616508732218211;0.0;0.0;0.0;-0.044527665136467026;0.8976301765754741;-5.1868312110642485;-0.13268534056688358;-0.3470322811159807;1909.0407890670258;-2.594574583366229;-1.434178074306396;-31.951783694194074;-2.2301205755139786;-11.894089627335362;-1.824606758723836;0.0
13;10;0.0;-0.044816322033456577;0.0;0.0;0.0;-0.043992608947184264;0.8911929858549097;-5.10972189427375;-0.13170872709792855;-0.34426461205021824;1894.2713728472802;-2.5738092397744783;-1.4238122206673136;-31.553663403710836;-2.2037528102930453;-11.751580043597446;-1.8091852176334284;0.0
13;11;0.0;-0.043469025031201064;0.0;0.0;0.0;-0.0434642712593366;0.8844428994340363;-5.033916474513349;-0.1306864972515621;-0.3413408922182994;1878.744197743704;-2.5518385592862285;-1.4131637002149893;-31.140149392328397;-2.1767248525896856;-11.611094796174815;-1.793008613385075;0.0
13;12;0.0;-0.042919456956229916;0.0;0.0;0.0;-0.042942277961206955;0.8785717059202354;-4.959404649417988;-0.12979311736511548;-0.3387590799505056;1865.1300832226186;-2.5325157734032615;-1.4038688969243196;-30.742249582355818;-2.150517933881791;-11.472941348940143;-1.7786161913048932;0.0
14;1;0.0;-0.04739780369020931;0.0;0.0;0.0;-0.04242652804563535;0.8728002889458931;-6.01860990304007;-0.12891804282237682;-0.33631446876195065;1851.8032424466342;-2.513873379361633;-1.3943504365279091;-30.372802464181596;-2.125747582850704;-11.335069366098574;-1.7646316573548328;0.0
14;2;0.0;-0.04628260695366779;0.0;0.0;0.0;-0.04191697161577326;0.866973213233027;-5.928694649745848;-0.1280352683921738;-0.3338097285130104;1838.4476486332087;-2.4950694490622474;-1.3849495683669204;-29.998843378517844;-2.1008358652368337;-11.199128515671529;-1.7506571426717923;0.0
14;3;0.0;-0.04459966998548038;0.0;0.0;0.0;-0.04141353437288713;0.8604647612967804;-5.840335504358719;-0.12704914369518588;-0.33100705694360505;1823.5161336829476;-2.4740272340115004;-1.374626885835666;-29.6083138814489;-2.0751959539749487;-11.065079621454842;-1.7351274469031361;0.0
14;4;0.0;-0.042702141952081725;0.0;0.0;0.0;-0.04091614300204102;0.8531993654568293;-5.753495522351909;-0.12595514565576085;-0.32793247791398916;1807.0730809623117;-2.4509327504080147;-1.363154572874293;-29.218022478213694;-2.049643166372162;-10.93288487376331;-1.718327116085022;0.0
14;5;0.0;-0.04113324104582172;0.0;0.0;0.0;-0.04043433445343198;0.8454662207307315;-5.668150543324428;-0.12479454407642938;-0.3246795269889095;1790.0520364702538;-2.4269817066261203;-1.3513367149017892;-28.829470440071827;-2.024399125313132;-10.804762545826893;-1.7010423969506787;0.0
14;6;0.0;-0.0419160789117434;0.0;0.0;0.0;-0.03995819895712821;0.839106122065204;-5.585091401615986;-0.12383750985739292;-0.32201496721707884;1775.6747732110227;-2.4068728983205223;-1.3410928342539763;-28.476519305131596;-2.00092735714936;-10.677860990126229;-1.6863062943508853;0.0
14;7;0.0;-0.04164621180485223;0.0;0.0;0.0;-0.03948766963638506;0.8324836042265013;-5.502939719800618;-0.12284066864772172;-0.3192142471631427;1760.6927437046234;-2.385830254646705;-1.3305995182085841;-28.11299529423195;-1.9770124496862496;-10.55269754189601;-1.6709647335337778;0.0
14;8;0.0;-0.04109829003820264;0.0;0.0;0.0;-0.039022680480292796;0.8262764176372916;-5.422178313681775;-0.12190447583247412;-0.3166052696572687;1746.6850498354113;-2.366271339896592;-1.3206240012595007;-27.769035694452313;-1.9540990315933462;-10.429246631884595;-1.6565855696605751;0.0
14;9;0.0;-0.04010997612786456;0.0;0.0;0.0;-0.03856316614863733;0.8208450749950476;-5.342790895763622;-0.12108235206020622;-0.31429976798456505;1734.3319704339033;-2.3489910471962197;-1.3118392445313778;-27.43674071395297;-1.9318070831360574;-10.307473659864499;-1.643733916407223;0.0
14;10;0.0;-0.03811185919898144;0.0;0.0;0.0;-0.0381090622434328;0.8140482028880436;-5.264738973669036;-0.12006147679287323;-0.31141509575557735;1718.9423115170491;-2.327278800059356;-1.3012534954281947;-27.06965983454554;-1.9079134114562406;-10.187345958502691;-1.6280342473157927;0.0
14;11;0.0;-0.037564263262127084;0.0;0.0;0.0;-0.037660528017054155;0.8078547001574589;-5.1879898586305675;-0.11913238139266341;-0.3087774330974885;1704.907197393652;-2.3074090666107283;-1.2916151184111313;-26.714360180738584;-1.884653744881917;-10.0688765172375;-1.6136565105375933;0.0
14;12;0.0;-0.03802240679708443;0.0;0.0;0.0;-0.037217272369683606;0.8015325262180255;-5.112507383514425;-0.1181828991141602;-0.3061410091076065;1690.7845833484935;-2.287772072347171;-1.2815738135389334;-26.38408208213726;-1.8626486631445156;-9.952536448217788;-1.5993322448474325;0.0
15;1;0.0;-0.03045812358802218;0.0;0.0;0.0;-0.03677919633728534;0.7961391118905705;-2.29116058205374;-0.11736461196838115;-0.3038460931654086;1678.822442398318;-2.2711541233895587;-1.273022553418892;-26.076450523744143;-1.841793680470147;-9.840247793295966;-1.5871146182723577;0.0
15;2;0.0;-0.030018294179602084;0.0;0.0;0.0;-0.03634627608789581;0.7909391502758074;-2.260646145806667;-0.11657876840224449;-0.3016870663422202;1667.1503460319502;-2.255009214591731;-1.2645992844640266;-25.778168477387602;-1.8214466011623782;-9.729364338605702;-1.5751900920833604;0.0
15;3;0.0;-0.02942021518194184;0.0;0.0;0.0;-0.03591845099181588;0.785308672654796;-2.2305791286463736;-0.11573208643278228;-0.2993632223214382;1654.5900195282252;-2.237599424852976;-1.2555754501821679;-25.47609178557549;-1.8009811762320234;-9.619855512258967;-1.5625020743859872;0.0
15;4;0.0;-0.028210531387293035;0.0;0.0;0.0;-0.035495661130612005;0.7797669411569843;-2.2009484484973996;-0.1148984442120835;-0.29707521602601333;1642.2229206133466;-2.2204611547720434;-1.2466961464219064;-25.17754385787847;-1.780743936290552;-9.511706384758867;-1.5500000367409128;0.0
15;5;0.0;-0.02678132816484536;0.0;0.0;0.0;-0.03504352017094975;0.7736654468799875;-2.1717496404821093;-0.1139860238837637;-0.29457600048454546;1627.2424936271864;-2.199789701666589;-1.2358463801565647;-24.856110507130506;-1.7589170613587386;-9.396665513911936;-1.5352029599459869;0.0
15;6;0.0;-0.03355593336847944;0.0;0.0;0.0;-0.03459713823325711;0.7678239653256728;-2.1419398112187475;-0.11310890984813314;-0.292237181332839;1614.1529248900506;-2.1818475663702177;-1.2262130908463758;-24.55170469100656;-1.737967422873946;-9.280908113830746;-1.5220514551443833;0.0
15;7;0.0;-0.032547115649735246;0.0;0.0;0.0;-0.034156441906650424;0.762049371489328;-2.1118756062795656;-0.11223804034068739;-0.2898446726688698;1601.240063745671;-2.163968088955251;-1.2169706095999357;-24.235530831192577;-1.716522247277653;-9.16674191417016;-1.5089930086514691;0.0
15;8;0.0;-0.03145632899797315;0.0;0.0;0.0;-0.033721358851355146;0.7549448005888851;-2.0822862788339114;-0.11117233356692324;-0.2869621931452868;1585.593016997558;-2.142442356390942;-1.2056339137975198;-23.917011194210936;-1.69503648072948;-9.054143992760183;-1.4935100464130793;0.0
15;9;0.0;-0.03008697477380711;0.0;0.0;0.0;-0.03329181764527517;0.7480286469318526;-2.0531768463123186;-0.11013587254311649;-0.2841277595198164;1570.279732045074;-2.121224569067458;-1.1947350168894808;-23.591373306172244;-1.6732782451904462;-8.943080259260219;-1.4783059829821221;0.0
15;10;0.0;-0.02827865812999343;0.0;0.0;0.0;-0.032867747650793214;0.7417906952384601;-2.0245162038760487;-0.10919526352056368;-0.2815393446215078;1556.3215595037273;-2.101876751913464;-1.1848817296496466;-23.271385066179768;-1.6518512958902591;-8.833521919762873;-1.46424886252919;0.0
15;11;0.0;-0.02826986601127348;0.0;0.0;0.0;-0.0324489385030559;0.7357045966233078;-1.9962989461030087;-0.10828121009663233;-0.2790927332847516;1542.97117958714;-2.083638864351959;-1.1749974912596592;-22.985893449112744;-1.6321495986539665;-8.725410360222284;-1.4510034348348264;0.0
15;12;0.0;-0.0273557006498307;0.0;0.0;0.0;-0.03203546563858477;0.7294452089377454;-1.9685060154323528;-0.10734373437181127;-0.27650945385931636;1529.0441908878302;-2.0642094377749247;-1.1651952719672438;-22.66989283991602;-1.6110549733363113;-8.61854839408221;-1.4371012014768823;0.0
16;1;0.0;-0.0265558855430576;0.0;0.0;0.0;-0.031627400697982866;0.7248815977226973;-2.506484772718407;-0.10664985506093302;-0.27461666814442237;1518.8163434492017;-2.050176889945743;-1.1577451811669408;-22.394497981888613;-1.5919625986430392;-8.513334068851702;-1.426544232494102;0.0
16;2;0.0;-0.02591746305048102;0.0;0.0;0.0;-0.03122453326869809;0.7190076416411061;-2.4716541767151616;-0.10576962730053885;-0.27222534832735346;1505.8590372544534;-2.032294571703517;-1.1483950750886458;-22.10477893152992;-1.572257487362769;-8.40953534959611;-1.4136053254027292;0.0
16;3;0.0;-0.0252294871808041;0.0;0.0;0.0;-0.030826797240510698;0.7129815642602535;-2.437379988573148;-0.10487128475607578;-0.2697852672057641;1492.644137363112;-2.014006167714366;-1.1388643238616512;-21.816408895424047;-1.5526866011209992;-8.307113970114461;-1.4005257222557344;0.0
16;4;0.0;-0.024773286262491458;0.0;0.0;0.0;-0.030434127310454643;0.7062876534114585;-2.403597678312992;-0.1038735475979778;-0.2670852451292891;1478.0006785968785;-1.9937836394141564;-1.1283168218187705;-21.523288316926;-1.5329501088577124;-8.206046502818003;-1.386124770679304;0.0
16;5;0.0;-0.023327652189464004;0.0;0.0;0.0;-0.030117589039976713;0.7002902882973162;-2.370277923998341;-0.1029743282488873;-0.26460443630434743;1467.8776128692327;-1.9793885897210255;-1.1215685968479616;-21.260772658177114;-1.5159111986532925;-8.123678501649614;-1.3756424427005065;0.0
16;6;0.0;-0.023074467366549035;0.0;0.0;0.0;-0.029804342661633586;0.6963692331000644;-2.339222135144569;-0.10238386247891823;-0.2629283292486211;1458.9174306250493;-1.9667264192419283;-1.1154470476150147;-21.01852553450154;-1.4998830480922896;-8.042144246342701;-1.3663177461810043;0.0
16;7;0.0;-0.022333897912044574;0.0;0.0;0.0;-0.02949435395286732;0.6920038947612155;-2.308568447216812;-0.10173212115766533;-0.26111848514531555;1449.186181572475;-1.9530948180663579;-1.108575540973117;-20.78636468049697;-1.484383453510752;-7.961580849633157;-1.356455054931667;0.0
16;8;0.0;-0.022172990499778816;0.0;0.0;0.0;-0.029187589047680415;0.6881182481839019;-2.2783899923834356;-0.10115131522352099;-0.2595301372644158;1440.5873775312275;-1.9411653566354699;-1.1023029696248858;-20.574893197220227;-1.4699138414449227;-7.881959684786321;-1.3477201023098837;0.0
16;9;0.0;-0.022283265885802;0.0;0.0;0.0;-0.028884014369594865;0.6846232785641181;-2.248648974439527;-0.10062661999660218;-0.2580808439914233;1432.770222022705;-1.9302814774609987;-1.0966652788478173;-20.36487633800786;-1.4555483572219612;-7.803279648739326;-1.3396579206075125;0.0
16;10;0.0;-0.021168803434009814;0.0;0.0;0.0;-0.028583596774187082;0.6803237946179589;-2.2193309693037815;-0.09998317954575993;-0.2563187279187235;1423.2371626282315;-1.9170534825938776;-1.0898125332374782;-20.14722817922226;-1.4408542332832843;-7.725523574840303;-1.3300240268072305;0.0
16;11;0.0;-0.019630516230353275;-0.3871033778549611;0.0;0.0;-0.0282863176528696;0.6756809629126604;-2.1904336893420076;-0.09929322019756706;-0.2544102714027606;1413.3522785200173;-1.903311633078984;-1.0932199061766956;-19.93733518719271;-1.426581954488423;-7.979570656370951;-1.3203035904474758;0.0
16;12;0.0;-1.5878974754517875e-05;0.0;0.0;0.0;-0.0279921300537838;0.6592718000048824;-2.061537757060468;-0.09611775565687374;-0.2402033398083287;1347.6780338201968;-1.7954707202081468;-1.064159822761272;-16.970055013049954;-1.2789564833293752;-7.195840979969485;-1.2302378831537268;0.0
17;1;0.0;-2.559466000592875e-05;0.0;0.0;0.0;-0.02770096713262019;0.6559841363455577;-1.939251444799192;-0.09563733548326545;-0.23900568716356171;1340.9414156919247;-1.7865213193611302;-1.0587649870517353;-16.8266921752245;-1.2679534781658919;-7.131650375109671;-1.223818476536614;0.0
17;2;0.0;-2.9732682722760435e-05;0.0;0.0;0.0;-0.027412832360733476;0.6533203571340991;-1.9167379855592164;-0.09525179544488854;-0.2380346455021489;1335.510165189695;-1.779218364172092;-1.0544446848263789;-16.682710524798708;-1.2569591362233996;-7.068020300061153;-1.2186120683402415;0.0
17;3;0.0;-2.958795828758533e-05;0.0;0.0;0.0;-0.027127694278100963;0.6495895245508658;-1.8945069103502508;-0.09471058152017868;-0.23667484528999538;1327.8986171164827;-1.769012948863713;-1.048420249737115;-16.537479031158323;-1.2459438905827336;-7.00494231490911;-1.2114921794616051;0.0
17;4;0.0;-2.8136599704447058e-05;0.0;0.0;0.0;-0.02684552189344007;0.6444483177941688;-1.8725396277505446;-0.09397175432901893;-0.23479975222974162;1317.4652826063368;-1.7548576332029162;-1.0403004057885563;-16.383424101554905;-1.234556245825477;-6.942409891853029;-1.2020183579786008;0.0
17;5;0.0;-2.3449683765955465e-05;0.0;0.0;0.0;-0.02657419412421756;0.6403076139947617;-1.8508250568040163;-0.09337491115807225;-0.2332898811058578;1309.4278928841516;-1.7439743399788197;-1.0340084753730352;-16.24047892170612;-1.2238603465941935;-6.882384489541158;-1.1946041028873498;0.0
17;6;0.0;-2.1628863028428145e-05;0.0;0.0;0.0;-0.02630560834257881;0.6372766513750089;-1.8295757228859926;-0.09293275604960613;-0.23218560689312773;1303.2229698616652;-1.7357140029282463;-1.0290461838026863;-16.107120127015794;-1.2136426841673227;-6.822864992468639;-1.1886894528451868;0.0
17;7;0.0;-1.9694696457601546e-05;0.0;0.0;0.0;-0.026039736767202077;0.6343375711163333;-1.8085833339124067;-0.0925082288566512;-0.23111405525825865;1297.2369331634516;-1.7276445449642015;-1.0243137353606415;-15.971491225170759;-1.203353194368476;-6.763846857854832;-1.1830370462853017;0.0
17;8;0.0;-1.761605568868561e-05;0.0;0.0;0.0;-0.025776552035663668;0.6304245106302563;-1.7878429729555245;-0.09194566631650912;-0.22968693056313969;1289.2901975248953;-1.7168686472133767;-1.018103880555907;-15.83132157786619;-1.1928863227435578;-6.70532451082689;-1.1757260098024611;0.0
17;9;0.0;-1.725374085710628e-05;0.0;0.0;0.0;-0.025516027055079868;0.6267901619865015;-1.7673454287576948;-0.09141857007638239;-0.22836227485401894;1281.8748654570775;-1.7069234317425965;-1.0122402889930766;-15.69713906212724;-1.1827299961705593;-6.647292286738637;-1.1688077407001896;0.0
17;10;0.0;-1.7803069145415348e-05;0.0;0.0;0.0;-0.025258134915553017;0.6233988786833102;-1.7470811048010026;-0.09092656157794336;-0.22712624147598623;1274.9537185215972;-1.6976449742167776;-1.0067592485047094;-15.5648420733269;-1.1726937585881316;-6.5897475654414865;-1.1623231829890983;0.0
17;11;0.0;-1.7237356050954058e-05;0.0;0.0;0.0;-0.02500275313651573;0.6198868167628346;-1.727052484672146;-0.09041872300298369;-0.22584588575320638;1267.7942042219272;-1.6880067598007176;-1.0011170848876423;-15.431740078284179;-1.1626508748508648;-6.5326618503264;-1.1556606111582843;0.0
17;12;0.0;-1.696823107245832e-05;0.0;0.0;0.0;-0.02474995318404968;0.6165655534652423;-1.7072520944743408;-0.08993738570066001;-0.2246352814291529;1261.010619540541;-1.678888087827786;-0.9957560141405415;-15.300739268704708;-1.1527375951090486;-6.475974400229955;-1.1493080898710109;0.0
18;1;0.0;-2.6463807895899557e-05;0.0;0.0;0.0;-0.0244987877248534;0.6132797274675154;-2.3191237928885093;-0.0894644025932947;-0.2234370203041696;1254.2855458690058;-1.6697849190202176;-0.9904771983046378;-15.168075529732185;-1.1427625958788306;-6.419525213333998;-1.1430506595477725;0.0
18;2;0.0;-2.703664022808059e-05;0.0;0.0;0.0;-0.024250170814696614;0.6098126451763416;-2.2942242116065477;-0.08896321598689094;-0.2221730359539072;1247.2238833699298;-1.660274622734558;-0.9849126678165749;-15.037491944922339;-1.1329160020564761;-6.363549654234876;-1.1364746884597658;0.0
18;3;0.0;-2.6564934800211948e-05;0.0;0.0;0.0;-0.024004076623817053;0.6061996916933564;-2.2695855588977665;-0.0884405568726445;-0.22085594056699495;1239.862931219983;-1.650370677775794;-0.9791124066074575;-14.907740186106025;-1.1231396733112322;-6.3080478091759735;-1.1296368307256979;0.0
18;4;0.0;-2.6630433371223304e-05;0.0;0.0;0.0;-0.023760479549580434;0.6028814299810918;-2.245213087793815;-0.08795865849598508;-0.21964660789330376;1233.0877604594;-1.6412992989563344;-0.9737411385666052;-14.781491518655333;-1.1135572259051818;-6.253012963878658;-1.1232845353909664;0.0
18;5;0.0;-2.6499963757797592e-05;0.0;0.0;0.0;-0.023510781988818473;0.599231250755546;-2.2210979748034605;-0.08743170845972487;-0.21831574686298355;1225.2227045625348;-1.6307110402255152;-0.9675562961493266;-14.647826081099396;-1.1035073500169799;-6.196274662938523;-1.1160205403171235;0.0
18;6;0.0;-3.0964176450326894e-05;0.0;0.0;0.0;-0.0232637083272761;0.5947047953481378;-2.196626782930848;-0.08677922982654218;-0.21666522070488067;1216.0230834754395;-1.6182770596130347;-0.960367984146179;-14.511291435982436;-1.0933580962683531;-6.140032245106062;-1.1076303053410406;0.0
18;7;0.0;-3.0117295625639982e-05;0.0;0.0;0.0;-0.023019230980012705;0.5911245460493728;-2.1724162866362455;-0.08626048799590944;-0.21536019263857753;1208.7254691179664;-1.6084778271458184;-0.9546097624260582;-14.381548120672768;-1.0835571505899255;-6.084288598665505;-1.1008523772155647;0.0
18;8;0.0;-3.1359869888764126e-05;0.0;0.0;0.0;-0.022777322526101623;0.5890740619083318;-2.1484781471079524;-0.0859567820254266;-0.21461395422693408;1204.4934450777002;-1.6029528256775285;-0.9511400926726117;-14.263080473255368;-1.0743121734770125;-6.029041487264653;-1.09665272541314;0.0
18;9;0.0;-3.063137398200202e-05;0.0;0.0;0.0;-0.02253795598141093;0.5854645916245645;-2.1248134630366033;-0.08542995387047078;-0.2132989616650614;1197.1081090719679;-1.5931275471081754;-0.9452637236009537;-14.138522084074284;-1.0648175900161925;-5.974284578336179;-1.0897489112137824;0.0
18;10;0.0;-3.0453647425784873e-05;0.0;0.0;0.0;-0.02230110471631972;0.5820619770174152;-2.1014148416733005;-0.08493624536341257;-0.21205880831895346;1190.167361032012;-1.5838245165053324;-0.9397761270048336;-14.013010536946586;-1.0553113607232727;-5.920018097358167;-1.083286311222037;0.0
18;11;0.0;-3.113472280302731e-05;0.0;0.0;0.0;-0.022066918913281667;0.579164637359012;-2.0782882163523455;-0.08451373544599436;-0.21100318995959688;1184.2495340220732;-1.5759423171716316;-0.9350559011725239;-13.891837266008004;-1.0460417973191345;-5.866277817644753;-1.0776902072135754;0.0
18;12;0.0;-3.1504264443236645e-05;0.0;0.0;0.0;-0.02183519210486773;0.5749744629813797;-2.055432719514821;-0.08390954569718487;-0.20947531830705207;1175.7130619267377;-1.564383772356289;-0.9283914739826544;-13.762025532637995;-1.0364036103940706;-5.812860472957167;-1.0698923529336573;0.0
19;1;0.0;-2.1994232400663065e-05;0.0;0.0;0.0;-0.021606327203915646;0.572186705410007;-1.6857542217384776;-0.08350425955075767;-0.20845940342483918;1170.0421125418538;-1.5568008183021707;-0.9238775376530484;-13.642324561982926;-1.027273782512995;-5.76002868111106;-1.0645173438891078;0.0
19;2;0.0;-2.102312223279859e-05;0.0;0.0;0.0;-0.021379860903869834;0.5685263270724513;-1.6648825024615794;-0.08297479452667601;-0.2071250096468558;1162.588447180318;-1.546770975344221;-0.9180124528575797;-13.519021304508524;-1.0180081871206426;-5.707665174904556;-1.0576256550229493;0.0
19;3;0.0;-2.206356267860114e-05;0.0;0.0;0.0;-0.02115576808169434;0.5655839274048535;-1.6442716515068958;-0.08254412212721274;-0.20605325781519096;1156.5578785490611;-1.5387767932397138;-0.9131809152187772;-13.40326730107874;-1.0091236698371715;-5.655767368682366;-1.0519001954229807;0.0
19;4;0.0;-2.2415480355655366e-05;0.0;0.0;0.0;-0.02093402383290981;0.5624906995862438;-1.623925324344583;-0.08209594224062092;-0.20492575322928955;1150.2524285426493;-1.5303100143866855;-0.9081964755432601;-13.284394407645761;-1.0001252776203648;-5.6043315567366285;-1.0460062048700571;0.0
19;5;0.0;-2.156716369697319e-05;0.0;0.0;0.0;-0.020716610411658194;0.5586322820635943;-1.6038415715862908;-0.08154185874842011;-0.20351844615225875;1142.5340979481073;-1.5198229417848022;-0.9021876146121458;-13.161131270191852;-0.9909906772394457;-5.553868120333879;-1.0389627762343838;0.0
19;6;0.0;-1.3783493052985174e-05;0.0;0.0;0.0;-0.02050145478529359;0.5550777581572719;-1.584054553790537;-0.08102783699100158;-0.20222261821640192;1135.2966388646194;-1.5100811516787371;-0.8964958728718773;-13.043052349368716;-0.9821260515776401;-5.503848448219952;-1.0322793882121402;0.0
19;7;0.0;-1.29793418928692e-05;0.0;0.0;0.0;-0.020288533517476753;0.5512380380531389;-1.5645170353265545;-0.08047206715322637;-0.20082291004947625;1127.4753310943036;-1.4995652999256133;-0.8903467365300968;-12.925359726661064;-0.9733086710765856;-5.454269112680616;-1.0250847149678444;0.0
19;8;0.0;-1.2767712591875227e-05;0.0;0.0;0.0;-0.020077823409443817;0.5476843428665035;-1.5452274745302697;-0.07995742296719693;-0.19952751655214718;1120.2341934206931;-1.4898361752551759;-0.8846442837149887;-12.809730897944315;-0.9646160792134975;-5.4051278170870205;-1.018395974298388;0.0
19;9;0.0;-1.3651796561094092e-05;0.0;0.0;0.0;-0.01986930148372177;0.5441275791233107;-1.5261897287001132;-0.07944380286428779;-0.19823074272371408;1112.9977006844256;-1.480078269011945;-0.8789665317589149;-12.693773009477557;-0.9559370749502514;-5.356420252955646;-1.0117383307329006;0.0
19;10;0.0;-1.2504831652877223e-05;0.0;0.0;0.0;-0.019662944956186555;0.5415646701506144;-1.5073977422711127;-0.0790724528350346;-0.1972965448060156;1107.7717885054235;-1.473061192205276;-0.8748255913638465;-12.583214200634837;-0.9475370366070601;-5.308139703223011;-1.0068125239342696;0.0
19;11;0.0;-1.2517730497699756e-05;0.0;0.0;0.0;-0.019458888663030895;0.5384497460922626;-1.4888337405301955;-0.07861989540341485;-0.1961613517543904;1101.421848610788;-1.464563689831018;-0.8697974039091316;-12.472956545140928;-0.9391822473882396;-5.260325063707653;-1.0008916352518098;0.0
19;12;0.0;-1.2289867799498755e-05;0.0;0.0;0.0;-0.019256949789328695;0.5351813979144885;-1.4705067034643782;-0.07814607973152979;-0.1949700612839776;1094.7461200527823;-1.4555897761962113;-0.8645361414025665;-12.361705733533784;-0.9308094842317778;-5.212834573472268;-0.9947004320325998;0.0
20;1;0.0;-3.740206901499769e-05;0.0;0.0;0.0;-0.01905611965329864;0.5311561426974439;-1.6295102110257424;-0.07756660454320374;-0.19350215783769947;1086.51508267515;-1.444449341376314;-0.858114107467765;-12.245629040923133;-0.9222224367669108;-5.165499450023302;-0.9872059031442316;0.0
20;2;0.0;-3.7882132988834755e-05;0.0;0.0;0.0;-0.01885738379946615;0.5280590375372569;-1.6106598564040286;-0.07712029467804393;-0.192372806418888;1080.220285664444;-1.4359390007366368;-0.8531775577281966;-12.134431364414608;-0.9138895770726763;-5.118584453513052;-0.9813857464701651;0.0
20;3;0.0;-3.428728214538223e-05;0.0;0.0;0.0;-0.018660720369698885;0.524374975935194;-1.5920313506362738;-0.07658974563322024;-0.19102936143811813;1072.7366248136088;-1.425813152177794;-0.8473309266043025;-12.02162309893918;-0.9055097412122174;-5.072085378055512;-0.9745448455707051;0.0
20;4;0.0;-3.428294676088978e-05;0.0;0.0;0.0;-0.018466107742309855;0.5215297937059269;-1.5736204023711546;-0.07617699202130784;-0.18999236280799028;1066.9329757249272;-1.4180322565817243;-0.8427371976142174;-11.915378206540186;-0.8974617310550576;-5.025994711678952;-0.9691160666088269;0.0
20;5;0.0;-3.4494226525225293e-05;0.0;0.0;0.0;-0.018278368687330213;0.518233484617187;-1.5554135781491079;-0.0756990969115201;-0.18879088539765881;1060.4878398147848;-1.4093731653346926;-0.8376565814651089;-11.811261113001757;-0.8896302529841219;-4.98158577299498;-0.9631426094841086;0.0
20;6;0.0;-1.99912581233887e-05;0.0;0.0;0.0;-0.018092537976396234;0.5157252144719929;-1.5376967491764764;-0.07533685334313896;-0.18787639163632208;1055.3827723127722;-1.4024916029558514;-0.8336292457094435;-11.709196452537746;-0.881919359584519;-4.937572578966177;-0.95835858552577;0.0
20;7;0.0;-1.9383612308713363e-05;0.0;0.0;0.0;-0.01790859617525528;0.5129528878647149;-1.520219747905106;-0.07493897294540001;-0.1868651798222764;1049.7584922318595;-1.3948491166677988;-0.8292366864595826;-11.604877149734863;-0.8741291206388473;-4.893940547559815;-0.9531668292446851;0.0
20;8;0.0;-2.1448611014466916e-05;0.0;0.0;0.0;-0.017726524169538394;0.5096268288552017;-1.5029488193804768;-0.07445604407319624;-0.1856529872807845;1042.9711108966947;-1.3857595531536657;-0.8238775094779327;-11.50364307694169;-0.8665069481028252;-4.850685415164028;-0.9468906090742225;0.0
20;9;0.0;-2.068110466038338e-05;0.0;0.0;0.0;-0.017546302907485177;0.5074522685544269;-1.4858785062700024;-0.07413812672888283;-0.18486085081034867;1038.5150569313403;-1.3798439429028557;-0.820302550637093;-11.408260946941574;-0.859180933105518;-4.807804858183671;-0.9426246779102999;0.0
20;10;0.0;-1.1481522829342332e-05;0.0;0.0;0.0;-0.017367913555111116;0.5043706270807436;-1.469008713832496;-0.0736939611950559;-0.1837371531720828;1032.2502777515517;-1.37137636591445;-0.8153962546739214;-11.306542252534243;-0.8515856807577795;-4.765296043750352;-0.936864036544291;0.0
20;11;0.0;-1.1319862040499399e-05;0.0;0.0;0.0;-0.017192038625637975;0.5010377392675515;-1.4523378890449796;-0.07321429476274416;-0.18252171351063248;1025.5215598479074;-1.3622625296422888;-0.8101443736198706;-11.204475112334839;-0.8440118977063436;-4.72333971838004;-0.9307173952700444;0.0
20;12;0.0;-1.086180754861156e-05;0.0;0.0;0.0;-0.017017944482851585;0.49750164776220784;-1.4358983703290449;-0.07270468105502181;-0.1812322946063023;1018.3672958022152;-1.352636023148695;-0.804539270164025;-11.104595866353256;-0.8365635387804549;-4.681993334171273;-0.9242049515700591;0.0
21;1;0.0;-1.0822721447053681e-05;0.0;0.0;0.0;-0.016845796952193917;0.49544735396895717;-1.7110478711786996;-0.07240406237203909;-0.18048401878444043;1014.166043327525;-1.34706490861795;-0.8011735445652752;-11.013240750219508;-0.8295377070858416;-4.641047325188652;-0.9202138449566276;0.0
21;2;0.0;-1.0555005899927912e-05;0.0;0.0;0.0;-0.016675390462448564;0.4924169481756401;-1.691238184440358;-0.07196402236635861;-0.17937958486748395;1007.9809941639145;-1.3387826157898655;-0.796297092971249;-10.917937985228669;-0.8223523384574258;-4.600451191907067;-0.9145254350695528;0.0
21;3;0.0;-1.2035068529549164e-05;0.0;0.0;0.0;-0.016506707425551912;0.49017394065551156;-1.6716670135442464;-0.0716376389418322;-0.17856224015887825;1003.3962301577885;-1.3326592655660616;-0.7926565970993168;-10.82615046933336;-0.8153533046741988;-4.560199149846055;-0.9102293789191148;0.0
21;4;0.0;-1.26773143896633e-05;0.0;0.0;0.0;-0.016339730454670635;0.4867460858517079;-1.6523123530071735;-0.07113954970815187;-0.1773130155776075;996.3985126900441;-1.3232967371675863;-0.7871449481963997;-10.731462899872545;-0.808242933810092;-4.520291313415549;-0.90383049753324;0.0
21;5;0.0;-1.2131626050723449e-05;0.0;0.0;0.0;-0.01617577732005104;0.48294869632717563;-1.6331908628365293;-0.07059231026556378;-0.17592830989937125;988.7607447535719;-1.3129666005709262;-0.7811994391061825;-10.633489998804897;-0.8010285879066295;-4.481081868313571;-0.8969457355792986;0.0
21;6;0.0;-1.3297258236047724e-05;0.0;0.0;0.0;-0.01601346914783517;0.4799554286317413;-1.6143490684583144;-0.07016126928472091;-0.17483676811325236;982.6775562358021;-1.3047344587387273;-0.7764541035304083;-10.538946814174025;-0.7939956120316668;-4.442200065624705;-0.8914127921826658;0.0
21;7;0.0;-1.3313801610628207e-05;0.0;0.0;0.0;-0.015852789336816827;0.4775287346763383;-1.5957026158175525;-0.06980617691143089;-0.17395284171096048;977.7033206291655;-1.2981382348914206;-0.7724855566049776;-10.4519812320098;-0.7873361666195827;-4.403646241105374;-0.8867556918318157;0.0
21;8;0.0;-1.3137765135137702e-05;0.0;0.0;0.0;-0.015693721545908354;0.4746944133249455;-1.5772689943805838;-0.0693940866657006;-0.17291996422395664;971.9141640338343;-1.2903985345931803;-0.7679137846814417;-10.362725834170138;-0.7805925120318327;-4.3654185164803;-0.8814219907972789;0.0
21;9;0.0;-1.314245111804332e-05;0.0;0.0;0.0;-0.015536249646747609;0.47171556293239086;-1.55905087096858;-0.06896345270995319;-0.1718339774816104;965.8482680086807;-1.2822299115875386;-0.763160721406569;-10.27170362644873;-0.7737887249161083;-4.327512129279144;-0.8758860992268789;0.0
21;10;0.0;-1.223801799834143e-05;0.0;0.0;0.0;-0.015380357634452446;0.46882862831063293;-1.54103193452897;-0.06854578363338794;-0.17078155762590766;959.9671309856207;-1.2743179328185807;-0.7585467406071983;-10.181942478012997;-0.7670650354498983;-4.2899272603261895;-0.8705087424940543;0.0
21;11;0.0;-1.2292958372071027e-05;0.0;0.0;0.0;-0.015225276772315104;0.466508312771444;-1.5232280228127388;-0.06820609470678146;-0.16993640869494286;955.163487813425;-1.267953086993805;-0.7547118080209197;-10.097586940874358;-0.760598999342139;-4.2524591177000275;-0.8660099596710157;0.0
21;12;0.0;-1.2270628980072474e-05;0.0;0.0;0.0;-0.015071759337100801;0.4639024226730738;-1.5056147244164768;-0.06782723726785453;-0.16898677199146603;949.8167001974039;-1.2607711441268323;-0.7504991616839438;-10.009973429130216;-0.7540034110934785;-4.215118579844341;-0.8610660763581097;0.0
22;1;0.0;-1.1043517813317592e-05;0.0;0.0;0.0;-0.01492035935465959;0.4620031743982557;-1.5610885304739819;-0.06754968580560451;-0.16829490399761593;945.9612045385948;-1.255649425112778;-0.7474110361626085;-9.927679598353754;-0.7476868232825121;-4.178256714894832;-0.8573901415983874;0.0
22;2;0.0;-9.95674694566073e-06;0.0;0.0;0.0;-0.014770479912530901;0.45970143106210837;-1.541693474309847;-0.06721564988052288;-0.16745599673363354;941.2636258034951;-1.2493542568809581;-0.7436948919118864;-9.843254126025593;-0.7412923742548361;-4.141706729781256;-0.853009671214791;0.0
22;3;0.0;-1.167655657600987e-05;0.0;0.0;0.0;-0.01462210579688897;0.4571489425063841;-1.5225199663875841;-0.06684343360798058;-0.166526020710611;936.0417997132224;-1.2423992137827886;-0.7395475950244388;-9.7602483382025;-0.734984574238807;-4.105465262858722;-0.8481460240939097;0.0
22;4;0.0;-8.542870704753168e-06;0.0;0.0;0.0;-0.014475222012415627;0.45330206642502974;-1.5035596520418266;-0.06629034728960365;-0.1651230409185688;928.2334644148652;-1.2318124073430032;-0.7334857367444133;-9.668349166171136;-0.7282850306102309;-4.069533798088403;-0.8411308054795629;0.0
22;5;0.0;-7.95483645199722e-06;0.0;0.0;0.0;-0.01432392278514892;0.4494894111375479;-1.4848377208337973;-0.06574009739922387;-0.16373291311702276;920.1081571083637;-1.2208664179293756;-0.7271408624271585;-9.575388149064459;-0.7214426407967298;-4.03230833141812;-0.8337995635128252;0.0
22;6;0.0;-1.16260673161501e-05;0.0;0.0;0.0;-0.01417420487388609;0.4466769907247568;-1.4661434798443196;-0.06533085145195958;-0.1627080773252324;914.3638812113393;-1.2131946673798688;-0.7225992157119765;-9.489465670902396;-0.7149489717206053;-3.995413126744948;-0.8284988686088406;0.0
22;7;0.0;-1.1037705052932378e-05;0.0;0.0;0.0;-0.014026051707938329;0.4433801137320104;-1.4476653900558663;-0.06485300080482118;-0.1615063703148538;907.6454373541218;-1.2041773857575988;-0.7173242438045383;-9.401434783339797;-0.7083796793285925;-3.958850027876416;-0.8223756219905115;0.0
22;8;0.0;-1.109450999973456e-05;0.0;0.0;0.0;-0.013879446941359556;0.44051057025303175;-1.4294334340737556;-0.0644356365798354;-0.1604606845161325;901.786348213156;-1.19634795755111;-0.7126970496799002;-9.316596947844868;-0.7019804088587788;-3.9226134281424097;-0.8169832229142986;0.0
22;9;0.0;-1.0793148946364824e-05;0.0;0.0;0.0;-0.013734374381743795;0.4373936908817054;-1.411425628325345;-0.06398501974806675;-0.1593243822881532;895.4429245340477;-1.187806710200122;-0.7077301027382638;-9.229530088687834;-0.6954995459418065;-3.8867023483019385;-0.8112108904320053;0.0
22;10;0.0;-1.0781506799039335e-05;0.0;0.0;0.0;-0.013590817988938606;0.43494438940524177;-1.3936519694164002;-0.06362884810758604;-0.15843182373786927;890.4417159972095;-1.1811220338065442;-0.7037738382708397;-9.14709709699524;-0.6892551431962096;-3.851113686713159;-0.8065778081482071;0.0
22;11;0.0;-1.0187423352586676e-05;0.0;0.0;0.0;-0.013448816869418534;0.4317016664715904;-1.3761076455497627;-0.06315879529660669;-0.15724986494616067;883.8367674250067;-1.1722579323865583;-0.6985892559317433;-9.062018560430683;-0.6829105363559191;-3.8158574071784126;-0.8005648093524996;0.0
22;12;0.0;-1.0025172698302087e-05;0.0;0.0;0.0;-0.013308299304510164;0.4286281403826049;-1.358775851348711;-0.0627125616235811;-0.15612970372272683;877.545849822726;-1.163802678458441;-0.6936506625094025;-8.97762626222696;-0.676618949068629;-3.780770068610205;-0.794813677775056;0.0
23;1;0.0;-7.056831422839645e-06;0.0;0.0;0.0;-0.013169272885302901;0.4249353579722184;-1.6123610243795103;-0.06217799617990609;-0.15478357068330897;870.028460782692;-1.153697647210058;-0.6877634419324856;-8.891945711842046;-0.6702890935589032;-3.746008267264956;-0.7879981181964437;0.0
23;2;0.0;-6.880440366042587e-06;0.0;0.0;0.0;-0.013031698738072537;0.42187205789261634;-1.5933892385270227;-0.061735965038707374;-0.1536666518723523;863.8006540255597;-1.1452923438396638;-0.6828953871326316;-8.807742799480085;-0.6640485874934056;-3.711559982098023;-0.7823315461920994;0.0
23;3;0.0;-6.935063194073646e-06;0.0;0.0;0.0;-0.012895561639514297;0.41900502465820366;-1.5746442172849244;-0.06131974928277341;-0.1526217411796447;857.9529786383409;-1.1374597488814662;-0.6782873118296385;-8.726969931434603;-0.6579877867897255;-3.6774215251281768;-0.7769597416408757;0.0
23;4;0.0;-7.155169600913755e-06;0.0;0.0;0.0;-0.012760846527381863;0.4167500677747665;-1.5561197273283043;-0.06099235326468365;-0.15179991270793655;853.3525568894713;-1.1312989342652935;-0.6746492018839875;-8.648622913963194;-0.6520599484517554;-3.6435951739064554;-0.7726819897178441;0.0
23;5;0.0;-7.297639189973472e-06;0.0;0.0;0.0;-0.012627305928030425;0.41476005440475655;-1.5378319755228667;-0.06070221324447387;-0.1510748598925793;849.2678171919038;-1.1258580583644648;-0.6713962105176534;-8.572524275661575;-0.6462520856410503;-3.61001291512101;-0.7688401983969299;0.0
23;6;0.0;-2.1370424402616285e-05;0.0;0.0;0.0;-0.012495162636721877;0.4119729983624788;-1.5197547022053288;-0.06029854308667407;-0.15005893076472915;843.5897476202293;-1.1182296841402684;-0.666935571977722;-8.492943594111676;-0.6403029649717265;-3.5767311324446776;-0.7636417329141365;0.0
23;7;0.0;-2.0838425771163724e-05;0.0;0.0;0.0;-0.012364402067472628;0.4094362122264592;-1.5018812790368723;-0.059930251609059015;-0.14913438430983295;838.4153218461216;-1.1112994661448483;-0.662853877697903;-8.415529456877323;-0.6344743442351476;-3.5437528278359323;-0.7588721354722944;0.0
23;8;0.0;-2.0717193913941916e-05;0.0;0.0;0.0;-0.012235009707030522;0.40742854409260143;-1.4842303918105522;-0.05963930157378909;-0.1484025845907252;834.32290865879;-1.1058057964886578;-0.6596214026624876;-8.339798607476709;-0.6287436415121971;-3.511072227446573;-0.7550600788799966;0.0
23;9;0.0;-1.9629723299219348e-05;0.0;0.0;0.0;-0.012106971303305465;0.4038735774020568;-1.4667877667382367;-0.059125726286038606;-0.14710650422889207;827.0924082618391;-1.0960613739398888;-0.6539769989441712;-8.258618519104555;-0.6227799453585632;-3.4786863424325514;-0.7485367010579375;0.0
23;10;0.0;-1.852094416130015e-05;0.0;0.0;0.0;-0.01198027277423446;0.40049356005034925;-1.4495494558115951;-0.05863713399923748;-0.1458742593662728;820.2154065223222;-1.0868003012921388;-0.6486024538354521;-8.178893970113574;-0.6169032695572949;-3.4465920492898636;-0.7423189235709658;0.0
23;11;0.0;-1.9234283644823208e-05;0.0;0.0;0.0;-0.011854335561482878;0.3985746097252021;-1.432510946414455;-0.05835761868625093;-0.1451750510289061;816.2551214310095;-1.0815195022234279;-0.6454542581736397;-8.106104574190963;-0.6113563276096611;-3.4146309346395802;-0.7386079621105999;0.0
23;12;0.0;-2.0065898684692488e-05;0.0;0.0;0.0;-0.011729722007365783;0.39641210867456433;-1.415627635034308;-0.05804029658147136;-0.1443875156150915;811.8559111657445;-1.0757579557981711;-0.6419140824608349;-8.037106735279261;-0.6060045963863041;-3.3832188057052908;-0.7344879788843895;0.0
24;1;0.0;-8.363259600393233e-06;0.0;0.0;0.0;-0.01160675024915165;0.39379125271224785;-0.6454722913523685;-0.05765818271787134;-0.1434326176995854;806.5217670394145;-1.0686518452114349;-0.6377004950261648;-7.964343539994998;-0.6005041006943314;-3.3521888897844043;-0.729612643965356;0.0
24;2;0.0;-8.008090578878526e-06;0.0;0.0;0.0;-0.011485067607331945;0.39059431551840385;-0.6381642266385703;-0.057195822388611574;-0.142267159445286;800.0151483812963;-1.0598945184446646;-0.6326219619175527;-7.887674853771154;-0.5948414434171252;-3.3214371338172515;-0.7237656532399709;0.0
24;3;0.0;-7.887028936575918e-06;0.0;0.0;0.0;-0.011364660581434602;0.387803953392021;-0.6309387254092544;-0.05678993683442986;-0.14125033476445284;794.3183560109813;-1.0522826802138907;-0.6281387613306796;-7.814879701310046;-0.5893771823075569;-3.2909609358985716;-0.7185897837790118;0.0
24;4;0.0;-7.864648865313755e-06;0.0;0.0;0.0;-0.011245515768572887;0.38521080040173283;-0.623794390493386;-0.056411262742745175;-0.1403056371374639;789.013106687199;-1.0452291686811421;-0.6239410963850512;-7.744415607003493;-0.5840396285929574;-3.2607588898169024;-0.7137366155490583;0.0
24;5;0.0;-7.86480058457044e-06;0.0;0.0;0.0;-0.011131310739894339;0.382622267658213;-0.616732744593195;-0.056033263481845785;-0.13936262266218605;783.9726596713969;-1.0385202142635153;-0.619955593937035;-7.676859335447931;-0.5789292887242588;-3.2318672294202377;-0.7091236514044154;0.0
24;6;0.0;-9.658022477174677e-06;0.0;0.0;0.0;-0.011018265395616973;0.3802012569300157;-0.6098744942677896;-0.05567978678142754;-0.13848062661038255;779.018281572428;-1.0319317314376515;-0.6160345258319944;-7.610139215924521;-0.5738746907799515;-3.203226583607312;-0.704584645657667;0.0
24;7;0.0;-9.212885680262484e-06;0.0;0.0;0.0;-0.010906367964022003;0.37772044876971694;-0.6030951079534135;-0.05531808667187049;-0.13757675538986905;773.9454093850538;-1.0251736056280736;-0.6120279866346777;-7.543394081759505;-0.5688357610168128;-3.174833037055275;-0.6999507305267586;0.0
24;8;0.0;-9.252301705585813e-06;0.0;0.0;0.0;-0.010795606786887523;0.37539336823365627;-0.5963892781672926;-0.054976211212896614;-0.13672935561964752;769.1677243101243;-1.0188704308656307;-0.6082173937305387;-7.479695054668396;-0.5639547706955195;-3.14668666365754;-0.6955387355835673;0.0
24;9;0.0;-9.365029800098344e-06;0.0;0.0;0.0;-0.01068597032469128;0.3729777108594932;-0.5897614004847349;-0.05462406146738388;-0.13584921262573632;764.2285513552455;-1.0122893716305785;-0.6043169393733273;-7.414107620792865;-0.5590027631140545;-3.118785870378508;-0.6910271677915623;0.0
24;10;0.0;-8.96112555035835e-06;0.0;0.0;0.0;-0.010577447178148508;0.3703388340804254;-0.5832117587845032;-0.05424117168203688;-0.13488741884485095;758.8465007384617;-1.0050751855987257;-0.6000953264822382;-7.347001766618668;-0.5539967579416835;-3.0911248244388925;-0.686155366370187;0.0
24;11;0.0;-8.880899087973801e-06;0.0;0.0;0.0;-0.010470052217291883;0.36817294434505626;-0.5767303060854704;-0.053925174615649704;-0.13409832449160378;754.4174224541262;-0.9991795952965905;-0.5965908836954477;-7.283247671044255;-0.5491629823505283;-3.0637090743537545;-0.6820914556582413;0.0
24;12;0.0;-8.79505544219932e-06;0.0;0.0;0.0;-0.010363747499326014;0.36604516618935024;-0.5703174724612565;-0.0536141731004002;-0.13332321594407873;750.0285468695664;-0.9933075892889777;-0.5931273963414971;-7.218983353437554;-0.5443216785086612;-3.0363198556139497;-0.6780505188063298;0.0
25;1;0.0;-7.153443156079377e-06;0.0;0.0;0.0;-0.010258479202826918;0.3636876099446639;-1.0220348354980031;-0.053272304809389576;-0.13246391910706526;745.2188141643479;-0.9868564520426663;-0.5893461443573851;-7.154059211159846;-0.5394649094378661;-3.0091596018389133;-0.6736539997586676;0.0
25;2;0.0;-7.658939975878274e-06;0.0;0.0;0.0;-0.010154279962603407;0.3622687479762846;-1.0105029410348783;-0.053062959160630044;-0.13194740466294927;742.2977785180959;-0.9830240522493165;-0.5869831480727594;-7.095423132041049;-0.5349156027685759;-2.982240432842863;-0.6708551090718162;0.0
25;3;0.0;-7.510746969126619e-06;0.0;0.0;0.0;-0.010051138934513015;0.359774653760869;-0.9991104815866654;-0.052701313268428134;-0.1310383377417054;737.2132194608231;-0.9762036560059528;-0.5829902295813258;-7.031066105791236;-0.5301167572135875;-2.9555597450236033;-0.6662245597485321;0.0
25;4;0.0;-7.17294213092602e-06;0.0;0.0;0.0;-0.009949045481530902;0.3567651747378747;-0.9878543725016264;-0.05226602301358754;-0.1299412255860898;731.0867684879958;-0.9679596233878254;-0.5782038292390397;-6.964747992845363;-0.5252425922979038;-2.9291116009115234;-0.6607028703609336;0.0
25;5;0.0;-6.9970020896801255e-06;0.0;0.0;0.0;-0.009849582615326627;0.354150472659592;-0.9767226209914626;-0.05188839282083722;-0.1289879304649517;725.8829752644876;-0.9609385981943452;-0.5741426408135396;-6.9007673995553;-0.5205247539356446;-2.903350911978229;-0.6559986996649074;0.0
25;6;0.0;-7.530508381537517e-06;0.0;0.0;0.0;-0.009751114012293035;0.3514579473984936;-0.9658360706987738;-0.05149738899765105;-0.12800664217918029;720.3891176207079;-0.9535830004930107;-0.5698257014768936;-6.838756750669271;-0.5159130553572855;-2.8778135484764436;-0.6510086121763005;0.0
25;7;0.0;-7.803844499771995e-06;0.0;0.0;0.0;-0.009653629613179672;0.3503593864945166;-0.9550757621660331;-0.05133629047815278;-0.12760655211649474;718.1337683324178;-0.9506006536400297;-0.5680069564295893;-6.782987658241204;-0.5116054521384139;-2.852498998487418;-0.6488309369662076;0.0
25;8;0.0;-7.825961872928179e-06;0.0;0.0;0.0;-0.009557119528344659;0.34832555254406633;-0.9444439105694015;-0.051040149494337564;-0.1268654642949698;713.9772462991431;-0.945054500333122;-0.564720643665833;-6.724405329212216;-0.5071819439120333;-2.82740553722213;-0.6450041885780377;0.0
25;9;0.0;-7.234425145412598e-06;0.0;0.0;0.0;-0.009461574197796044;0.3451651223071318;-0.9339394472871033;-0.050583817022598135;-0.12571318147650748;707.5489221776497;-0.9363856027336712;-0.5597142441795628;-6.66027391087821;-0.5025155513488166;-2.8025293369739903;-0.639244027851589;0.0
25;10;0.0;-6.8054190115618655e-06;0.0;0.0;0.0;-0.009366984022412914;0.342618781990755;-0.9235555979922228;-0.05021584623521685;-0.12478484850528714;702.3665160598654;-0.9294039317285178;-0.5556663988340651;-6.59898399322234;-0.4979952371792574;-2.7778649643145563;-0.634563488017708;0.0
25;11;0.0;-7.109032378754984e-06;0.0;0.0;0.0;-0.009272919365324856;0.34084687619572224;-0.9132814803820636;-0.04995762821490162;-0.12413924043679427;698.7121178552253;-0.9245338223929023;-0.5527699426894258;-6.542302865659229;-0.4936942131879655;-2.753292009043552;-0.6311797756206308;0.0
25;12;0.0;-6.674204721865727e-06;0.0;0.0;0.0;-0.009179799172599848;0.3382730309817813;-0.9030909103023324;-0.04958543816578636;-0.12320092345048549;693.479132761431;-0.9174991637602956;-0.5486770394770895;-6.482086263966446;-0.4892434755408387;-2.7289768572678548;-0.6264567570408138;0.0
26;1;0.0;-1.2253755309173658e-05;0.0;0.0;0.0;-0.009087776229806594;0.3360984993065828;-0.7352013845971971;-0.04926871660459944;-0.12240858498441791;689.0467139863794;-0.9115861245015259;-0.545178784141027;-6.425282494323326;-0.48496844619879165;-2.704917677499568;-0.6224039758708517;0.0
26;2;0.0;-1.1948082299514756e-05;0.0;0.0;0.0;-0.008996675617395561;0.33408775510620037;-0.7269240119302097;-0.048977320079519715;-0.12167566415812217;684.9476725833965;-0.906083532473654;-0.5419607425872286;-6.368102942539917;-0.48068992953317424;-2.6810647983449787;-0.618667656122721;0.0
26;3;0.0;-1.2143402752712888e-05;0.0;0.0;0.0;-0.008906488087079915;0.33199081854631346;-0.7187367283798936;-0.04867292729414737;-0.1209114160971618;680.669529164676;-0.9003527525353832;-0.538597295080392;-6.311521419581128;-0.4764529674665027;-2.657419990741519;-0.6147693660903318;0.0
26;4;0.0;-1.2140036741781634e-05;0.0;0.0;0.0;-0.008817204498237889;0.3299024421118773;-0.7106478451524426;-0.04836914857596786;-0.12015039989951469;676.4042416660452;-0.8946541666433838;-0.535235803821354;-6.255918295246606;-0.4722750846859963;-2.633981351565595;-0.6108748524125354;0.0
26;5;0.0;-1.1852898966278905e-05;0.0;0.0;0.0;-0.008726347251778534;0.32745103139458337;-0.7026558016403649;-0.04801444409374847;-0.11925675648841788;671.225118243894;-0.8876965500916892;-0.5311842596048605;-6.196623016887899;-0.46788851715678803;-2.6100274812930624;-0.6062053043255328;0.0
26;6;0.0;-5.3619003445909705e-06;0.0;0.0;0.0;-0.008636426104652626;0.3255954225422303;-0.6946125861309373;-0.04774549740752102;-0.11858038861303935;667.44330027753;-0.8826210732039127;-0.5282135835296168;-6.140104573372496;-0.46364510326291464;-2.5862897328574332;-0.6027533565920806;0.0
26;7;0.0;-5.14890106351529e-06;0.0;0.0;0.0;-0.008547431418317052;0.32303113969625474;-0.6866687470230299;-0.047374113414492505;-0.11764566047675053;662.2201244248854;-0.8756039838903279;-0.5241289906983284;-6.081629768902074;-0.45932523752340443;-2.5627628537236786;-0.5980494683822981;0.0
26;8;0.0;-4.976795823683885e-06;0.0;0.0;0.0;-0.008459353714008924;0.32045253904581616;-0.6788141701007151;-0.046999946378737154;-0.11670583970125596;656.9626552122731;-0.8685577743370578;-0.5200085539006122;-6.024146323553148;-0.45506548821680154;-2.539445836137399;-0.5933065504017461;0.0
26;9;0.0;-5.04248378619738e-06;0.0;0.0;0.0;-0.008372183494187205;0.31851358439560634;-0.6710499530591327;-0.046717795353858706;-0.1159992928024323;653.0026625764375;-0.8632695655695282;-0.5168858343659356;-5.969628044958607;-0.4509572609244189;-2.5163380885906994;-0.5896874882571063;0.0
26;10;0.0;-4.932626817104829e-06;0.0;0.0;0.0;-0.008285911398227755;0.316116014988149;-0.6633783350580985;-0.04636892867719417;-0.11512562494219622;648.1070192562446;-0.8567313956984863;-0.5130342769706623;-5.914354839330132;-0.44682793131384557;-2.493438080401382;-0.5852499252488;0.0
26;11;0.0;-4.866854862355602e-06;0.0;0.0;0.0;-0.00820058769114961;0.3140765043247307;-0.6557990025477503;-0.04607231991688769;-0.11438240468033276;643.9477662748216;-0.851172736112334;-0.5097595810494328;-5.8603394590763;-0.442771955133757;-2.4707605881079346;-0.5814626592162807;0.0
26;12;0.0;-4.675283854204443e-06;0.0;0.0;0.0;-0.00811614249365734;0.3115737930415105;-0.648312028529412;-0.04570952396449335;-0.11347017921920442;638.8452083253795;-0.8443222441470152;-0.5057674589883494;-5.804430143093386;-0.4386418012753855;-2.4482686343972277;-0.5768675853514517;0.0
27;1;0.0;-8.119818942862896e-06;0.0;0.0;0.0;-0.008032784517417348;0.30889971631046725;-0.5728453350043132;-0.04532219082025075;-0.1124954377099578;633.4151774666573;-0.8370275171627006;-0.5015243127813247;-5.748431716499276;-0.4345255979598513;-2.426040388360873;-0.5719912383554959;0.0
27;2;0.0;-7.93262374426929e-06;0.0;0.0;0.0;-0.007950282608131923;0.30673464852351867;-0.5657759489842407;-0.04500715383394025;-0.11170649304232648;628.9938978409888;-0.8311228190763839;-0.4980436163244596;-5.695637914205715;-0.43057132889103356;-2.4040097192912397;-0.5679738424975611;0.0
27;3;0.0;-7.492113579320809e-06;0.0;0.0;0.0;-0.007868627934965938;0.3045842097779195;-0.5587919155164676;-0.0446945569540359;-0.11092282363548892;624.6047962594955;-0.8252536947840756;-0.4945926223703027;-5.643036909929139;-0.42663921835631474;-2.382174792119143;-0.5639910307450937;0.0
27;4;0.0;-7.27533657585118e-06;0.0;0.0;0.0;-0.007787811800038141;0.30241659058097675;-0.5518917427374959;-0.044380105602516574;-0.11013277865914026;620.185431496396;-0.8193288136401942;-0.4911271710699885;-5.59026532308649;-0.42271230345149796;-2.360533738707343;-0.5599930901200602;0.0
27;5;0.0;-7.652094302803815e-06;0.0;0.0;0.0;-0.007708439933870596;0.30106404125883096;-0.5450737140615552;-0.044181191919132515;-0.10964028879746915;617.4554033014794;-0.8157311982970362;-0.4889387325653988;-5.5429518282508345;-0.4190643930709964;-2.3392689828362916;-0.5574332305692109;0.0
27;6;0.0;-6.5491904403915375e-06;0.0;0.0;0.0;-0.007629876905522537;0.2985718711232856;-0.5383703473627015;-0.04381964626750972;-0.10873195504566786;612.3745775281315;-0.8089200572046205;-0.4849601163786204;-5.4904554825094065;-0.41518880137997105;-2.318194194960249;-0.5528608407476459;0.0
27;7;0.0;-6.351868305913243e-06;0.0;0.0;0.0;-0.0075521145391513;0.29621347494900707;-0.5317574422898113;-0.04347728062202443;-0.10787241901539892;607.5645996206915;-0.8024772954080973;-0.4811893020209919;-5.4389292581053805;-0.41137074217204855;-2.297306787636804;-0.5485235198387236;0.0
27;8;0.0;-6.402541609759619e-06;0.0;0.0;0.0;-0.007475144637972676;0.2943539044296091;-0.5252299783120524;-0.04320589516462147;-0.10719493950938697;603.7607874691273;-0.7974163734806173;-0.4781816688019849;-5.39040862439308;-0.4077044953046772;-2.2766055024087044;-0.5450460974825582;0.0
27;9;0.0;-6.239970603324495e-06;0.0;0.0;0.0;-0.00739895911739929;0.29216832694840456;-0.518788372834583;-0.04288894175616002;-0.10639833079016112;599.3054862645791;-0.7914409479027968;-0.4746918359232056;-5.339880951490967;-0.4039575149208228;-2.2560874763716496;-0.5410273604932521;0.0
27;10;0.0;-6.060320947180243e-06;0.0;0.0;0.0;-0.007323550024077666;0.2897070215718064;-0.5124265298140226;-0.042531654545575566;-0.10550128554641612;594.2859179087327;-0.7847169498514088;-0.47075952688084055;-5.289204507684163;-0.40021586724675273;-2.235750476414231;-0.5365119077021131;0.0
27;11;0.0;-5.762778233146552e-06;0.0;0.0;0.0;-0.007248606557803385;0.2878679327991167;-0.5061408072399908;-0.042263765377126165;-0.10483117754416818;590.5034465324078;-0.7796730636694504;-0.46777618226361994;-5.2412539627740315;-0.39660633323601396;-2.215503273562673;-0.5330651483920422;0.0
27;12;0.0;-5.991458560604687e-06;0.0;0.0;0.0;-0.007174429904476201;0.2860316595386779;-0.49992100286400043;-0.04199535683072725;-0.10416226112801318;586.7471729891616;-0.7746892429508208;-0.4648001650736678;-5.194605494553064;-0.3930693163687041;-2.1954589487064986;-0.5296303768366196;0.0
28;1;0.0;-3.7177888519503774e-06;0.0;0.0;0.0;-0.007101022881004625;0.2842102177637147;-0.5541071872972494;-0.04172966681686269;-0.103498649359709;583.0235098709608;-0.7697319622132001;-0.46185971030470235;-5.147779860206452;-0.38953634590811365;-2.1755977400700046;-0.5262368749838129;0.0
28;2;0.0;-3.7667629797970916e-06;0.0;0.0;0.0;-0.007028366834208437;0.28252391150892087;-0.5474128987789828;-0.04148246562521407;-0.10288448999502724;579.5659625653859;-0.7651578292489077;-0.4591112669178584;-5.102646127102685;-0.3860937591860515;-2.1559139000696947;-0.523060524384713;0.0
28;3;0.0;-3.6456671753265707e-06;0.0;0.0;0.0;-0.006956454089648215;0.2805917622191195;-0.5408042131582536;-0.041202073979825435;-0.10218028583829952;575.625821417274;-0.7598778376261629;-0.45602195395340495;-5.055102601329701;-0.3825512552987451;-2.1364055227689533;-0.5195017782669298;0.0
28;4;0.0;-3.6923642602716604e-06;0.0;0.0;0.0;-0.006885277055144433;0.2787364590506477;-0.5342784311365156;-0.04093132124617459;-0.1015043592420981;571.831076126807;-0.7548286007240599;-0.4530254075651943;-5.00940559474494;-0.3791061030669928;-2.117069759470621;-0.5160483112421832;0.0
28;5;0.0;-3.5242660551988025e-06;0.0;0.0;0.0;-0.006812993662166278;0.27661535616515226;-0.5278286372546372;-0.04062300500832309;-0.10073137760019629;567.3515884747037;-0.7488438307505844;-0.44950731134556476;-4.9612376152731645;-0.3755188277361723;-2.0973556445593196;-0.5120090724262475;0.0
28;6;0.0;-4.437030110110068e-06;0.0;0.0;0.0;-0.006741469025119474;0.2750741242192264;-0.5213811501624576;-0.0403968409287351;-0.10017009583637769;564.1904450815786;-0.7446672517879275;-0.44699036073740384;-4.916795897027267;-0.37211658230285966;-2.077823435011351;-0.5090972805710775;0.0
28;7;0.0;-4.426930598128426e-06;0.0;0.0;0.0;-0.006670695171023073;0.2730740614772184;-0.5150194183106267;-0.04010398494022376;-0.09944160455067041;560.0938622919452;-0.7392397735424178;-0.4437453717957864;-4.871500690769564;-0.3686868913820311;-2.0584724221080926;-0.5053676970265881;0.0
28;8;0.0;-4.282872838822484e-06;0.0;0.0;0.0;-0.006600664255383143;0.27097927749901085;-0.5087464344979195;-0.03979897014784722;-0.09867830760506303;555.8159565422387;-0.7335314177998762;-0.4403814560091329;-4.824982706946172;-0.3652125245544565;-2.039298896485839;-0.50150531586938;0.0
28;9;0.0;-4.065853544230225e-06;0.0;0.0;0.0;-0.006531368505054791;0.2686043575893929;-0.5025518445174244;-0.03945270245491519;-0.09781301736185816;550.9628853773689;-0.7270664935342928;-0.4365627421271173;-4.778524843963539;-0.36175286562260356;-2.0203000068717154;-0.4971321236278447;0.0
28;10;0.0;-3.870302094784034e-06;0.0;0.0;0.0;-0.006462800197557315;0.2666231818409494;-0.4964290891017251;-0.03916425720358525;-0.09709111207277768;546.9170596161292;-0.7216671102573863;-0.43338088550563575;-4.733008647210376;-0.3583486874935295;-2.0014742333466047;-0.4934762276651518;0.0
28;11;0.0;-4.00715911560194e-06;0.0;0.0;0.0;-0.006394712617263495;0.26501483643645296;-0.4903774803128358;-0.03892879534421006;-0.0965052909516232;543.6024760129388;-0.7172750994707471;-0.4307518631818797;-4.689709210034166;-0.3550538692887034;-1.9827478773901226;-0.4904431022867431;0.0
28;12;0.0;-4.072430187109072e-06;0.0;0.0;0.0;-0.006327342252964192;0.2633430622178271;-0.4843867173893176;-0.038683761181992585;-0.09589641766379269;540.1727351223733;-0.7127320816259254;-0.42803090900103374;-4.646730546494361;-0.35178562678547015;-1.9641713459867727;-0.4873048795536595;0.0
29;1;0.0;-4.751395623884837e-06;0.0;0.0;0.0;-0.006260808523068384;0.26137007767926085;-0.5278856868646983;-0.03839530231216868;-0.09517771213266688;536.1456106477249;-0.7073858659123176;-0.4248474991306108;-4.6032590681542;-0.3485088683177632;-1.9458027642631246;-0.483647159542607;0.0
29;2;0.0;-4.915045768654522e-06;0.0;0.0;0.0;-0.006194974320989194;0.2598914456626579;-0.5217834259208356;-0.03817797954489041;-0.09463928930316619;533.1104855937607;-0.7033839457690202;-0.4224267638257481;-4.562084267312742;-0.34535005317461115;-1.9276035834710874;-0.48084845238366997;0.0
29;3;0.0;-4.786903226131831e-06;0.0;0.0;0.0;-0.006129832299893276;0.25781997211167246;-0.5157535362681798;-0.03787673039012258;-0.0938844199831675;528.8832470136476;-0.6977345081325569;-0.41910856766593296;-4.517801313201894;-0.3420584530332236;-1.9095732102423408;-0.47704120116250015;0.0
29;4;0.0;-4.808928375482636e-06;0.0;0.0;0.0;-0.006065375180926523;0.2563748153485859;-0.5097976096799461;-0.037665410573505455;-0.09335799364434559;525.9247664993683;-0.6938079808982065;-0.4167636365768704;-4.476475787613743;-0.3389152343643168;-1.8917079014149885;-0.47432970308323597;0.0
29;5;0.0;-4.748768348275412e-06;0.0;0.0;0.0;-0.006001112523343281;0.25457217484463884;-0.5039089188792996;-0.037401115355419304;-0.09270147205628504;522.188592196085;-0.6888671548538817;-0.4137987494343778;-4.435054341222066;-0.33576823371481473;-1.8738602407391003;-0.4709217127024073;0.0
29;6;0.0;-3.434640323183877e-06;0.0;0.0;0.0;-0.005937530663380166;0.25279749750797414;-0.4980596054123524;-0.037140537757851484;-0.0920552027891402;518.5486330795202;-0.6840617636711643;-0.4109052427806959;-4.394352215268002;-0.33266582835345454;-1.8561789906987485;-0.46759501558674615;0.0
29;7;0.0;-3.4016089417714834e-06;0.0;0.0;0.0;-0.00587462238364022;0.2510863766808849;-0.49228068954340665;-0.03689078005694526;-0.09143181312748867;515.0499490918081;-0.6794077083348353;-0.40814357752033814;-4.35285427110008;-0.3295376592018282;-1.8386634261545374;-0.46441770972635127;0.0
29;8;0.0;-3.42381065800557e-06;0.0;0.0;0.0;-0.0058123805624302515;0.24906990950735633;-0.48657340073976396;-0.036596397992498635;-0.0906971906390532;510.92696741891393;-0.6739244878272753;-0.40489285836372274;-4.311079739592312;-0.32640770415299575;-1.8213118333599905;-0.460691251113682;0.0
29;9;0.0;-3.3146612251867916e-06;0.0;0.0;0.0;-0.005750798151788915;0.24715796456106742;-0.48093633156042764;-0.03631755441676401;-0.0900005970095758;507.0196275951045;-0.668721380517611;-0.4018150855906535;-4.269640464090083;-0.32330423645214884;-1.804121957758179;-0.45716028945606835;0.0
29;10;0.0;-3.1297937295420046e-06;0.0;0.0;0.0;-0.0056898681748197445;0.24499392603444026;-0.47536664209815327;-0.036003183844839304;-0.08921193530005649;502.6065871731521;-0.6628154765292428;-0.39835897676872944;-4.226933258771447;-0.3201528170725853;-1.7870919823834328;-0.4532045806984308;0.0
29;11;0.0;-2.9945806033647774e-06;0.0;0.0;0.0;-0.005629780961685018;0.24298149436021693;-0.46986262369545845;-0.035710246921251236;-0.08847863039367268;498.5154370361394;-0.6573537118985897;-0.3951459908152258;-4.185608034019191;-0.3170805368336908;-1.7702809606551686;-0.44952325527234493;0.0
29;12;0.0;-2.9978836067491813e-06;0.0;0.0;0.0;-0.00557032824445516;0.24126904201831012;-0.4644358262511551;-0.03546010761646352;-0.08785478902042107;495.01647544691923;-0.6527089477049525;-0.39238103520693524;-4.146284888300682;-0.3141116643105014;-1.7536506324256027;-0.4463496912639861;0.0
30;1;0.0;-4.267051975665502e-06;0.0;0.0;0.0;-0.005511379193157466;0.23946490180846483;-0.39722350048847277;-0.03519665520747293;-0.08719753179658364;491.3157953527841;-0.6477890640356404;-0.3894623006141988;-4.106748456101378;-0.311140657924641;-1.737135355293241;-0.44300383376316194;0.0
30;2;0.0;-4.750183479812558e-06;0.0;0.0;0.0;-0.005453053920866119;0.23785668788655748;-0.39234399618718196;-0.03496124906394167;-0.08661175206559217;488.02243699324305;-0.6434238143301227;-0.3868552886877807;-4.068428963019215;-0.30823651418127307;-1.7207722907529506;-0.44000932464505627;0.0
30;3;0.0;-6.117216617914845e-06;0.0;0.0;0.0;-0.005395345838521986;0.23586762304138065;-0.38752102860068005;-0.034670917680096974;-0.08588710360824622;483.955849897956;-0.6380142697526895;-0.3836522834334293;-4.029048505653234;-0.3052935113576781;-1.7045609501412204;-0.4363450780454598;0.0
30;4;0.0;-8.422589034089952e-06;0.0;0.0;0.0;-0.005338248398511876;0.2345973723902075;-0.3827579106306288;-0.03448463237927546;-0.08542448671215953;481.35162330359213;-0.6345707745269932;-0.3815822862339354;-3.992291511725543;-0.3024824069806348;-1.6885001139799882;-0.4339562304350283;0.0
30;5;0.0;-1.0935382500400204e-05;0.0;0.0;0.0;-0.00528265626584566;0.23322668792586312;-0.37805462908535625;-0.034283470624893175;-0.08492531879602497;478.62111954348575;-0.6309620421806735;-0.3794121553318518;-3.956436769271163;-0.29974313017764087;-1.672867595418548;-0.43145556191052864;0.0
30;6;0.0;-7.534684740431503e-06;0.0;0.0;0.0;-0.005227642995676058;0.2313004691432006;-0.37344630497786113;-0.03400314390423732;-0.08422341796019518;474.68863289479407;-0.6257113185741643;-0.376326092511027;-3.9180725560069183;-0.2968971824700536;-1.6573784803653417;-0.42792530718523364;0.0
30;7;0.0;-7.18005888557572e-06;0.0;0.0;0.0;-0.005173202587815961;0.22956292308742937;-0.36889913840267846;-0.03374931738068904;-0.08359043889949683;471.1339978762974;-0.6209877483761327;-0.37352200324032286;-3.881283252397032;-0.29413387595274604;-1.6420304681302735;-0.42471298135942775;0.0
30;8;0.0;-3.8475860761017855e-06;0.0;0.0;0.0;-0.00511932906492689;0.22787453012152167;-0.3644077411293735;-0.03350230369266946;-0.08297543158898661;467.6771916043047;-0.6164029280947448;-0.3707898170770583;-3.845202674402855;-0.291412960097589;-1.6268228957347926;-0.42158231605221685;0.0
30;9;0.0;-3.844534862723232e-06;0.0;0.0;0.0;-0.005066016520219176;0.22622984755914874;-0.35997410785862394;-0.03326192704392293;-0.08237630288694199;464.311610882448;-0.6119333377311609;-0.36813276328539607;-3.809299037573065;-0.28870969171114863;-1.6117539816532782;-0.4185368743902037;0.0
30;10;0.0;-3.5990695677068395e-06;0.0;0.0;0.0;-0.005013259107248009;0.22464836074777053;-0.3555951586274617;-0.03303073507919171;-0.08180020447829946;461.0749257422678;-0.6076361690322354;-0.3655762902523064;-3.773860982430374;-0.2860373721859202;-1.596822819159132;-0.41560531594537714;0.0
30;11;0.0;-2.4185144765190366e-06;0.0;0.0;0.0;-0.00496112350288588;0.22243702239974375;-0.35127169995414903;-0.03270838786590734;-0.08099450188611032;456.563366622984;-0.6016243735300775;-0.36203286140232466;-3.7367344991070803;-0.2832976425401561;-1.582049919436809;-0.4115640583741027;0.0
30;12;0.0;-2.240500040974614e-06;0.0;0.0;0.0;-0.004909530064999928;0.22079427098801013;-0.34700201579284684;-0.032468749483376684;-0.08039599537426598;453.2319347195311;-0.597226104075913;-0.3593947905822225;-3.702707105563709;-0.28071078758895457;-1.567579686627848;-0.40856141943359525;0.0
31;1;0.0;-2.683677227231307e-06;0.0;0.0;0.0;-0.004858391250142164;0.2193011799671124;-0.38453393919836454;-0.03224859461382005;-0.07985243353579918;450.1545096138165;-0.5931850505482452;-0.3569445777281007;-3.6698643635633803;-0.2781861315189564;-1.5532137238560935;-0.4057703797037208;0.0
31;2;0.0;-2.6891616197862675e-06;0.0;0.0;0.0;-0.004807785045993277;0.21774239340846338;-0.38066928099751624;-0.03201880761679926;-0.07928494540991535;446.95007196483624;-0.5889758433934409;-0.3543945723623174;-3.6371974563118736;-0.2756786680359475;-1.5389768511046331;-0.40286732254422614;0.0
31;3;0.0;-2.681008205873458e-06;0.0;0.0;0.0;-0.004757705917136319;0.21608720632030518;-0.3768426195580582;-0.03177533955054907;-0.07868226750465543;443.55147960217494;-0.5844990618293956;-0.35169800590311306;-3.6042739353546036;-0.27316826472190847;-1.52486822562377;-0.3997996646905231;0.0
31;4;0.0;-2.7437322294308933e-06;0.0;0.0;0.0;-0.004708148357811289;0.21481378235790738;-0.3730548434461092;-0.0315868223727758;-0.07821880981966972;440.92754484767727;-0.5810712780902554;-0.3495972889938595;-3.573114859543266;-0.27074856071899345;-1.5108866973865316;-0.39740261392944887;0.0
31;5;0.0;-2.516401059784088e-06;0.0;0.0;0.0;-0.004658867787978082;0.2127058834618717;-0.36930548042654776;-0.031277854662876976;-0.07745109831634626;436.58580238927186;-0.5753266230303444;-0.3461702651744887;-3.539098123369467;-0.26819980320637726;-1.4969563370222325;-0.39351376751964706;0.0
31;6;0.0;-3.2275863947140956e-06;0.0;0.0;0.0;-0.004610103022752411;0.21113912849224256;-0.36558429615693105;-0.031047598821659056;-0.07688058340651327;433.37033847525385;-0.5710861329888377;-0.3436214784911569;-3.5067753362386704;-0.2657384197837325;-1.4831518166499045;-0.3906131602539304;0.0
31;7;0.0;-4.318211796959231e-06;0.0;0.0;0.0;-0.004561848610645496;0.20986118179091318;-0.36189908542506966;-0.030858720585702205;-0.07641542469525701;430.73953297843025;-0.5676420879899332;-0.3415197300706135;-3.476015973584914;-0.26335827841745624;-1.4694728678712279;-0.38821579132318784;0.0
31;8;0.0;-3.1907305198640156e-06;0.0;0.0;0.0;-0.00451409921219291;0.20829904743377003;-0.35825326418075887;-0.030629169766801904;-0.07584658769771961;427.53382778314824;-0.5634139295779563;-0.3389791433976788;-3.4442266085671767;-0.26093904182358535;-1.4559178679952978;-0.38532498804109716;0.0
31;9;0.0;-3.213821741579288e-06;0.0;0.0;0.0;-0.0044668495671338175;0.20666545937161132;-0.3546441878713742;-0.030388756249542282;-0.0752517961592587;424.17892971303434;-0.5589975776574305;-0.3363159691828542;-3.4129105969362232;-0.25855034568168345;-1.4424849953977483;-0.38229644594173423;0.0
31;10;0.0;-3.235092814864008e-06;0.0;0.0;0.0;-0.004420094439041841;0.20523199204532058;-0.3510682864782963;-0.03017710619187083;-0.07472999150841461;421.22979916785664;-0.5551317158354884;-0.33396434698725347;-3.3826761566879275;-0.2562203172236995;-1.4291736999006066;-0.37961863244703453;0.0
31;11;0.0;-3.2180041162051578e-06;0.0;0.0;0.0;-0.004373834465793789;0.2040041232422859;-0.3475275617188833;-0.029995434608870053;-0.07428309532922056;418.70121315454503;-0.5518260818624716;-0.331941519140863;-3.3531894270291485;-0.25393353021390647;-1.4159849661431563;-0.37731096935358616;0.0
31;12;0.0;-3.328303985775261e-06;0.0;0.0;0.0;-0.00432805854752354;0.202881694191953;-0.3440229008878375;-0.02982901593160135;-0.07387463706304755;416.3908271185509;-0.5488198458298953;-0.33008531318907286;-3.3245224281267514;-0.2516931150724399;-1.402941415791734;-0.3751939649667556;0.0
32;1;0.0;-1.9267884841313736e-06;0.0;0.0;0.0;-0.004282683377081924;0.2015227090904441;-0.36387967539734234;-0.029629065671662617;-0.0733798198680849;413.5926144471824;-0.5451353362376777;-0.3278641266098162;-3.294497537673787;-0.24939625373528793;-1.3899915733817305;-0.37266660463163465;0.0
32;2;0.0;-1.94774229661426e-06;0.0;0.0;0.0;-0.004237783868187992;0.19988177539066876;-0.3602444680969933;-0.02938784782873883;-0.07278230444243998;410.22478729610305;-0.5406953830783812;-0.32519585794406725;-3.264201751816338;-0.24709507666358888;-1.3771593617843216;-0.36963648878265926;0.0
32;3;0.0;-1.7623845845648118e-06;0.0;0.0;0.0;-0.0041933550605917965;0.19814969387656575;-0.3566460021324622;-0.029133547214323905;-0.0721515429081467;406.67233525669565;-0.536004553492511;-0.322386188805427;-3.2337773572420923;-0.24479610893859274;-1.364444330238096;-0.3664475754001979;0.0
32;4;0.0;-1.8793648083374382e-06;0.0;0.0;0.0;-0.004149391996039245;0.1969067352059746;-0.353085771036737;-0.02894963861981079;-0.07169915538554097;404.1122174204352;-0.5326577713459361;-0.32033957290913256;-3.2055205536449307;-0.24260575417087363;-1.3518443695119096;-0.36411725032818476;0.0
32;5;0.0;-1.8297098528096146e-06;0.0;0.0;0.0;-0.004107313342195261;0.19540834749000302;-0.34956000800312337;-0.02872889560149282;-0.07115363090014581;401.1704837067762;-0.5287884225971479;-0.3180028435218077;-3.1775899106173884;-0.24047082661800784;-1.3398118461822426;-0.36146071731672696;0.0
32;6;0.0;-2.7277429909065853e-06;0.0;0.0;0.0;-0.004065661356388846;0.19391034924179418;-0.3461534953589516;-0.02850890739660625;-0.0706081238796411;398.09646151269516;-0.5247305411749243;-0.31556980159212017;-3.149303691057293;-0.2383267783944732;-1.3278842812346285;-0.3586960052437689;0.0
32;7;0.0;-2.6412436601034915e-06;0.0;0.0;0.0;-0.004024431705959448;0.19257707573158636;-0.3427795950076041;-0.02831276283652958;-0.07012266443106649;395.3578559478945;-0.521123782724345;-0.3133965526329867;-3.121780837156107;-0.23622543271184604;-1.3160613360537003;-0.3562237962457108;0.0
32;8;0.0;-2.558957305394832e-06;0.0;0.0;0.0;-0.003983620097810422;0.19124293241337612;-0.33943975810085947;-0.028116123981379155;-0.06963695358120325;392.61479117523135;-0.5175198346084044;-0.31121488127325125;-3.0947900134137396;-0.23415599952143656;-1.3043417559557053;-0.35374230496653336;0.0
32;9;0.0;-2.7899797310508718e-06;0.0;0.0;0.0;-0.003943222262736507;0.19031668665534301;-0.3361325134801117;-0.027978139770831984;-0.06930000392246163;390.69920927171603;-0.5150378082945348;-0.30966884551864954;-3.0696608983371863;-0.2321800745761202;-1.2927241991675111;-0.35197604342403516;0.0
32;10;0.0;-2.844196861659557e-06;0.0;0.0;0.0;-0.0039032339810749104;0.18930627319599508;-0.33285611996585046;-0.027828601913485605;-0.06893226015647366;388.6169191764606;-0.512316580057725;-0.3080023615699178;-3.04395847625639;-0.2301846817763229;-1.2812084786231979;-0.35007449641117;0.0
32;11;0.0;-2.9784483629201916e-06;0.0;0.0;0.0;-0.003863720730589756;0.18836746760375717;-0.3296124592243712;-0.027689877541199708;-0.06859053987967056;386.6905539681469;-0.5097939575946758;-0.3064630221445242;-3.0183820430318438;-0.22820377734520128;-1.2698158525725929;-0.34831618077574567;0.0
32;12;0.0;-3.0116395435598944e-06;0.0;0.0;0.0;-0.003824607384817205;0.1871062899601303;-0.32640470995428195;-0.027503540595919557;-0.06813147371836543;384.0904539129699;-0.5063834755202511;-0.30439079956229237;-2.992598803616172;-0.22622025071571478;-1.2585011931189378;-0.3459560754793601;0.0
33;1;0.0;-2.45184127132161e-06;0.0;0.0;0.0;-0.003785770528375953;0.1857482951092738;-0.2887715103915445;-0.027304044577270856;-0.06763696207817084;381.29139381487244;-0.502690580659757;-0.3021730723959017;-2.9661045430807973;-0.2242079286721188;-1.2472473688123256;-0.343432531822231;0.0
33;2;0.0;-2.4243926793789395e-06;0.0;0.0;0.0;-0.003747327982427775;0.18445300618007496;-0.28588473654750046;-0.027113920557108512;-0.06716525614090925;378.63407336618326;-0.4991806272369681;-0.30006956681455305;-2.9397798405955506;-0.22221036786335907;-1.2360924102859008;-0.34103771715168396;0.0
33;3;0.0;-2.2391690083021344e-06;0.0;0.0;0.0;-0.0037092757315924036;0.18325131551948354;-0.2830269107635309;-0.026937869351305405;-0.0667275763222006;376.1711134054134;-0.4959194443327529;-0.29812385032961947;-2.913531493063078;-0.22022318680400693;-1.2250354202734426;-0.3388206378992237;0.0
33;4;0.0;-2.1088230155876056e-06;0.0;0.0;0.0;-0.00367160980893174;0.18202946530100628;-0.28019763947105086;-0.026758785472648344;-0.06628256811419053;373.66629833637853;-0.4926047287837274;-0.29614422027829573;-2.887526899840915;-0.21825408906732258;-1.2140755609542082;-0.3365656273288962;0.0
33;5;0.0;-2.0733197887573274e-06;0.0;0.0;0.0;-0.0036330518037913273;0.1809595084578467;-0.2773966453890609;-0.02660121037054533;-0.06589301515682014;371.33880930630596;-0.48954559711577217;-0.29429219881309765;-2.8617016138565314;-0.21627071090618327;-1.2028001863695397;-0.334454382558823;0.0
33;6;0.0;-2.8211227540883724e-06;0.0;0.0;0.0;-0.003594898660782698;0.17983330289870755;-0.2745501137947229;-0.026435512644871734;-0.06548295425825852;369.0260398677186;-0.4864999336520257;-0.2924552403461995;-2.8359013362358385;-0.21429569287445646;-1.1916272144767537;-0.33236023236322537;0.0
33;7;0.0;-2.7213217929217243e-06;0.0;0.0;0.0;-0.0035571461285301602;0.17873597552122195;-0.2717314623810352;-0.026273142606596057;-0.0650835723567412;366.7659114896041;-0.48354557110961205;-0.2906474057940593;-2.8111349893573014;-0.21237575509944245;-1.1805565111552498;-0.3302990845324071;0.0
33;8;0.0;-2.7470140203650845e-06;0.0;0.0;0.0;-0.003519790009293226;0.1774802453326898;-0.26894216038561136;-0.026087773749526116;-0.06462645995869204;364.1829586113107;-0.4801588146443058;-0.2885886588140798;-2.78613968304718;-0.21045227233175087;-1.1695871588122024;-0.32795589569545086;0.0
33;9;0.0;-2.7850114022072263e-06;0.0;0.0;0.0;-0.003482826158723985;0.17606695830387814;-0.2661818925689539;-0.02587946341807557;-0.06411193705494442;361.2784310591012;-0.4763428984475756;-0.2862790722696749;-2.7609704599166736;-0.20852773391230883;-1.158718079171526;-0.325330725526602;0.0
33;10;0.0;-2.670240244704768e-06;0.0;0.0;0.0;-0.003446250452870287;0.17491354170064943;-0.26344996368283824;-0.025709917848835764;-0.06369194063132252;358.91109392256055;-0.47322179027146943;-0.2844013294372184;-2.73589364907968;-0.20661442675709052;-1.1479483532617951;-0.3231915887903286;0.0
33;11;0.0;-2.3350480196504945e-06;0.0;0.0;0.0;-0.003409943261317879;0.17335223348571102;-0.2607460373301061;-0.025482465888777287;-0.06312305194916688;355.71016952585467;-0.46895319065664814;-0.2818932575550462;-2.7086874092926037;-0.20460658238771026;-1.1372394788017421;-0.32034353753624856;0.0
33;12;0.0;-2.247773816041611e-06;0.0;0.0;0.0;-0.003374018566332392;0.17181655134127044;-0.2580631438553444;-0.025256499684270066;-0.0625639012021161;352.5526206614054;-0.46478942232489356;-0.2793912495070572;-2.683412947668837;-0.20269518899088035;-1.126601971004768;-0.3174994038354578;0.0
34;1;0.0;-1.4175376876760371e-06;0.0;0.0;0.0;-0.003338707777932197;0.17010042511895568;-0.2784553446652822;-0.025005444021918757;-0.06193878913509077;349.06441855251336;-0.4601616816075795;-0.27664431924569155;-2.6573145706852923;-0.20075786808278764;-1.1161395560535596;-0.3143800411583081;0.0
34;2;0.0;-1.3024352153732357e-06;0.0;0.0;0.0;-0.0033037665190400987;0.16888773213873598;-0.27554126549608704;-0.0248280129465054;-0.06149706069260532;346.5815540359608;-0.4568686662345137;-0.27468586411609847;-2.6324090647521374;-0.19888250876212749;-1.1057726709678481;-0.3121479655940205;0.0
34;3;0.0;-1.275354408553234e-06;0.0;0.0;0.0;-0.003269190904059102;0.16756519028619843;-0.2726573925595286;-0.024633970006065768;-0.06101541555393984;343.8699774212724;-0.453285154489302;-0.272540622769859;-2.607952070101448;-0.19703453442535707;-1.0955005508522357;-0.3097060169693235;0.0
34;4;0.0;-1.1975200903872694e-06;0.0;0.0;0.0;-0.0032349771029554163;0.16644762198519578;-0.2698038625521864;-0.024470197042990065;-0.06060838297204463;341.57988959757006;-0.4502539968302322;-0.27073013031385307;-2.5838563273587267;-0.19520983971700684;-1.0853222835791627;-0.30764091271071886;0.0
34;5;0.0;-1.174580412590074e-06;0.0;0.0;0.0;-0.0032023306745610942;0.165099180854713;-0.2669800580731124;-0.02427209477782824;-0.060117352039061905;338.93963705373454;-0.44676817645511696;-0.268639274285713;-2.56086785382156;-0.19347117785753098;-1.0756333251968775;-0.3052606528079104;0.0
34;6;0.0;-1.453756087123276e-06;0.0;0.0;0.0;-0.0031700136921285088;0.16360216363477253;-0.26423858094126285;-0.024052731340104452;-0.05957211657427201;335.87144276797835;-0.4427066987212542;-0.26621718338887734;-2.5373793872946915;-0.19171522890596787;-1.0660290634452914;-0.30250796976515587;0.0
34;7;0.0;-1.4574328265678747e-06;0.0;0.0;0.0;-0.0031380228205332293;0.16249998980018066;-0.26152384222898883;-0.02389073312572391;-0.059170776638342554;333.60861379951103;-0.43972307837813196;-0.26442182026042593;-2.515168401245203;-0.19002436524147656;-1.0565090906822139;-0.3004606068403463;0.0
34;8;0.0;-1.4158523595358304e-06;0.0;0.0;0.0;-0.0031063547555301363;0.16123835727428323;-0.25883708785575354;-0.02370559997018266;-0.05871131832320681;331.0208076315386;-0.4363037882312856;-0.2623740981373772;-2.492671554751352;-0.18832604280264664;-1.04707263500903;-0.2981295840654429;0.0
34;9;0.0;-1.4509700855362961e-06;0.0;0.0;0.0;-0.003075006223984842;0.16040369436286459;-0.256177818390937;-0.023582262228717295;-0.05840750582577042;329.3020876030436;-0.43405321376039285;-0.2609994950490564;-2.471733217674854;-0.18670573674024496;-1.037719008659135;-0.29655606598889633;0.0
34;10;0.0;-1.4316497743346474e-06;0.0;0.0;0.0;-0.003043973987342319;0.1593850685851575;-0.2535459092754402;-0.023432829296734587;-0.05803653778536589;327.2128105220804;-0.4312916573969015;-0.2593452432174418;-2.449936972537476;-0.18505134582380228;-1.0284474462707947;-0.29466818093152547;0.0
34;11;0.0;-1.4554656490545084e-06;0.0;0.0;0.0;-0.0030126219646632686;0.15845178250849254;-0.25094084308874887;-0.02329585516025533;-0.05769665996818944;325.23059516347945;-0.42867451624047953;-0.25777372248861874;-2.428036958205587;-0.18338291930158485;-1.019048282066514;-0.29287359081765457;0.0
34;12;0.0;-1.5177718973464713e-06;0.0;0.0;0.0;-0.00298159280316859;0.15735734920699124;-0.2483341912195985;-0.023134991110142392;-0.05729813926216177;322.98736055507317;-0.4257212872713762;-0.2559923455315115;-2.4064356693926725;-0.18173421385181665;-1.0097528377103018;-0.290845373176668;0.0
35;1;0.0;-9.835740883900115e-07;0.0;0.0;0.0;-0.002951460509142217;0.15638902531230764;-0.43294686997201903;-0.022991939734201102;-0.056945668271238654;321.0563664125607;-0.4231913622752071;-0.25445090351732075;-2.386059361992206;-0.18016172750819787;-1.000732163046758;-0.28908732718346497;0.0
35;2;0.0;-9.029262884104387e-07;0.0;0.0;0.0;-0.002921632706761159;0.15496170880528742;-0.428622126278707;-0.022782622717379224;-0.05642584860586607;318.1298963145899;-0.4193214831837744;-0.25213933781667075;-2.3642322899744874;-0.17852748847242889;-0.9917907379044674;-0.28646309111255336;0.0
35;3;0.0;-9.222599582775512e-07;0.0;0.0;0.0;-0.0028921063141784777;0.15411004509911228;-0.42434074557646567;-0.022657163566249538;-0.056115778251860156;316.3791434435235;-0.4170196986340478;-0.25074574409716377;-2.3439820149080584;-0.17697184010185246;-0.9829278104870962;-0.28487176296596817;0.0
35;4;0.0;-8.830514904347464e-07;0.0;0.0;0.0;-0.0028628782546249888;0.15318918993447433;-0.4201019439539557;-0.02252183238341775;-0.055780459791242;314.48859463993705;-0.41452651789285777;-0.24924589558829177;-2.323559571593475;-0.17541363336567006;-0.9741426783722992;-0.28316108406185897;0.0
35;5;0.0;-8.727058640211073e-07;0.0;0.0;0.0;-0.002833151698994549;0.15238634760780584;-0.4159052032523499;-0.022403320469683134;-0.05548820774920026;312.7499349044124;-0.4122477161613622;-0.2478579534020965;-2.303316304722822;-0.17385032904721853;-0.9651710093642955;-0.2815764989401579;0.0
35;6;0.0;-1.0928088698622173e-06;0.0;0.0;0.0;-0.0028037337548478575;0.15139872949463978;-0.4116686038195283;-0.02225809401940863;-0.05512859326081555;310.72232637924435;-0.4095757353394839;-0.2462489368636263;-2.282629349748868;-0.1722721246427549;-0.9562805646780373;-0.27974338337066323;0.0
35;7;0.0;-1.1755837718428682e-06;0.0;0.0;0.0;-0.0027746212330619917;0.15029324364506136;-0.4074747066296496;-0.02209527504152875;-0.05472610683917091;308.45099431071407;-0.40658877438134994;-0.24444392484008476;-2.262184665799706;-0.1707107785948031;-0.9474703212105587;-0.27768991424313416;0.0
35;8;0.0;-1.3690219437607368e-06;0.0;0.0;0.0;-0.0027458109531979997;0.14950981073802788;-0.40332154794967756;-0.021979233479035562;-0.05444099062356322;306.83625264283353;-0.4044808282118392;-0.2431497038268818;-2.242816322396371;-0.16920491722305317;-0.9387399285000999;-0.2762112674587165;0.0
35;9;0.0;-1.464993964679632e-06;0.0;0.0;0.0;-0.0027172997808539985;0.14836025628030294;-0.39921053543102897;-0.02181009737566041;-0.054022428742806584;304.47572108576776;-0.40137246803291854;-0.24127656150135385;-2.222526917781768;-0.16766186952803666;-0.9300887121292476;-0.27408151912226547;0.0
35;10;0.0;-1.3798692282081335e-06;0.0;0.0;0.0;-0.0026890846311234317;0.14718565901092534;-0.39514140822591726;-0.02163875772200607;-0.05359448455376381;302.074622108519;-0.3981755404358633;-0.2393914980653474;-2.2011398144704986;-0.16607339594438658;-0.9215159320056701;-0.2719385379920169;0.0
35;11;0.0;-1.4014552339969292e-06;0.0;0.0;0.0;-0.002661161100576556;0.1460128268371644;-0.39111352575684655;-0.021466438795548888;-0.05316740391889878;299.66795787371484;-0.3950006843464843;-0.2374852918512224;-2.1809601684720636;-0.16454630831378797;-0.913020385347931;-0.2697719412940017;0.0
35;12;0.0;-1.3948730880079778e-06;0.0;0.0;0.0;-0.0026335274964200124;0.14508397378649346;-0.38712602980643107;-0.02132953818646464;-0.05282924336712612;297.76228350771925;-0.39250183015558315;-0.23596654938362174;-2.161824806654216;-0.16307302384852748;-0.9046212994602196;-0.2680436586695215;0.0
36;1;0.0;-2.3252651523773322e-06;0.0;0.0;0.0;-0.0026061701455863478;0.14408521132734395;-0.40093967387310875;-0.021182574210935216;-0.05246558857523007;295.70985012735497;-0.3897993256560871;-0.2343377648866421;-2.142392881379924;-0.16159106352894664;-0.8962938797556123;-0.26619162304654936;0.0
36;2;0.0;-2.1788804046587694e-06;0.0;0.0;0.0;-0.002579096959303541;0.14291011939230594;-0.3968993991912291;-0.02100970960318993;-0.05203772314972722;293.29717160055714;-0.38662159210498936;-0.23242478887359005;-2.1228819547292113;-0.16011072791350456;-0.8880421898607483;-0.26402004176363497;0.0
36;3;0.0;-2.438133241444398e-06;0.0;0.0;0.0;-0.002552304971007478;0.14221831123087156;-0.39290077993435074;-0.02090697874231867;-0.051785998574038754;291.86932660669993;-0.38476378649012627;-0.2312770685686462;-2.1049399026108033;-0.1587083830622887;-0.8798652190215204;-0.26270950331218423;0.0
36;4;0.0;-2.37676929290415e-06;0.0;0.0;0.0;-0.0025257912483848868;0.14128368048458453;-0.38894213922461196;-0.020769461114961335;-0.05144569276964574;289.9499764299635;-0.3822364631134802;-0.22975367110313066;-2.086077973872829;-0.1572685761294973;-0.8717628530175111;-0.26097652133300275;0.0
36;5;0.0;-2.4576455118469012e-06;0.0;0.0;0.0;-0.0024992730212196807;0.14070428629134338;-0.3850251536448256;-0.020683175592400262;-0.0512349158276161;288.72016656366964;-0.3806422229721256;-0.22876099172934689;-2.0684664126960906;-0.15588518154442266;-0.8636396817976049;-0.259840738092895;0.0
36;6;0.0;-1.4587844781148468e-06;0.0;0.0;0.0;-0.0024730331464279352;0.13950465803074796;-0.38111410191304446;-0.020507119811922953;-0.05079804185492921;286.26056893225586;-0.37739287799967247;-0.22681676984439075;-2.0490212381054445;-0.15442198650558203;-0.8555917452643662;-0.2576346828618296;0.0
36;7;0.0;-1.5775591080712237e-06;0.0;0.0;0.0;-0.0024470687217858847;0.1386533269588001;-0.37724530700224634;-0.020381324424851174;-0.050488161280220115;284.5085020274285;-0.3750984876895024;-0.22541852584482833;-2.0309843072090596;-0.15302927226422167;-0.8476177882130863;-0.25604299701363026;0.0
36;8;0.0;-1.5408047482055577e-06;0.0;0.0;0.0;-0.002421376830448962;0.13782781239670447;-0.3734161477457997;-0.020259290484116302;-0.05018768729442955;282.8091489376395;-0.37287438604755213;-0.22406149213424295;-2.0131706750689027;-0.15165204430498178;-0.8397170894301842;-0.2544978106989302;0.0
36;9;0.0;-1.5093170557988343e-06;0.0;0.0;0.0;-0.0023959546124829893;0.13698150186271016;-0.36962604421731715;-0.020134441045438146;-0.049879597788337504;281.06890627987053;-0.37059063708225726;-0.22267549978556786;-1.9952865438339813;-0.15027663251581702;-0.8318889597110304;-0.2529201795646829;0.0
36;10;0.0;-1.5372035502840038e-06;0.0;0.0;0.0;-0.0023707992512673574;0.13598568839718025;-0.36587448893763175;-0.01998726003005807;-0.049517132788166315;279.01939464597723;-0.36790755462348457;-0.22104056036471245;-1.9776566737246457;-0.14891805065126046;-0.8241321325254386;-0.25106254444326037;0.0
36;11;0.0;-1.5384096699648794e-06;0.0;0.0;0.0;-0.0023458086902390183;0.1350860864716456;-0.3621587898774198;-0.019854652468539805;-0.049189624714658285;277.1588678201037;-0.36546367957756454;-0.21956057289330935;-1.9598788851361042;-0.14755520565823518;-0.8164134811677529;-0.24937942900354523;0.0
36;12;0.0;-1.414170322580213e-06;0.0;0.0;0.0;-0.002321081516842512;0.1339469675297634;-0.358471090747865;-0.019687802027227662;-0.048774728739993334;274.8196524435959;-0.3623571470176732;-0.2177194843513648;-1.9408277205980011;-0.1461383071450757;-0.808732981416805;-0.24728638088443397;0.0
37;1;0.0;-1.096743975918245e-06;0.0;0.0;0.0;-0.00229648571621174;0.13278266096070923;-0.20391522728402262;-0.019517187707761938;-0.04835067208594357;272.41934749995943;-0.3591802913078301;-0.21582438995594622;-1.9221557651993113;-0.14474081214864865;-0.801079660512274;-0.24513276465524236;0.0
37;2;0.0;-1.0999229805349494e-06;0.0;0.0;0.0;-0.002272150528785615;0.13170898760293312;-0.20176521220062857;-0.0193592763440746;-0.04795972838085206;270.21565801469524;-0.35627705356646533;-0.21407635746935816;-1.9042777910754909;-0.14338509797854737;-0.7934977605039972;-0.2431447922093622;0.0
37;3;0.0;-1.0986169337045091e-06;0.0;0.0;0.0;-0.0022480731770412733;0.13078451214892892;-0.19963801250784108;-0.019223264303335368;-0.04762311816308259;268.3177442359815;-0.35377770375314044;-0.21256936590220632;-1.8867800289920496;-0.14205193187631127;-0.7859866455209519;-0.24142819090365242;0.0
37;4;0.0;-1.0633548670879745e-06;0.0;0.0;0.0;-0.0022242509339425163;0.12966070734752475;-0.19753348756381683;-0.019058505586668058;-0.04721382697371591;266.0150657652599;-0.3507315889572856;-0.21075038573611163;-1.8687062552601503;-0.14069692786620272;-0.7785457520648911;-0.23936081036592052;0.0
37;5;0.0;-1.0368512775164656e-06;0.0;0.0;0.0;-0.002200356390565159;0.1288663310312656;-0.19545175396606923;-0.018941713460934012;-0.04692457294436496;264.3462442154393;-0.34853268285611455;-0.20942529184396805;-1.8513579436199272;-0.13937249346402975;-0.7710631805193975;-0.23784921872208747;0.0
37;6;0.0;-1.304574278767602e-06;0.0;0.0;0.0;-0.002176718498545567;0.1278255871276984;-0.19337485686356815;-0.018788721150479;-0.04654560590809049;262.2109661101027;-0.3457177211138267;-0.20773260701416577;-1.8338220366679858;-0.1380442940836492;-0.7636512947111477;-0.23592424877350265;0.0
37;7;0.0;-1.2291196594474647e-06;0.0;0.0;0.0;-0.0021533345137942873;0.12683524924923475;-0.19131903711072154;-0.01864323206498309;-0.04618497661468547;260.17979273911703;-0.343037839413684;-0.20612342107524967;-1.8164303428196757;-0.1367276703055763;-0.756309865238704;-0.23409342420208726;0.0
37;8;0.0;-1.2598623939422977e-06;0.0;0.0;0.0;-0.0021302016948221898;0.12603802554939628;-0.18928588572685984;-0.018525303661472675;-0.045894813708266986;258.5386091585815;-0.34089170880067965;-0.20481099952593057;-1.8001387183554776;-0.13546690017493881;-0.7490381870879634;-0.2325966617697869;0.0
37;9;0.0;-1.3699217740177407e-06;0.0;0.0;0.0;-0.002107317337033006;0.12517464749361085;-0.1872749718186766;-0.018398199112835228;-0.0455804641340066;256.7657732954513;-0.33855900164099856;-0.20340213617779063;-1.7834509060818011;-0.13419255546154296;-0.7418355503823711;-0.23099159605649552;0.0
37;10;0.0;-1.3357894450277574e-06;0.0;0.0;0.0;-0.002084678792156954;0.12407043121712986;-0.18528581129154859;-0.018236235385475606;-0.04517832081003921;254.50302220361334;-0.33556751278556224;-0.20161390771712687;-1.7661365320548372;-0.13289390924649458;-0.7347011682109014;-0.2289599192264536;0.0
37;11;0.0;-1.3311339553769876e-06;0.0;0.0;0.0;-0.0020624392683694613;0.12313249709271791;-0.18331753259763933;-0.01809833284975726;-0.044836794192417775;252.59732422069985;-0.3330554555107718;-0.20010265458347304;-1.7496302188551447;-0.13164125874928145;-0.7276879334345049;-0.22724000477367104;0.0
37;12;0.0;-1.2423710559270628e-06;0.0;0.0;0.0;-0.002040436966215053;0.12217463301850769;-0.18137742494940784;-0.017958164056113404;-0.0444878921831101;250.63876718803218;-0.3304612675130111;-0.19855726106757002;-1.732792638330037;-0.1303778382564952;-0.7207518579853538;-0.22548314767889066;0.0
38;1;0.0;-2.7732619470978267e-06;0.0;0.0;0.0;-0.002018688874940609;0.1216251899518486;-0.30865283428009854;-0.017876162554692127;-0.04428804256475083;249.50429082536687;-0.3289946848740812;-0.19763898371072722;-1.7181073646160645;-0.12921925010584814;-0.7138870015923913;-0.22443186722631864;0.0
38;2;0.0;-2.7542935816375388e-06;0.0;0.0;0.0;-0.0019971725312765056;0.1207189365024359;-0.30545586617668885;-0.017742602666501007;-0.04395810792592483;247.6423002778281;-0.3265480590237179;-0.1961583376270229;-1.7023487952709615;-0.1280153890105456;-0.7070867953888615;-0.22274809544524982;0.0
38;3;0.0;-2.506009423543087e-06;0.0;0.0;0.0;-0.0019758854956502697;0.1197032850737405;-0.3022931713430359;-0.017593763137750223;-0.04358819509873939;245.5617841803779;-0.3237942751967669;-0.19451609299803463;-1.6859124491039836;-0.12678455469287117;-0.7003501198214521;-0.22088263576351325;0.0
38;4;0.0;-2.7093019398711827e-06;0.0;0.0;0.0;-0.001954825316783552;0.11892937575555652;-0.2991608021899595;-0.017479581250777112;-0.043306464770155095;243.97068092248114;-0.3217065789507461;-0.19324837327669384;-1.6706721073389006;-0.12561359477682327;-0.693676813728037;-0.21943867564297262;0.0
38;5;0.0;-2.4504714746695886e-06;0.0;0.0;0.0;-0.001934660108393487;0.11793863622294287;-0.2960613296705171;-0.017334565999789532;-0.042945594227091294;242.02519663876663;-0.3191254618698752;-0.1917158961018414;-1.6549279091455853;-0.12444017633710074;-0.6872983248921128;-0.21769700659100544;0.0
38;6;0.0;-1.420461118220452e-06;0.0;0.0;0.0;-0.0019147028856774167;0.11712063276836818;-0.29305447469631407;-0.01721400474371243;-0.042647789570794556;240.3439932529248;-0.3169167220554962;-0.19037845664774813;-1.640330635616431;-0.1233239649154746;-0.6809783599517035;-0.21617498936323015;0.0
38;7;0.0;-1.4737697097144898e-06;0.0;0.0;0.0;-0.0018949514822190774;0.1164918965270081;-0.29008308968517393;-0.01712087788423053;-0.04241897220209741;239.048159999058;-0.3152250897617601;-0.18934015799267648;-1.626429708893578;-0.1222440304308829;-0.6747159526446933;-0.21498968727410833;0.0
38;8;0.0;-1.4478077011959416e-06;0.0;0.0;0.0;-0.0018754037832336909;0.11557905163157639;-0.2871438601628869;-0.016986755773765193;-0.042086564905620946;237.1750222182388;-0.31275407437392583;-0.18785654804461552;-1.6116292556345582;-0.12112633538090217;-0.6685097012846017;-0.21330348709260544;0.0
38;9;0.0;-1.505496296476704e-06;0.0;0.0;0.0;-0.0018560576922141546;0.11489843773904208;-0.28423047950007324;-0.016886342234208603;-0.04183879676140953;235.77524784150194;-0.31091735250571506;-0.1867408730308215;-1.597621955336909;-0.12004933586046865;-0.6623599271269827;-0.21203138485121248;0.0
38;10;0.0;-1.4169745348587102e-06;0.0;0.0;0.0;-0.0018369111312024932;0.11398337419764117;-0.28134817223140185;-0.016751996072483837;-0.04150556338693569;233.8983433234708;-0.3084389776442569;-0.18525575596819208;-1.5829787696202562;-0.11894673111444745;-0.6562657845635032;-0.2103437903192444;0.0
38;11;0.0;-1.4259727324998786e-06;0.0;0.0;0.0;-0.0018179461142442883;0.11328428931678274;-0.2784943241878541;-0.01664903585509644;-0.04125103932706451;232.4599071444951;-0.306547315243887;-0.18411191942505553;-1.5690355998328556;-0.11788003824527754;-0.6502214475044157;-0.20904029080972575;0.0
38;12;0.0;-1.363138498533507e-06;0.0;0.0;0.0;-0.0017991768656745693;0.11235358207793945;-0.27566867300208114;-0.01651272338335024;-0.04091205017174987;230.55217595635222;-0.30401873342884345;-0.18260780870684978;-1.5542614565450585;-0.11677863223701694;-0.6442261980751554;-0.20733095673826812;0.0
39;1;0.0;-8.065233686241736e-07;0.0;0.0;0.0;-0.0017804440848366917;0.11134760392056933;-0.2025239596583855;-0.016365742319732996;-0.0405455818739311;228.47428066382872;-0.30125853371827227;-0.18097357140293793;-1.5391147241404273;-0.1156598222943555;-0.6382307304416963;-0.20547541043112785;0.0
39;2;0.0;-8.321476221897353e-07;0.0;0.0;0.0;-0.0017619063159674613;0.11069974266861048;-0.2004286199767093;-0.01627011299462815;-0.040309745419047915;227.1416357128257;-0.29951101874398983;-0.179910520363831;-1.5256417965275033;-0.11462245294240173;-0.6322902475103895;-0.2042625960234224;0.0
39;3;0.0;-8.534930154406359e-07;0.0;0.0;0.0;-0.0017435615078713925;0.11000599107860382;-0.19835486672644004;-0.016167782587979827;-0.040057190863806214;225.7151804296963;-0.2976387713263274;-0.17877405862709977;-1.5121892468716946;-0.11358981815238939;-0.6264042868272872;-0.20296734533026703;0.0
39;4;0.0;-7.754043316641882e-07;0.0;0.0;0.0;-0.0017254076803273697;0.10896777928245922;-0.19630263899646722;-0.016016090752228297;-0.03967898036975711;223.59141734993668;-0.2948170082200624;-0.1771043784485723;-1.4973305021023213;-0.11249573286956165;-0.6205723233999639;-0.20107236830695696;0.0
39;5;0.0;-7.876159740947658e-07;0.0;0.0;0.0;-0.0017059061526595387;0.10821608524657435;-0.19427153922868162;-0.01590577326330858;-0.039405232585698675;221.85294253700414;-0.2925244328289489;-0.17572679426085075;-1.482387568290355;-0.11136307050060884;-0.6142546133048674;-0.19950613376472962;0.0
39;6;0.0;-2.413940334615736e-06;0.0;0.0;0.0;-0.0016866250221534962;0.10731796745110489;-0.19214522619031058;-0.01577375661719956;-0.03907819848169126;220.0112026072815;-0.2900958994145742;-0.17426757463888531;-1.467523122014474;-0.110238486424939;-0.6079991725817381;-0.19784805202794437;0.0
39;7;0.0;-2.2431142361604947e-06;0.0;0.0;0.0;-0.001667561798914525;0.10646391631490879;-0.19003689596028636;-0.01564838225453611;-0.03876718111099019;218.26124054029017;-0.2877848033747241;-0.17288289931405754;-1.4527300937025136;-0.10912160867920354;-0.6018067940871215;-0.1962739884719938;0.0
39;8;0.0;-2.1654839875444227e-06;0.0;0.0;0.0;-0.0016487140205771376;0.10557585059189399;-0.1879520619416;-0.0155179039424691;-0.03844379646531354;216.4408112136088;-0.2853832680715158;-0.17144123088612456;-1.4381148867106774;-0.1080173275653906;-0.5956767846846088;-0.19463595438309894;0.0
39;9;0.0;-2.1711691420223885e-06;0.0;0.0;0.0;-0.0016300792573945187;0.10462393200355605;-0.1858901931290098;-0.015377728600445706;-0.03809721636498562;214.48724967825373;-0.2828135857002135;-0.16989028684188132;-1.4238092390880916;-0.106931708727067;-0.5896084351065227;-0.1928751200443096;0.0
39;10;0.0;-2.0722371504541483e-06;0.0;0.0;0.0;-0.0016116551053485337;0.10367003078645609;-0.18385066671782185;-0.015237802691706926;-0.03774981790595221;212.53358202729703;-0.2802309371941871;-0.168346637338669;-1.4091828457734854;-0.10583548151005093;-0.5836012685929292;-0.19112264123482134;0.0
39;11;0.0;-1.9895821455780224e-06;0.0;0.0;0.0;-0.0015935137106045064;0.10287171776546951;-0.18183377826487973;-0.015120129693010442;-0.0374591842670871;210.90403328224795;-0.2780900744232279;-0.16705065036870956;-1.3954714837015643;-0.1047877820329672;-0.5776808348607944;-0.18964891160687472;0.0
39;12;0.0;-1.873748653432917e-06;0.0;0.0;0.0;-0.0015755765000735474;0.10209083266469494;-0.1798442325830758;-0.015005500270698852;-0.03717481081521397;209.30587187254326;-0.2759820421438989;-0.16578476439634834;-1.3816075281351927;-0.10373714851073612;-0.5718300225533416;-0.18821036904255503;0.0
40;1;0.0;-1.319741977442047e-06;0.0;0.0;0.0;-0.0015578760349649243;0.1012642164369648;-0.1475415002970197;-0.014883647975173744;-0.036873874427408936;207.613067696611;-0.2737584701515235;-0.1644389435936928;-1.368165286708623;-0.10271104975269643;-0.5660507886389765;-0.18668209064179564;0.0
40;2;0.0;-1.2653197319812198e-06;0.0;0.0;0.0;-0.0015403744073943667;0.10037165760497829;-0.14596142664483608;-0.014752400932153322;-0.036548872995921744;205.78255224967344;-0.2713461860592811;-0.16298852843270828;-1.354506596450408;-0.10167895653150422;-0.5603293490892896;-0.1850362621343056;0.0
40;3;0.0;-1.3277593701639483e-06;0.0;0.0;0.0;-0.0015230693793978653;0.09966819002892578;-0.14439841989434227;-0.014648498729867497;-0.036292806134339245;204.27916316162464;-0.26937693772617355;-0.1617896960941028;-3.611946799309161;-0.27836495907909214;-1.571384251316428;-0.18367357646005822;0.0
40;4;0.0;-1.333626678456776e-06;0.0;0.0;0.0;-0.0015059649119137362;0.09885769648114824;-0.14285214611688643;-0.014529016091505403;-0.03599774058817111;202.67290145591696;-0.2672663336347717;-0.16051295834515072;-3.5730806965371866;-0.27534864407133086;-1.5542151961868518;-0.18222336163758274;0.0
40;5;0.0;-1.5018483045507278e-06;0.0;0.0;0.0;-0.0014901742585818971;0.09818700015179363;-0.14132290573766965;-0.014429759604311322;-0.03575363736850223;201.44223700627452;-0.2656569154288132;-0.15952935909935703;-3.537650635590925;-0.27258665140880906;-1.5383810591794436;-0.18110304177986045;0.0
40;6;0.0;-8.237980930207626e-07;0.0;0.0;0.0;-0.0014745491664380538;0.09754203920138783;-0.1398818932524272;-0.014334902321783761;-0.03551879537780784;200.118370718883;-0.2639128953533903;-0.15847893606447602;-3.5021022320473687;-0.2698305812603069;-1.5227086806501275;-0.17990772150926088;0.0
40;7;0.0;-8.632921141922647e-07;0.0;0.0;0.0;-0.0014590878995290352;0.09669686586463107;-0.138457331908296;-0.014210773556384629;-0.03521102128897631;198.38487688101335;-0.2616249166892357;-0.15710738661045007;-3.466502591274283;-0.2670834294430884;-1.5071958774783816;-0.17835124623560084;0.0
40;8;0.0;-8.53349294054489e-07;0.0;0.0;0.0;-0.0014437887399400514;0.09601953137291037;-0.13704734331600987;-0.014110900881936301;-0.034964436796751076;196.99264285805165;-0.25979671599851495;-0.15599965799826593;-3.43182533269267;-0.2643902286238587;-1.4918410102779731;-0.17709167881586058;0.0
40;9;0.0;-7.655428886184613e-07;0.0;0.0;0.0;-0.0014286499879014672;0.09511503268163703;-0.13565172616005666;-0.013978768455237253;-0.034634932634544736;195.14269716259247;-0.25733818163821714;-0.15454597104555037;-3.3962441330990942;-0.26166617661549774;-1.4766424477426674;-0.17544301385271877;0.0
40;10;0.0;-7.096115025587033e-07;0.0;0.0;0.0;-0.001413669962282519;0.09426192624281972;-0.13427025342379983;-0.013853698172809414;-0.034324229806328;193.394587206268;-0.25502559802650165;-0.15316603692424802;-3.3614869573317208;-0.25899128831071555;-1.4615986243315997;-0.17387742807910975;0.0
40;11;0.0;-7.349104316666293e-07;0.0;0.0;0.0;-0.0013988190867491631;0.09353942144035399;-0.1329028485434533;-0.013747078209030253;-0.03406121650420547;191.90515317317957;-0.25307187276121235;-0.15198017688364765;-3.3278058402925477;-0.2563751025048655;-1.4466793909931206;-0.1725302851374558;0.0
40;12;0.0;-7.465746226530495e-07;0.0;0.0;0.0;-0.0013841242122736369;0.09296192992353984;-0.13154766578257437;-0.013661909963434268;-0.033850983072553124;190.71962248891182;-0.25151779799122786;-0.1510351838833795;-3.2946246351486024;-0.2537928700510622;-1.4319208884677868;-0.1714552104853935;0.0
41;1;0.0;-1.0098050653838623e-06;0.0;0.0;0.0;-0.0013695553364392024;0.09229576655056317;-0.24157320286043082;-0.01356370702689227;-0.033608461418511426;189.3466399154504;-0.24971432095934096;-0.14994351578182968;-3.261510366286883;-0.251222332754765;-1.4172835798531755;-0.17021518963135254;0.0
41;2;0.0;-1.052341422375671e-06;0.0;0.0;0.0;-0.001355139797821471;0.09179544472556139;-0.23908542238187197;-0.013489766883541608;-0.0334263485478462;188.316941389033;-0.2483661552390336;-0.14912133770432676;-3.229048693502821;-0.24869265236285684;-1.4027958424469298;-0.16927843530781508;0.0
41;3;0.0;-1.089331385771029e-06;0.0;0.0;0.0;-0.0013408759829295549;0.09128365600265216;-0.2366233501876686;-0.013413949583894736;-0.03324009436147479;187.26233008515803;-0.24698969448140692;-0.14827691931478482;-3.1970608242905985;-0.24619542953497478;-1.3884561064633605;-0.16831674565346186;0.0
41;4;0.0;-1.025669640523132e-06;0.0;0.0;0.0;-0.0013267622951865894;0.09051076702067405;-0.23418661866984505;-0.013300490957221793;-0.032958633373814265;185.67753571347868;-0.2448966741435609;-0.14702399389493687;-3.1644304824550704;-0.24367879454898422;-1.3742628477009682;-0.1668955679754109;0.0
41;5;0.0;-9.741717004230144e-07;0.0;0.0;0.0;-0.0013120870230368606;0.08986633509576104;-0.23177492089454327;-0.013205623240014034;-0.032723999741374125;184.25574737905694;-0.24302730654527877;-0.1458947914951201;-3.1309109038335357;-0.2410792975803846;-1.3594858012857485;-0.16561366859617263;0.0
41;6;0.0;-7.659927431510667e-07;0.0;0.0;0.0;-0.0012975740670874126;0.08921924034792293;-0.22928182321700846;-0.01310992620286031;-0.03248847455207265;182.92441190587405;-0.2412858259533719;-0.14483210277582073;-3.098109275775757;-0.23852435290210078;-1.3448678322469974;-0.16440670699326188;0.0
41;7;0.0;-8.112199318560384e-07;0.0;0.0;0.0;-0.001283221632468002;0.08872136868089912;-0.2268161734282757;-0.013035762034942382;-0.03230735800439831;181.89604227198691;-0.23995328006125174;-0.14400319595060443;-3.06619116988577;-0.23602151685388664;-1.3304069656595394;-0.1634628286671078;0.0
41;8;0.0;-8.483225998279485e-07;0.0;0.0;0.0;-0.0012690279434950185;0.08815355584871869;-0.22437700218568268;-0.012951648691088145;-0.03210071446434774;180.7267070673669;-0.2384270030237244;-0.14306753138749048;-3.0342474463857063;-0.23352851176810363;-1.3161015860182241;-0.16239893453725462;0.0
41;9;0.0;-8.033807129397642e-07;0.0;0.0;0.0;-0.0012549912444702873;0.08748428940953601;-0.22196421116765405;-0.012853048244023975;-0.03185705243273604;179.35248338219503;-0.23662047282457954;-0.14197592580738425;-3.0021531451746606;-0.23103942464470414;-1.3019500160187396;-0.1611596918537121;0.0
41;10;0.0;-7.919723086893161e-07;0.0;0.0;0.0;-0.001241109798495128;0.08693544054549811;-0.21957749369332236;-0.012771870621412922;-0.03165728788269481;178.2231145810302;-0.2351433671350581;-0.141073881182249;-2.97079070050786;-0.22859505745036138;-1.2879505930587003;-0.16013378866266118;0.0
41;11;0.0;-7.866463926983831e-07;0.0;0.0;0.0;-0.0012272889764755133;0.08612701028901137;-0.21721654366108833;-0.012653159963178257;-0.03136289009598499;176.55293664172575;-0.232938663720231;-0.1397532431928729;-2.938679827615229;-0.22611984984416614;-1.274006175555392;-0.158637052339178;0.0
41;12;0.0;-7.230762102406059e-07;0.0;0.0;0.0;-0.001213622054979524;0.08528847538315201;-0.21486720136499218;-0.012530215169453015;-0.03105749616702907;174.8353114404759;-0.23066602456075383;-0.1383981601484555;-2.9066828923805694;-0.22366062529641856;-1.2602104022365246;-0.15710137938087962;0.0
42;1;0.0;-6.493884392942827e-07;0.0;0.0;0.0;-0.0012000681880645163;0.08459816591256854;-0.16971504364961323;-0.012428549816587968;-0.03080616664002405;173.41270880371803;-0.22879514672463597;-0.1372687040475963;-2.875573879917127;-0.22125029160596094;-1.2465237136175618;-0.15581961938130856;0.0
42;2;0.0;-7.009733893470889e-07;0.0;0.0;0.0;-0.0011866656866850354;0.08406364449601056;-0.16787421322845397;-0.01234941648000327;-0.03061163018950864;172.31240741401663;-0.227357838808425;-0.1363887915344089;-2.8453115830216875;-0.21888975185101409;-1.2329857796078076;-0.15481869643414045;0.0
42;3;0.0;-7.342960051264546e-07;0.0;0.0;0.0;-0.0011734128600796572;0.08345486923492233;-0.1660537140422657;-0.012259335245505255;-0.030390061389029378;171.05965533289222;-0.22572031545698298;-0.13538810718810435;-2.815304017178443;-0.21655144056765338;-1.2195948843751105;-0.15368199333726096;0.0
42;4;0.0;-8.222868127231991e-07;0.0;0.0;0.0;-0.0011603080368363199;0.08308342816482872;-0.16425310526184958;-0.012203725107615571;-0.030254987769122135;170.29039086080186;-0.22473010219133624;-0.13476350867673592;-2.7862847438892495;-0.21426926031834967;-1.2063493306386064;-0.1529684628507686;0.0
42;5;0.0;-8.191890906894443e-07;0.0;0.0;0.0;-0.0011476696516498817;0.08256624707341373;-0.16247195394984854;-0.012127117137012812;-0.03006676969408764;169.27201825596856;-0.22340051054720741;-0.13394853318894676;-2.757770614812712;-0.21204416791982625;-1.1935773246107713;-0.15204085189905778;0.0
42;6;0.0;-1.1014889814259954e-06;0.0;0.0;0.0;-0.0011351689168581113;0.08169189501718734;-0.16074815871367787;-0.011999308674805116;-0.029748262049089244;167.48387917962197;-0.22102590365907115;-0.13254308544121307;-2.727986601544386;-0.2097697653011144;-1.180940204665855;-0.1504490079290713;0.0
42;7;0.0;-1.0856815008809704e-06;0.0;0.0;0.0;-0.0011228043350435773;0.08094303959722157;-0.15904206353604017;-0.011889287170732416;-0.029475569516662404;165.94831790315914;-0.21900006029940586;-0.13132806011576825;-2.6992228675135865;-0.20755214842713857;-1.168436775368576;-0.14907146341436683;0.0
42;8;0.0;-1.0219226577354696e-06;0.0;0.0;0.0;-0.0011105744237991085;0.08032759618453628;-0.15735397269598664;-0.011798814460789724;-0.029251467678919618;164.68586763055123;-0.21733576780497468;-0.13032783224289232;-2.6709835903447354;-0.205368224802579;-1.1560656821777948;-0.14793564719732527;0.0
42;9;0.0;-1.0094692814221787e-06;0.0;0.0;0.0;-0.0010984777156066196;0.079772772154765;-0.15568383408943048;-0.011717152741362985;-0.029049457100841336;163.54699279032513;-0.21583676753919603;-0.129423837563046;-2.6431996653003256;-0.20321469038840076;-1.143825525907233;-0.14690817440288761;0.0
42;10;0.0;-8.594780970895471e-07;0.0;0.0;0.0;-0.0010865127594407175;0.0790451328075579;-0.1540314656811857;-0.011610243337738784;-0.028784491194937634;162.0549073764909;-0.21386840822744868;-0.12824312445732614;-2.6153426288205526;-0.20106694170114808;-1.131715013108913;-0.14556948420784468;0.0
42;11;0.0;-8.38353883915457e-07;0.0;0.0;0.0;-0.0010746723689040625;0.07829642865315763;-0.1523968709095304;-0.011500330035543993;-0.02851183841814336;160.5194638649071;-0.21184070603542826;-0.12702945763816015;-2.587651557577356;-0.19893554545195571;-1.1197268894732326;-0.1441938166545499;0.0
42;12;0.0;-7.935251625814712e-07;0.0;0.0;0.0;-0.0010629610017271686;0.07769902215922841;-0.1507792822678746;-0.011412882953424831;-0.028294237681548165;159.29711269270692;-0.210220891821922;-0.1260658658171662;-2.5602731932358602;-0.19682764130937036;-1.10786759031802;-0.14309977879218716;0.0
43;1;0.0;-5.696478467483043e-07;0.0;0.0;0.0;-0.0010512840890455693;0.07691102464798052;-0.12167456891705279;-0.01129731423603405;-0.028007255440273195;157.66909237805152;-0.2080685474187946;-0.12478072016607268;-2.5327762554470725;-0.1947162876881504;-1.0960379255498354;-0.14164409245049453;0.0
43;2;0.0;-5.812472220632469e-07;0.0;0.0;0.0;-0.0010397354414956746;0.07643322893318384;-0.12042073556127267;-0.011226558494135551;-0.027833367662968993;156.68524110721893;-0.2067838327450333;-0.12399367177880127;-2.506630200073688;-0.19267652365981972;-1.084334569537776;-0.14074884117725722;0.0
43;3;0.0;-5.601910924467285e-07;0.0;0.0;0.0;-0.0010283136497681918;0.0757929335808053;-0.1191799549110529;-0.011132093868489405;-0.027600276828679604;155.3695157288959;-0.20505734398627076;-0.12294705400354458;-2.4803954738369494;-0.19064149989847773;-1.0727561169251711;-0.13956164312982597;0.0
43;4;0.0;-6.155593998217722e-07;0.0;0.0;0.0;-0.0010170173207921262;0.07521506159965859;-0.11795189209291922;-0.011046829138218844;-0.027389912087897136;154.18195832785284;-0.2034992682042647;-0.12200197019460858;-2.4544989454386;-0.18863091622334138;-1.0613013054704346;-0.1384887470606674;0.0
43;5;0.0;-5.988069699192338e-07;0.0;0.0;0.0;-0.001005648963171432;0.0746529430161427;-0.11673666452028625;-0.010963815240987563;-0.027185295226768467;152.99682385881835;-0.20194646962454552;-0.1210576343140549;-2.4284969531005567;-0.1866096752935215;-1.0497661761862371;-0.13741676916615087;0.0
43;6;0.0;-7.854647801563827e-07;0.0;0.0;0.0;-0.0009944076767168066;0.07402917190937303;-0.11551914310841369;-0.010872080372046908;-0.02695816778590963;151.71738931644046;-0.20026063378486172;-0.12004384640150734;-2.402403391361068;-0.18459307141206077;-1.0383562725113098;-0.1362667131497207;0.0
43;7;0.0;-8.254914096108436e-07;0.0;0.0;0.0;-0.0009832920406834351;0.07345407810134105;-0.11431390468442865;-0.01078727249445064;-0.0267488060262087;150.53611532080518;-0.19870968578419215;-0.11910445167232599;-2.376843245501404;-0.1826099890626332;-1.0270703954354352;-0.1352004232183898;0.0
43;8;0.0;-8.542812241495772e-07;0.0;0.0;0.0;-0.0009723085631206638;0.07288273055115366;-0.11312140498955128;-0.010702762701089996;-0.02654085342988356;149.36127154525022;-0.1971732083587604;-0.11816673396469737;-2.3517857894674132;-0.18065934303811318;-1.0159133338659685;-0.13413609601054105;0.0
43;9;0.0;-8.232509795930349e-07;0.0;0.0;0.0;-0.0009614482106979106;0.07236255616049814;-0.11194220429733372;-0.010626193317522197;-0.026351460081346232;148.29381915683874;-0.19576838804886781;-0.11731949690628252;-2.3267166475448984;-0.1787167663912691;-1.00487782381658;-0.13317363167509222;0.0
43;10;0.0;-7.308321389187941e-07;0.0;0.0;0.0;-0.0009507009820343007;0.07174871829640586;-0.1107754766293007;-0.01053587683139983;-0.02612795709859194;147.03388305845888;-0.19410930717334882;-0.11632059955120523;-2.301756870727343;-0.17678730387059713;-0.9939558581757331;-0.13204061891174124;0.0
43;11;0.0;-7.161203950580412e-07;0.0;0.0;0.0;-0.0009401283287023118;0.07125423958424468;-0.1096203597241425;-0.010462766809715151;-0.025947977025888604;146.02510702768237;-0.19278924415990079;-0.11551550477631929;-2.277629862851251;-0.174908880857614;-0.9832089549714421;-0.13112570391362954;0.0
43;12;0.0;-6.280010988275582e-07;0.0;0.0;0.0;-0.0009296732470980448;0.0705598430238147;-0.10848156634762235;-0.0103611024314293;-0.025695051983791125;144.60096340543313;-0.19089750044836484;-0.11439567578441982;-2.2526377907928508;-0.17299857545910013;-0.9725630028769103;-0.1298550216141246;0.0
44;1;0.0;-4.974497769497715e-07;0.0;0.0;0.0;-0.0009194348967627803;0.06990825796105891;-0.10950734416928629;-0.010265414960161595;-0.025457772354283825;143.28098009722024;-0.18915481557268324;-0.11335141279197564;-2.2286170014335207;-0.17114886104957108;-0.9621364415039272;-0.1286694666247502;0.0
44;2;0.0;-4.853038348860282e-07;0.0;0.0;0.0;-0.0009093092953120574;0.0693229875663095;-0.10832878401152501;-0.010179630386452693;-0.02524461241198075;142.08248950787996;-0.1875688744765013;-0.1124050602343769;-2.204801363119466;-0.1693165540494289;-0.9518215928357248;-0.1275941594237479;0.0
44;3;0.0;-4.660218317140847e-07;0.0;0.0;0.0;-0.0008992952011539861;0.06873864766316726;-0.10716292823007409;-0.010094020507595742;-0.025031784532333776;140.88618739761802;-0.18598491910123663;-0.11146098147013812;-2.1812001759380166;-0.16750200103241492;-0.9416172566758356;-0.12652150751414132;0.0
44;4;0.0;-4.656241226752599e-07;0.0;0.0;0.0;-0.0008893913854338242;0.06808249514805963;-0.10600962408690202;-0.009997966549886878;-0.02479278739094671;139.54347831806754;-0.18420528507112782;-0.11040286574468622;-2.1576517322699726;-0.165697619813894;-0.931522251087451;-0.12532066045288823;0.0
44;5;0.0;-4.443752093951871e-07;0.0;0.0;0.0;-0.0008797043111388687;0.067433167594663;-0.1048687373240771;-0.009902707644976288;-0.02455631255085467;138.22992277322993;-0.18246871862603517;-0.1093651506930766;-2.134775353348496;-0.16393999610124807;-0.9216470350213607;-0.1241428583901274;0.0
44;6;0.0;-4.770921163639959e-07;0.0;0.0;0.0;-0.0008701227415287955;0.06688275558159489;-0.10374734856008722;-0.009822420009326397;-0.024355779190571487;137.10549222237967;-0.18097155247426083;-0.10848245702379172;-2.111901808669779;-0.16218989527948627;-0.9118763722278767;-0.12313954268460857;0.0
44;7;0.0;-4.0675131341913113e-07;0.0;0.0;0.0;-0.000860645526906767;0.06619628275064231;-0.10263765534370001;-0.00972208030922625;-0.024105710924221216;135.7017137659292;-0.17910734021005614;-0.10737853691666101;-2.0891196368284706;-0.160451344683595;-0.9022091142676941;-0.12188742886869353;0.0
44;8;0.0;-4.111900805950876e-07;0.0;0.0;0.0;-0.0008512715302892616;0.06563645231181318;-0.10153933751870639;-0.009640044319945277;-0.02390181288085977;134.55533668487115;-0.1775898935959905;-0.10647362918798348;-2.0669946005895725;-0.1587505017899964;-0.8926442727529387;-0.12085929713848366;0.0
44;9;0.0;-4.173986415453993e-07;0.0;0.0;0.0;-0.0008419996280303331;0.0651586948939788;-0.10045276382965389;-0.009569983415597777;-0.02372781618532717;133.576595553118;-0.17629557194725015;-0.1056998900532844;-2.0452782142491435;-0.1570757671601256;-0.8831807576719342;-0.11997882209415406;0.0
44;10;0.0;-4.2513063357972207e-07;0.0;0.0;0.0;-0.0008328287081818992;0.06486257110755866;-0.09937779637570107;-0.00952564649846111;-0.023620132020276657;132.96316275925835;-0.1755060055458058;-0.10520136826905287;-2.024841622840013;-0.15546746047629756;-0.8738175019334719;-0.11940805885900613;0.0
44;11;0.0;-3.827448839063873e-07;0.0;0.0;0.0;-0.0008236417443010165;0.06418457754668999;-0.09831435470175388;-0.009426599910840019;-0.023373143004725955;131.5588781891274;-0.17364036115947695;-0.10409760685733013;-2.002656408612987;-0.15377650297514123;-0.8644330517175619;-0.11815649222851367;0.0
44;12;0.0;-4.1528898830964543e-07;0.0;0.0;0.0;-0.0008145561174175303;0.06375175081192383;-0.09725448004814646;-0.009362818935764985;-0.023215564898703172;130.67086581382353;-0.1724745176259169;-0.10339067601777342;-1.9817092862368229;-0.15215007384735735;-0.8551533492940276;-0.11735191518803964;0.0
45;1;0.0;-7.420513424848264e-07;0.0;0.0;0.0;-0.0008054210118764766;0.06336828344493793;-0.11820561639804841;-0.00930597563735544;-0.02307601680560455;129.85702832902112;-0.1714131867132009;-0.10273847975926007;-1.960922033229699;-0.15052702139457508;-0.845817351299002;-0.11660895962581229;0.0
45;2;0.0;-7.117773264719084e-07;0.0;0.0;0.0;-0.0007963883482216082;0.06283620241666885;-0.11695721964522039;-0.009227935369064518;-0.022882238069784438;128.76729718454266;-0.16997238256393155;-0.10187748778907843;-1.9396233898389612;-0.14888746017900975;-0.8365832403966089;-0.11563119083767544;0.0
45;3;0.0;-6.545122934210814e-07;0.0;0.0;0.0;-0.000787456979350244;0.0621477940903467;-0.11572211568692267;-0.00912723927967683;-0.02263147784108779;127.35949125418101;-0.16810454932366964;-0.10076979408923657;-1.918068804674593;-0.14724315722857484;-0.8274498807383133;-0.1143759604772667;0.0
45;4;0.0;-6.684912000665406e-07;0.0;0.0;0.0;-0.0007786257694498633;0.06152491312816356;-0.1144999507538181;-0.009035982851066859;-0.02240461256601881;126.08460245383654;-0.1664165229765457;-0.09976445090323659;-1.8969837729894008;-0.14562767672354976;-0.8184161692007212;-0.11323595099292999;0.0
45;5;0.0;-7.432139822290736e-07;0.0;0.0;0.0;-0.0007701585618800221;0.061157494017966565;-0.11329054615782667;-0.008981515697348764;-0.022270905107946073;125.37031743283859;-0.16548490812563751;-0.09919182981175023;-1.877711634968842;-0.14412286196209492;-0.809756676335064;-0.11258283200512731;0.0
45;6;0.0;-5.489975694891626e-07;0.0;0.0;0.0;-0.0007617834237105828;0.060764501027143286;-0.11211102728986141;-0.008923463295378055;-0.022127854357669;124.5621548182941;-0.16442625838399344;-0.09854699680697532;-1.8584655184934655;-0.14262572598044262;-0.8011890303872499;-0.11184858544205784;0.0
45;7;0.0;-5.31939517760696e-07;0.0;0.0;0.0;-0.0007534993548683748;0.06027215085735673;-0.11094585503896884;-0.008851323845254208;-0.021948532111925174;123.5539910758467;-0.1630915594441718;-0.09775135866875195;-1.838851665319241;-0.14111794155175808;-0.7927119881661348;-0.11094476108111316;0.0
45;8;0.0;-5.315857847613504e-07;0.0;0.0;0.0;-0.0007453053648995065;0.059751526349638574;-0.10979287612731572;-0.008774882626318656;-0.021758940218571526;122.48679269397745;-0.16168248423458073;-0.09690716379701562;-1.819520426432989;-0.13962959850391474;-0.7843245722502886;-0.10998638508617077;0.0
45;9;0.0;-5.173212800342573e-07;0.0;0.0;0.0;-0.0007372004753121901;0.05929070741001106;-0.10865179922672169;-0.008707163344822608;-0.021591137798318952;121.54172325245989;-0.16043606525106674;-0.09615847476275248;-1.8005235439515488;-0.1381630290815507;-0.776025845500416;-0.10913552842261211;0.0
45;10;0.0;-4.93849594663043e-07;0.0;0.0;0.0;-0.0007291837175802258;0.058826387585884786;-0.10752257626593137;-0.008638852707990322;-0.021422074273624712;120.58891933407511;-0.1591812717899736;-0.09540266290922943;-1.7817806997108583;-0.13671444243906436;-0.767814880885183;-0.10827673450088131;0.0
45;11;0.0;-4.2114753220194894e-07;0.0;0.0;0.0;-0.0007214400281838002;0.05828366933544902;-0.10640516451405091;-0.008559448798170369;-0.021224386532044264;119.50886293536767;-0.15774792284549052;-0.09455257478832346;-1.763197769414466;-0.1352932021574779;-0.7598844480956906;-0.10731195407420104;0.0
45;12;0.0;-4.102627220432379e-07;0.0;0.0;0.0;-0.0007137785678410094;0.057794441766797565;-0.10531139089109606;-0.008487655762133043;-0.02104622139790401;118.50638606343288;-0.15642386201895303;-0.09375981454508987;-1.7450950276993016;-0.1339000121750535;-0.7520374468980822;-0.10641192332551612;0.0
46;1;0.0;-6.306578052831673e-07;0.0;0.0;0.0;-0.0007062217253338654;0.05747345290807418;-0.0868652122265803;-0.008440249617201228;-0.02092937862491724;117.84991734346714;-0.15556354204444642;-0.09323591788351604;-1.7277194501804594;-0.13254799210309726;-0.7442955267073321;-0.10581441643958386;0.0
46;2;0.0;-5.826822829946542e-07;0.0;0.0;0.0;-0.000698744879806;0.05699431582865;-0.08596602026308059;-0.008369983550639672;-0.02075487997051842;116.8680910658437;-0.15426520207224437;-0.09246036113120071;-1.709986993154613;-0.13118505187047785;-0.7366332551572432;-0.10493386190848013;0.0
46;3;0.0;-5.724125395007699e-07;0.0;0.0;0.0;-0.0006913471860042575;0.05654321002114423;-0.08507615603336965;-0.008303890216155126;-0.02059057908918614;115.94414395383495;-0.1530419276861466;-0.09173123153452471;-1.6924229463698464;-0.1298354919187165;-0.7290498078768389;-0.10410560634118225;0.0
46;4;0.0;-5.63587665482251e-07;0.0;0.0;0.0;-0.0006840278057612545;0.05612337653747589;-0.08419549509432425;-0.0082421987352862;-0.02043770023766476;115.08291801969001;-0.15190597502763312;-0.09104899636708116;-1.675236717289058;-0.1285089652449178;-0.7215443849678136;-0.10333017618036945;0.0
46;5;0.0;-5.480376464025084e-07;0.0;0.0;0.0;-0.0006763751329660513;0.055769719874009055;-0.0833239806827567;-0.008189941097853906;-0.02030897088338075;114.28686916990885;-0.15086418392136453;-0.09041353561056983;-1.6575983299715964;-0.12713639661462267;-0.7136874191408831;-0.10260743439810228;0.0
46;6;0.0;-1.0011558004040032e-06;0.0;0.0;0.0;-0.0006688080702170824;0.05534925390920216;-0.08242712602350677;-0.00812794865375058;-0.020155898803186755;113.42321758919472;-0.14972979559801583;-0.08972668670315694;-1.6399826139100564;-0.12577092782176708;-0.7059154057989915;-0.10182688249707954;0.0
46;7;0.0;-9.67501358686333e-07;0.0;0.0;0.0;-0.0006613256593769114;0.05488529324662112;-0.08153805240770458;-0.00805967385401318;-0.019986969083853202;112.4713432362325;-0.14847662298779754;-0.08897162185047502;-1.6224094349730402;-0.12441341425001134;-0.698227998550345;-0.10096965595430772;0.0
46;8;0.0;-9.744292529705356e-07;0.0;0.0;0.0;-0.000653926952789204;0.05449803430759232;-0.08065860833894606;-0.00800249405619489;-0.019846000987758163;111.67538812328537;-0.14743328214074597;-0.08833723694265154;-1.6052746614237736;-0.12308214746615617;-0.6906242878006009;-0.1002482633842603;0.0
46;9;0.0;-9.700831143250944e-07;0.0;0.0;0.0;-0.0006466110147972725;0.05402680959430006;-0.07978872732165308;-0.007933515188783278;-0.019674361354868542;110.71127991620097;-0.1461553467555315;-0.08757749213007548;-1.5877567283477656;-0.12173896623686152;-0.6831033570863047;-0.09938590867699526;0.0
46;10;0.0;-9.89105645418975e-07;0.0;0.0;0.0;-0.0006393769208689312;0.0536063528663321;-0.07892828558638806;-0.007871819364473167;-0.019521240002488786;109.84993217258608;-0.1450171533170955;-0.08689646120211103;-1.5706383394002352;-0.12042010154605413;-0.6756642964006111;-0.09861217312620695;0.0
46;11;0.0;-8.984627308155366e-07;0.0;0.0;0.0;-0.0006321971670719593;0.053155247429240236;-0.07807714780656355;-0.007805517004691792;-0.01935697652815584;108.92050996251139;-0.14379169941812742;-0.08616028584785003;-1.5536812408110487;-0.1191124627384901;-0.668278419676986;-0.09777646588776333;0.0
46;12;0.0;-9.217612589873178e-07;0.0;0.0;0.0;-0.0006250980327119249;0.05287906754851453;-0.07723299873600832;-0.007764646548631742;-0.01925645924509794;108.35155271104337;-0.14304725411968336;-0.08570531294000115;-1.5373425603860627;-0.11783920749114545;-0.6609705400469945;-0.09725686371167709;0.0
47;1;0.0;-6.737101186004467e-07;0.0;0.0;0.0;-0.0006179794849737019;0.05245208351035636;-0.08687511470974439;-0.00770189854845001;-0.019100977612432266;107.4592760631737;-0.14187089319129467;-0.08499834786684114;-1.5205383422692291;-0.11654262516617686;-0.6536391404434742;-0.09645387541928978;0.0
47;2;0.0;-6.406410392957267e-07;0.0;0.0;0.0;-0.0006109419974602879;0.05196391594318514;-0.08590540966095547;-0.007630315138232596;-0.018923188866355037;106.45982181964514;-0.14054906761660993;-0.0842091682318012;-1.503696993151121;-0.11525006695611346;-0.6463890225995662;-0.09555846418870666;0.0
47;3;0.0;-7.091216823259715e-07;0.0;0.0;0.0;-0.000603984646268469;0.05164334647163361;-0.0849465384320738;-0.007582651686846486;-0.018806555664966314;105.79863094919108;-0.1396902016655391;-0.08367735475552532;-1.4878563738174813;-0.11400959557573855;-0.6392192879840043;-0.0949526581837078;0.0
47;4;0.0;-7.574270705876374e-07;0.0;0.0;0.0;-0.0005971065190070681;0.05125760016982509;-0.08399838884069721;-0.007525972693182201;-0.018666088729668576;105.00798544387209;-0.1386472517423035;-0.08305102401051542;-1.4716324281400233;-0.11275696782951378;-0.6321290348261507;-0.094240586858123;0.0
47;5;0.0;-7.637788721206613e-07;-0.0003131435518444489;0.0;0.0;-0.0005904865393947606;0.050795093995319486;-0.08306081892478463;-0.007458146482315128;-0.018497646781671373;104.09208683024514;-0.13743512341659223;-0.08275637593481532;-1.4557782991768624;-0.11154045585651186;-0.636582566185156;-0.09520427342291891;0.0
47;6;0.0;-4.6247287656460335e-07;0.0;0.0;0.0;-0.0005839399481752068;0.05036995568350081;-0.08215378305016875;-0.007395828514628849;-0.01834280894301167;103.22178815710494;-0.13628387528422498;-0.08206465315834363;-1.440143956823089;-0.11033933656696272;-0.6297162751488639;-0.09440530363555184;0.0
47;7;0.0;-4.417070256642284e-07;0.0;0.0;0.0;-0.0005774659323792862;0.04993325385306084;-0.08125704474484786;-0.0073317311061985605;-0.018183774654525243;102.3269845514849;-0.13510190492088092;-0.08135274639109838;-1.4247111271621133;-0.10915270642250946;-0.6229240242312942;-0.09358383387068692;0.0
47;8;0.0;-4.011542968298908e-07;0.0;0.0;0.0;-0.0005710636875831311;0.04952499128284453;-0.08037011308834278;-0.00727183368782082;-0.018035092532722716;101.49062741264386;-0.13399652518294036;-0.08068731472920045;-1.4094595046049434;-0.10797956827026911;-0.6162049954965583;-0.09281485126030042;0.0
47;9;0.0;-3.613027460375605e-07;0.0;0.0;0.0;-0.000564732418610767;0.04911571688112433;-0.0794928641046507;-0.0072117968967629915;-0.01788604030151877;100.65226585822604;-0.13288827895498048;-0.0800204935416965;-1.394356507963319;-0.10681835631007193;-0.6095583741883976;-0.09204450316319311;0.0
47;10;0.0;-3.4777466725342515e-07;0.0;0.0;0.0;-0.00055847133819075;0.04875943511710817;-0.07862513316621458;-0.0071593305422835655;-0.017756323481487247;99.9209457590888;-0.1319263595740415;-0.0794352721520676;-1.3796637964093625;-0.10568114951485434;-0.6029834082135417;-0.09136615396191557;0.0
47;11;0.0;-3.767812765626559e-07;0.0;0.0;0.0;-0.0005520585779349357;0.048328692902782654;-0.07776688318485633;-0.007096079725751235;-0.01759946453036491;98.99908333233587;-0.13071013225371217;-0.07870145481358688;-1.3643737553786606;-0.10450465525725677;-0.5962474101974861;-0.09052083147845938;0.0
47;12;0.0;-3.209798628766507e-07;0.0;0.0;0.0;-0.0005457194480950278;0.047922900485590156;-0.0768932871566654;-0.00703633874764648;-0.01745171871184565;98.16618715481616;-0.12961362293955273;-0.07803636012386037;-1.3493918322232175;-0.10334768540252964;-0.5895815459928025;-0.08975242876306307;0.0
48;1;0.0;-2.641617553272812e-07;0.0;0.0;0.0;-0.0005395750410859836;0.04745129480609686;-0.06089147283139701;-0.006967030927032514;-0.017279989015507115;97.2213041019858;-0.12836713535302577;-0.07728425988158867;-1.3347023421172257;-0.10221856752147973;-0.5831182812407383;-0.08888636479874988;0.0
48;2;0.0;-2.9162502081418635e-07;0.0;0.0;0.0;-0.0005334998106190795;0.04706691785685272;-0.06022769124097058;-0.006910475333158153;-0.017140034590665557;96.4328302237066;-0.1273289024502277;-0.07665454062007492;-1.3203414715783826;-0.1011096058955969;-0.5767258322241804;-0.08815818214969434;0.0
48;3;0.0;-2.4360513892875774e-07;0.0;0.0;0.0;-0.000527492978618022;0.04662822420187714;-0.05957115395136531;-0.006846335809366875;-0.016980230327667992;95.53594771518752;-0.12613824631589166;-0.07594472728630612;-1.3057259761723403;-0.09999370093864089;-0.5704034231120979;-0.08734009432143347;0.0
48;4;0.0;-2.6410230901237314e-07;0.0;0.0;0.0;-0.0005215537756128445;0.04628139941455163;-0.058921781846353355;-0.00679528541643637;-0.01685395249325849;94.82436895424453;-0.125201780375715;-0.07537564268862812;-1.2917323611374574;-0.09891144364347582;-0.5641507541965098;-0.08668057897751234;0.0
48;5;0.0;-2.9650541555884136e-07;0.0;0.0;0.0;0.0;0.046065586265493355;-0.05828039939218528;-0.006763264455193211;-0.016775420986734558;94.36352309507072;-0.12460154829436534;-0.07500132904230375;-1.2779606332252673;-0.09783493571543278;-0.557835901859448;-0.08624036204412824;0.0
48;6;0.0;-5.57772795643511e-07;0.0;0.0;0.0;0.0;0.04571022932329893;-0.05764680904279433;-0.00671092825220042;-0.016646041956867075;93.63427514138185;-0.12364233039878056;-0.07441805229257827;-1.2639865009536142;-0.09675395686434736;-0.5515902837888601;-0.08556508666537656;0.0
48;7;0.0;-5.387915746866849e-07;0.0;0.0;0.0;0.0;0.04534609799299161;-0.057017761588336185;-0.006657359823536012;-0.01651345762665071;92.8875905136314;-0.12265893537742228;-0.07382175756128762;-1.2501112826472374;-0.09568242450286017;-0.5454147227855873;-0.0848753753700099;0.0
48;8;0.0;-5.643370773961781e-07;0.0;0.0;0.0;0.0;0.04506275601560071;-0.05639582471631094;-0.006615547121544504;-0.016410312685885456;92.30562007342536;-0.12189553146172206;-0.07335394811280818;-1.2365944491503325;-0.09463231593273193;-0.5393083258015674;-0.08433040476130965;0.0
48;9;0.0;-5.026295531956624e-07;0.0;0.0;0.0;0.0;0.044637943240141385;-0.05578071736894026;-0.006553307214128526;-0.016255588000421622;91.43635923904334;-0.1207446318958326;-0.07266438046878551;-1.2227299631547663;-0.09357083765934585;-0.5332703293605857;-0.08353615010518575;0.0
48;10;0.0;-4.6587198356670715e-07;0.0;0.0;0.0;0.0;0.04418503141636;-0.05517239462576561;-0.0064870130931993595;-0.016090617958264462;90.51005834898973;-0.11951672223940382;-0.07193087611130877;-1.208911545195375;-0.0925161937385079;-0.5272999455925882;-0.08269265577070564;0.0
48;11;0.0;-4.6437536727698725e-07;0.0;0.0;0.0;0.0;0.043756693039725285;-0.054570682805958406;-0.00642424353230914;-0.015934611521096275;89.63036979116953;-0.1183523977829816;-0.07123301295231714;-1.1953048259156138;-0.09147474033745491;-0.5213785053147777;-0.08188943854699145;0.0
48;12;0.0;-5.317464511096512e-07;0.0;0.0;0.0;0.0;0.04344016953305836;-0.05397429703830632;-0.006377424201856149;-0.01581940712916775;88.9806369325743;-0.1175043350680941;-0.07070978491342553;-1.182456633659123;-0.09047308230226381;-0.515536906976327;-0.0812844114383319;0.0
49;1;0.0;-9.80858472954975e-07;0.0;0.0;0.0;0.0;0.04305548101100956;-0.052993834320639456;-0.00632067027624987;-0.01567936644210937;88.21921317242655;-0.11650464708321004;-0.07010086607336481;-1.1698893022952637;-0.08950066610787652;-0.5099227748109715;-0.08058294961018816;0.0
49;2;0.0;-8.774307182738605e-07;0.0;0.0;0.0;0.0;0.04267534405981001;-0.052430622252932206;-0.00626493358229232;-0.015540921061087601;87.44082663733857;-0.11547506448374154;-0.06948291198868542;-1.1571776826500202;-0.08852581892378335;-0.5043698649073834;-0.07987148512175354;0.0
49;3;0.0;-8.670966768193388e-07;0.0;0.0;0.0;0.0;0.04230416607937568;-0.05187351334695997;-0.006210744153559996;-0.015405696868499125;86.6824852413363;-0.11446643544636814;-0.06888396118622749;-1.1444173139658251;-0.08755292443039644;-0.49887743652168615;-0.079181551288269;0.0
49;4;0.0;-8.798978339767552e-07;0.0;0.0;0.0;0.0;0.041946849498712746;-0.05132231226464243;-0.006158185302554133;-0.015275592610626422;85.94959741639076;-0.11350102677368765;-0.06829963358170651;-1.1321465355708809;-0.08660689987026852;-0.49344482593401856;-0.07850821858350526;0.0
49;5;0.0;-8.819246413783805e-07;0.0;0.0;0.0;0.0;0.041647761961146466;-0.05077695038721779;-0.00611415368662657;-0.015166697159316097;85.29626294468082;-0.11264199405441301;-0.06777730890025332;-1.1196114575116687;-0.08563685058806195;-0.4878482555849584;-0.07790479040761647;0.0
49;6;0.0;-4.474356255451335e-07;0.0;0.0;0.0;0.0;0.04134771365798616;-0.05022014736671096;-0.006069882104367073;-0.01505746946408244;84.680284780834;-0.11183403557617828;-0.06728354875870797;-1.1073042984692978;-0.08468180143807541;-0.4823169254001438;-0.07733384522696501;0.0
49;7;0.0;-4.2081923370534763e-07;0.0;0.0;0.0;0.0;0.04097191696373004;-0.049670994166932075;-0.006014515590230844;-0.014920652253814145;83.90920195991426;-0.11082042968790275;-0.06666804487302769;-1.0949923973558098;-0.08373091325412804;-0.47684837327504676;-0.07662608365946777;0.0
49;8;0.0;-3.957968403143625e-07;0.0;0.0;0.0;0.0;0.04059489268156935;-0.049127911533147196;-0.005959197652170586;-0.014783347211341415;83.13725261740645;-0.10980021951634698;-0.06605501447802678;-1.082622236540849;-0.0827816545144676;-0.47144160295865956;-0.07592121589183823;0.0
49;9;0.0;-4.280853407194936e-07;0.0;0.0;0.0;0.0;0.04029229614946145;-0.0485906130767406;-0.005914624371910927;-0.014673178631651523;82.51643860197774;-0.10898395619372411;-0.06555867699173223;-1.0706510210829814;-0.08185517683364489;-0.4660963736307234;-0.07534779112488538;0.0
49;10;0.0;-3.830595952867475e-07;0.0;0.0;0.0;0.0;0.039910519376177234;-0.048059364275581745;-0.005858819856697626;-0.014534105258135482;81.7363102933546;-0.10794795440901754;-0.06494215310105224;-1.0583650781942526;-0.08091833772246496;-0.4608118476244894;-0.07463930251719585;0.0
49;11;0.0;-3.4851002575766364e-07;0.0;0.0;0.0;0.0;0.039486392942141395;-0.047534098165797865;-0.0057968740782328235;-0.014379596043323154;80.82841463187971;-0.10674227774692406;-0.06422550701539341;-1.0455684255592452;-0.07994557172597265;-0.455356620601742;-0.07381832093513845;0.0
49;12;0.0;-3.4850367146869976e-07;0.0;0.0;0.0;0.0;0.03912124756752193;-0.04699679046426904;-0.005743144457514396;-0.014246644629649812;80.08051063622288;-0.10575814857299476;-0.06362934603174947;-1.03339386126219;-0.07900617252561165;-0.44997117054152463;-0.07313361321393434;0.0
50;1;0.0;-2.255575266665657e-07;0.0;0.0;0.0;0.0;0.038754002256626965;-0.057184750686894374;-0.005689216635979734;-0.01411290886644141;79.36274351798569;-0.1048099358757118;-0.06305921597915627;-1.0216633666939887;-0.07810521145497118;-0.4448378527169966;-0.07247836590200782;0.0
50;2;0.0;-2.1627846566029119e-07;0.0;0.0;0.0;0.0;0.038397367005266005;-0.05656325353275647;-0.005636873192851868;-0.013983032156212435;78.63248893571668;-0.10384524768687768;-0.06247927401258927;-1.0100528660941903;-0.07721391439237686;-0.4397631579986577;-0.07181220152655797;0.0
50;3;0.0;-2.285003891315176e-07;0.0;0.0;0.0;0.0;0.03809678151311495;-0.05594855685693267;-0.005592644458172428;-0.013873587138045259;78.01618247974314;-0.1030337325954951;-0.061987644844823116;-0.9987480270287679;-0.076340843803893;-0.43474628540123933;-0.07124549429899564;0.0
50;4;0.0;-2.605549926585064e-07;0.0;0.0;0.0;0.0;0.03779003990163217;-0.055340476658194616;-0.005547338862769351;-0.013761931129530898;77.3860201777604;-0.10220804657760621;-0.06148277564949807;-0.9877049151091299;-0.07548391583443148;-0.4297867201457126;-0.07066401337597236;0.0
50;5;0.0;-2.832151234506644e-07;0.0;0.0;0.0;0.0;0.03747989931850619;-0.05473903983385667;-0.005501600041965256;-0.01364902560748215;76.79859357067534;-0.1014362225205325;-0.06101310410539792;-0.9773249225052826;-0.0746807985635981;-0.4251520762875131;-0.07012225403960477;0.0
50;6;0.0;-4.947777066485185e-07;0.0;0.0;0.0;0.0;0.0372185032725836;-0.05416966049119311;-0.005463176961648497;-0.013553842710904764;76.26251491534504;-0.10072933062733466;-0.060585561030680385;-0.9669898228675246;-0.07388325111211352;-0.4205666788153947;-0.06962791967499979;0.0
50;7;0.0;-5.690319159531633e-07;0.0;0.0;0.0;0.0;0.03690043217032729;-0.053605244468017385;-0.005416302811839628;-0.013438044008056208;75.60940784406466;-0.099871087193883;-0.060063979126064974;-0.956790743790685;-0.07309546139180918;-0.4160305950442297;-0.06902789109880207;0.0
50;8;0.0;-5.788550070166322e-07;0.0;0.0;0.0;0.0;0.036601399263813915;-0.053046558045840735;-0.005372308898637065;-0.013329163160083554;74.99593931229344;-0.09906316827270416;-0.05957483225576092;-0.9466559762211185;-0.0723140668370139;-0.4115433687513747;-0.06846445929077442;0.0
50;9;0.0;-5.575685379566219e-07;0.0;0.0;0.0;0.0;0.03632288945559331;-0.052493751815533354;-0.005331258116340773;-0.013227768567009746;74.42403604342329;-0.09831182336995233;-0.05911753198515387;-0.9367170304519375;-0.0715451286701142;-0.40710474455227635;-0.06793699283927898;0.0
50;10;0.0;-4.586784436964354e-07;0.0;0.0;0.0;0.0;0.035932772181314646;-0.05194675501130065;-0.005274213321046266;-0.013085660691070648;73.62626348245406;-0.09725289640446853;-0.05848754685341245;-0.9263885043178974;-0.07076146474614031;-0.40271401696386566;-0.06721537153527822;0.0
50;11;0.0;-4.48322722863734e-07;0.0;0.0;0.0;0.0;0.0356315322642748;-0.05140545704392345;-0.005229876798672067;-0.012975979441861872;72.99505773663925;-0.09642227962699498;-0.05798412781342035;-0.9164236948786583;-0.06999296393977508;-0.39830043754344274;-0.06663625952922854;0.0
50;12;0.0;-4.276734177458748e-07;0.0;0.0;0.0;0.0;0.03535016490665652;-0.05086319563809495;-0.005188525393519136;-0.012873523033530329;72.41466043425282;-0.09565191265259143;-0.057523199721074544;-0.9063592474777089;-0.06922321962484793;-0.39389554802394144;-0.0661004762675235;0.0
51;1;0.0;-4.228361872672255e-07;0.0;0.0;0.0;0.0;0.035106607942949626;-0.05168295892475292;-0.005152813093049689;-0.012784820142384558;71.89313057206569;-0.09496270538017064;-0.05710680947369844;-0.8962910120947385;-0.06844794552867728;-0.38941786130774436;-0.06561507416417939;0.0
51;2;0.0;-4.784555934361424e-07;0.0;0.0;0.0;0.0;0.0349095222562779;-0.05106240917661632;-0.0051236402758255625;-0.01271309092115361;71.48775505434317;-0.09443309884559276;-0.05677851541107795;-0.8866371244615258;-0.0676953821484623;-0.38499157490376157;-0.06522904503466362;0.0
51;3;0.0;-4.376196773548288e-07;0.0;0.0;0.0;0.0;0.0346710577388991;-0.050450162238065935;-0.005088595396761736;-0.012626256819410528;70.99909609665194;-0.09378868403211257;-0.056387403628545794;-0.8768599558372685;-0.06694055945393534;-0.38061573556427997;-0.06477256496880077;0.0
51;4;0.0;-3.996000763177049e-07;0.0;0.0;0.0;0.0;0.03426144403791365;-0.04984560387157527;-0.005028976373389441;-0.012476997672841963;70.16394864025752;-0.09267364120079154;-0.05573070597410541;-0.8664745728358976;-0.06616095166627343;-0.37628964065335185;-0.06401750181265409;0.0
51;5;0.0;-3.898989509030325e-07;0.0;0.0;0.0;0.0;0.03399884729616848;-0.04924836563583926;-0.004990492712797124;-0.012381356900055804;69.64080543235433;-0.09198092181840971;-0.05531412185999789;-0.856954044582405;-0.0654301400221019;-0.3720872717215041;-0.06353275875063098;0.0
51;6;0.0;-8.133038532852461e-07;0.0;0.0;0.0;0.0;0.03374512894571771;-0.04866259736847908;-0.00495295340801287;-0.012289013341717623;69.11876026904736;-0.09129823043502831;-0.05489349576013558;-0.8478392497837406;-0.06472136442214355;-0.36792999258732767;-0.06304345073217991;0.0
51;7;0.0;-8.372770283598652e-07;0.0;0.0;0.0;0.0;0.03344526802568856;-0.048079631782953394;-0.004909139213933846;-0.01217977725156699;68.50601461843749;-0.09048416442461384;-0.05440806656783406;-0.8383473503031804;-0.06399828808574365;-0.3638191281389135;-0.0624814326446129;0.0
51;8;0.0;-8.331424268990659e-07;0.0;0.0;0.0;0.0;0.03315350642497697;-0.047503734839895284;-0.004866470666504935;-0.012073498391831554;67.90955546081105;-0.08969265155887439;-0.05393494950592285;-0.8290031614821807;-0.06328521177598889;-0.3597543999732151;-0.06193348442877313;0.0
51;9;0.0;-8.35579449472446e-07;0.0;0.0;0.0;0.0;0.03288960597495909;-0.04693507588385688;-0.004827848491548946;-0.011977373426405504;67.3698455063832;-0.08897711233325174;-0.053506044218947335;-0.8198345971736822;-0.06258339476934373;-0.35573524808730134;-0.06143548546035786;0.0
51;10;0.0;-8.951766015563948e-07;0.0;0.0;0.0;0.0;0.03266135610770933;-0.04637354606975969;-0.004794349191450499;-0.011894250951499557;66.90234175825891;-0.08835953526578137;-0.053132626349843094;-0.8109076838868777;-0.061895864023009395;-0.351760988559909;-0.061000098215994;0.0
51;11;0.0;-7.97941243304068e-07;0.0;0.0;0.0;0.0;0.03236261743472175;-0.04581891789372912;-0.0047507459023799475;-0.011785415318104177;66.28551904659612;-0.08753912041079279;-0.05264479212897714;-0.801689889703746;-0.061195424201817235;-0.34779629131985407;-0.06043615734463756;0.0
51;12;0.0;-7.086564500216334e-07;0.0;0.0;0.0;0.0;0.03207296142005776;-0.04526838274588431;-0.004708520200373016;-0.011679879401039804;65.69598415643628;-0.08675574855696037;-0.05217859009290028;-0.7926238753701755;-0.06050509031444476;-0.3438930654991659;-0.059898676992430136;0.0
52;1;0.0;-2.710925938105182e-07;0.0;0.0;0.0;0.0;0.031766411939572484;-0.045149405263507573;-0.0046636210208394245;-0.011568225937580667;65.04928140303468;-0.08589988459168006;-0.05166571972110141;-0.7834913229231905;-0.05980748593156028;-0.33993395149442546;-0.05930902766302989;0.0
52;2;0.0;-2.8712819946893013e-07;0.0;0.0;0.0;0.0;0.03145922692635226;-0.04463492913698587;-0.0046184936669184384;-0.011456365078414285;64.42002184597986;-0.08506961458249047;-0.051165175745695624;-0.7745613497963978;-0.059122439011170515;-0.3360202954944916;-0.05873336462323585;0.0
52;3;0.0;-3.0942809953980613e-07;0.0;0.0;0.0;0.0;0.03126913019875947;-0.04412620075390587;-0.0045903540049761415;-0.011387179726747519;64.02906673240835;-0.08455884516703845;-0.050849776129547164;-0.7660732611179031;-0.05846100971685644;-0.3321517740586744;-0.05836613016444936;0.0
52;4;0.0;-2.8204574819951554e-07;0.0;0.0;0.0;0.0;0.030986442108612185;-0.043623371345714944;-0.004548853725181391;-0.011284234327483945;63.450205715559754;-0.08379441663697608;-0.050389457830092944;-0.7573497257557887;-0.05779175343984723;-0.3283278485682372;-0.057835999719730725;0.0
52;5;0.0;-2.4992018418861643e-07;0.0;0.0;0.0;0.0;0.030693239559666796;-0.04312637368033508;-0.004505952388307078;-0.011177434511489972;62.825739431206884;-0.0829668883422634;-0.04989487487105723;-0.748301977453838;-0.057101431861851765;-0.32442030013486584;-0.05726744546498497;0.0
52;6;0.0;-3.090036652447555e-07;0.0;0.0;0.0;0.0;0.030410409351651766;-0.042621728286151676;-0.004464476760563626;-0.011074429243741073;62.24710267436779;-0.08220160425672537;-0.049435455310411616;-0.7394500704161314;-0.0564234251077805;-0.32055876741124795;-0.05673852030821653;0.0
52;7;0.0;-3.297430602504102e-07;0.0;0.0;0.0;0.0;0.030168332742811912;-0.04212247360362112;-0.004428785906844381;-0.010986300366240839;61.75048487203507;-0.08154939565702908;-0.049038007229015905;-0.7309268897236547;-0.055763856510525435;-0.31674321835889707;-0.05627944237530457;0.0
52;8;0.0;-3.175244919857772e-07;0.0;0.0;0.0;0.0;0.029940433559823;-0.0416290704790461;-0.004395162240415335;-0.010903336946761115;61.28278483422166;-0.08093571296794388;-0.04866320292344576;-0.7225357414715867;-0.055113566977772636;-0.3129731188197451;-0.0558459682723291;0.0
52;9;0.0;-3.5408869985199297e-07;0.0;0.0;0.0;0.0;0.02963332506908044;-0.04114147726625462;-0.004350086115338627;-0.010791496824692727;60.65423547374373;-0.08010544137778473;-0.04816403781028191;-0.7139772227511834;-0.05445863529516799;-0.30924791507683114;-0.05527271489292216;0.0
52;10;0.0;-3.712519071961339e-07;0.0;0.0;0.0;0.0;0.02934099335880277;-0.04065961472540108;-0.004307217736297651;-0.010685031053721811;60.05621115120888;-0.07931456675344607;-0.047689496701890974;-0.705505225435187;-0.05381079750905515;-0.30556706287222507;-0.05472728756974314;0.0
52;11;0.0;-4.0906626305285056e-07;0.0;0.0;0.0;0.0;0.029108803663926548;-0.04018338623507229;-0.0042729557036029694;-0.010600506689733953;59.60512817321347;-0.07872250190751635;-0.04732809888878996;-0.6976881095704051;-0.053205414551115965;-0.3020569887679834;-0.0543092662344419;0.0
52;12;0.0;-3.942603307319827e-07;0.0;0.0;0.0;0.0;0.02887168754997997;-0.03972587800049628;-0.004238204120933601;-0.010514146634191177;59.11891613778864;-0.07807754373300543;-0.04694234929638901;-0.6897026926727783;-0.05259502373755402;-0.2985762457812284;-0.05386270115760314;0.0
53;1;0.0;-4.509444289937243e-07;0.0;0.0;0.0;0.0;0.02867018251938882;-0.045977476304413845;-0.00420856902690241;-0.010440774789551474;58.70192010543749;-0.07752821133904975;-0.046608796639984955;-0.681960010119406;-0.05199725175319358;-0.2951159555861818;-0.05347500921348267;0.0
53;2;0.0;-4.486587007067615e-07;0.0;0.0;0.0;0.0;0.02843045646936356;-0.045429482529346636;-0.004173345533936718;-0.010353480106308937;58.21084696692795;-0.07688045319649503;-0.04621725100712991;-0.6742287208312056;-0.05140277284658507;-0.29169591604982137;-0.053022239819294534;0.0
53;3;0.0;-3.795554992099543e-07;0.0;0.0;0.0;0.0;0.028177573397924868;-0.04488838056414825;-0.004136197960108121;-0.010261392755172636;57.692898939607765;-0.07619704347221491;-0.04580467411437204;-0.6665578225874452;-0.050813827138229586;-0.2883158467392526;-0.05254599434500252;0.0
53;4;0.0;-3.5717067235639914e-07;0.0;0.0;0.0;0.0;0.027909576705420307;-0.04435401435219191;-0.004096942682771317;-0.010163781737344908;57.14480068068877;-0.07547116364733532;-0.045369899808810045;-0.6588556067080756;-0.050226130397726304;-0.2849750650876833;-0.05204493330079708;0.0
53;5;0.0;-3.8738142697293725e-07;0.0;0.0;0.0;0.0;0.02771434833670957;-0.043826234218128396;-0.004068170942757936;-0.01009270599654144;56.723174129879425;-0.07491744641394515;-0.04503192319629334;-0.651281844162056;-0.04963973118160167;-0.2815701361029693;-0.05165291729928796;0.0
53;6;0.0;-7.316679533553858e-07;0.0;0.0;0.0;0.0;0.027504923306179846;-0.043297879188642224;-0.004037499364816943;-0.010016427456262906;56.29492239981732;-0.0743499985689868;-0.044691566578336075;-0.6436149232722567;-0.04905182356159339;-0.2782045728958408;-0.051258210517639444;0.0
53;7;0.0;-6.882651228698728e-07;0.0;0.0;0.0;0.0;0.027252639033333324;-0.042772406682845175;-0.0040005785057939895;-0.009924533422344006;55.779383368446105;-0.0736664442367394;-0.0442829295116065;-0.6359418273567232;-0.04846640747309481;-0.27487919938257327;-0.05078682456886635;0.0
53;8;0.0;-6.288293680158694e-07;0.0;0.0;0.0;0.0;0.026992209772001466;-0.04225295956423777;-0.003962405754212532;-0.00982968327184599;55.246779109120844;-0.07296170746423526;-0.043860121317356573;-0.6283903119591517;-0.04788937390605417;-0.27159378709385623;-0.05029965983378232;0.0
53;9;0.0;-6.868032320603342e-07;0.0;0.0;0.0;0.0;0.02679003789465551;-0.04174026212388765;-0.003932566985844517;-0.00975608744092408;54.8318111630753;-0.07241748302132227;-0.043527134820643756;-0.6211925651335162;-0.04733145680022485;-0.2683476950077405;-0.04991368747445333;0.0
53;10;0.0;-5.013585960124322e-07;0.0;0.0;0.0;0.0;0.026477624648094868;-0.04123409596153466;-0.003887047453535605;-0.009642255722814791;54.19487895159354;-0.07156821689558925;-0.04302604532608668;-0.613494690593817;-0.046753027787936226;-0.2651404585149449;-0.04933874104962138;0.0
53;11;0.0;-4.842088675959778e-07;0.0;0.0;0.0;0.0;0.026241363093490934;-0.04073422911653647;-0.003852343033900741;-0.009556220825550845;53.714625665784425;-0.07093437844564907;-0.042643617644305194;-0.6063334701575739;-0.04620332804912986;-0.2619879980514374;-0.0488973808466591;0.0
53;12;0.0;-6.197550301242609e-07;0.0;0.0;0.0;0.0;0.02604196871027397;-0.040240819730954294;-0.0038228870469478077;-0.009483640915174204;53.30626012717225;-0.07040101966405489;-0.04231513721067051;-0.599502286889219;-0.04567151969059005;-0.2588837640214382;-0.04851808514946892;0.0
54;1;0.0;-3.5366588089141964e-07;0.0;0.0;0.0;0.0;0.02583898342926518;-0.035711549215062276;-0.0037929999723165008;-0.009409736194348168;52.887985068892284;-0.0698509402499417;-0.041981002460484786;-0.5925914394026575;-0.04513781325621148;-0.25580685835802297;-0.04813267170837884;0.0
54;2;0.0;-3.806925098107038e-07;0.0;0.0;0.0;0.0;0.025607674290605856;-0.03529764112605528;-0.0037590767003586956;-0.009325495153786535;52.414760799390415;-0.0692251870059653;-0.041605362594503655;-0.5856101608937967;-0.044603385075208696;-0.2527665096447207;-0.04770066075985131;0.0
54;3;0.0;-3.8062201011813766e-07;0.0;0.0;0.0;0.0;0.025394771298306595;-0.03488848091859441;-0.0037277519911055545;-0.009247975469297526;51.97845970850934;-0.06865065454812402;-0.041257452797860236;-0.5788218150384773;-0.044080417232622716;-0.24976230286792514;-0.04729994316884292;0.0
54;4;0.0;-3.910142461789802e-07;0.0;0.0;0.0;0.0;0.025169787696534936;-0.03448400038885814;-0.003694780229511364;-0.009166033894873762;51.51835477553894;-0.06804169019170936;-0.04089252630405924;-0.5719878220990917;-0.043557816561169665;-0.24679386843688733;-0.04688018478443871;0.0
54;5;0.0;-3.7079442979097956e-07;0.0;0.0;0.0;0.0;0.02491461589355933;-0.03408433712152813;-0.003657343280094093;-0.009073104753971179;51.02236725161859;-0.06738559160206063;-0.04049920485155082;-0.5654883198030969;-0.04306194348505862;-0.24398381867427021;-0.04642858215899514;0.0
54;6;0.0;-9.080978431374434e-07;0.0;0.0;0.0;0.0;0.02466165049978044;-0.033701825188400855;-0.003620252885508818;-0.008980975076200689;50.50442164672316;-0.06670019847325309;-0.04008869460721473;-0.5590319076382763;-0.0425702889488085;-0.2412036240583368;-0.04595748900573616;0.0
54;7;0.0;-8.301402654864965e-07;0.0;0.0;0.0;0.0;0.024452058620392587;-0.03332078496629265;-0.003589595066497663;-0.008904628955911813;50.0759994448321;-0.06613178859544393;-0.03974949148753835;-0.5526656841721046;-0.04208501157625288;-0.2384551196422948;-0.04556671636214787;0.0
54;8;0.0;-8.83287665958569e-07;0.0;0.0;0.0;0.0;0.024270803179860894;-0.0329440465099325;-0.0035628722650139725;-0.008838642103333344;49.7039660260705;-0.06564318034941441;-0.03945171914844009;-0.546597655540486;-0.04161573167973002;-0.235737926180972;-0.04522265030347076;0.0
54;9;0.0;-8.901697122067802e-07;0.0;0.0;0.0;0.0;0.024055038196890855;-0.03257156415887301;-0.0035311980272738014;-0.008760067588278053;49.26209723162596;-0.06505962752573284;-0.039100486958409585;-0.5404495609318064;-0.041144884181195926;-0.23305170223161778;-0.044818539589207146;0.0
54;10;0.0;-9.82526180742526e-07;0.0;0.0;0.0;0.0;0.023903104835748864;-0.03220329430047201;-0.0035087821753840695;-0.008704758431737188;48.95013087418011;-0.0646502879406839;-0.03885015635833816;-0.5345571554401694;-0.04068801385064039;-0.2303960770522045;-0.04452803778757629;0.0
54;11;0.0;-8.849468771728524e-07;0.0;0.0;0.0;0.0;0.02366203062840225;-0.031839225350553384;-0.0034734992853964245;-0.008616948101708457;48.4631696354579;-0.06400452246987418;-0.03846496290089265;-0.5284755943817818;-0.040226432146814095;-0.2277982221083649;-0.04408590268591129;0.0
54;12;0.0;-9.28582904476928e-07;0.0;0.0;0.0;0.0;0.02348722165493105;-0.031482052202717825;-0.003447718422089161;-0.008553309625167874;48.10338171522927;-0.0635309782215988;-0.038177296487369415;-0.5227019376107094;-0.03978115620861106;-0.2252217066171585;-0.04375266093796839;0.0
55;1;0.0;-6.173297414631271e-07;0.0;0.0;0.0;0.0;0.023331685163852908;-0.05061955113049595;-0.0034246413493533084;-0.008496711908782354;47.774125403260975;-0.06310232575484129;-0.03791117254548662;-0.5170827947691881;-0.0393420968533867;-0.22263421706050682;-0.04344392520430562;0.0
55;2;0.0;-6.559842066659203e-07;0.0;0.0;0.0;0.0;0.023154553737928074;-0.05003020507909782;-0.003398614368031853;-0.008432210768543693;47.4112261843108;-0.06262364142580253;-0.03762177051364821;-0.5113048615266158;-0.03889772382413574;-0.22007652280263715;-0.043109118643913404;0.0
55;3;0.0;-7.291876296570145e-07;0.0;0.0;0.0;0.0;0.022984587116395918;-0.04944792030886248;-0.0033736359988803056;-0.008370319381296508;47.06298267251659;-0.06216439676208398;-0.03734391170197093;-0.5056041810861014;-0.038458959150508065;-0.21754833207941557;-0.042787419683905335;0.0
55;4;0.0;-7.264035216231934e-07;0.0;0.0;0.0;0.0;0.022799518828195933;-0.04887258030715423;-0.0033463488612325808;-0.008302944836947719;46.68313636956887;-0.06166558500857779;-0.03703993964540389;-0.5000200336113209;-0.03802760104195214;-0.21504920368162184;-0.042436451550710345;0.0
55;5;0.0;-7.246662595737759e-07;0.0;0.0;0.0;0.0;0.022619898777985117;-0.04830408338800111;-0.0033199283799354388;-0.008237542443449508;46.30978395881581;-0.06117387371523181;-0.036741966029644725;-0.49439844951024337;-0.037594828868134;-0.21255556218798324;-0.04209234328850365;0.0
55;6;0.0;-7.978186907592454e-07;0.0;0.0;0.0;0.0;0.0224556184628625;-0.04773846374045499;-0.0032956488540210297;-0.008177746049526806;45.9722199467428;-0.060731941955310696;-0.0364707977892343;-0.48895474226587887;-0.03717230038313867;-0.21009084822025506;-0.04177849581787331;0.0
55;7;0.0;-7.849249236491604e-07;0.0;0.0;0.0;0.0;0.02228897867731343;-0.0471794455813588;-0.0032712166604439603;-0.008117055883272134;45.631244562995825;-0.06028091808731125;-0.03619959691513028;-0.4834078772661655;-0.036746960591822295;-0.2076547551084842;-0.04146471850369152;0.0
55;8;0.0;-7.82794416487856e-07;0.0;0.0;0.0;0.0;0.022039790629598165;-0.04662706014706365;-0.003234831004174896;-0.00802627501055304;45.122454710245734;-0.05960437225800792;-0.03579838502271472;-0.4776612765933688;-0.03631430830233923;-0.20524690782387772;-0.04100477929571954;0.0
55;9;0.0;-8.135386995162127e-07;0.0;0.0;0.0;0.0;0.02186297204020278;-0.0460811403401779;-0.0032088191764726363;-0.007961893280510203;44.76001139564717;-0.05912701726441718;-0.035509173923318475;-0.47229184119862844;-0.03590107238157715;-0.20286697031199152;-0.040670939304788795;0.0
55;10;0.0;-8.379895205090632e-07;0.0;0.0;0.0;0.0;0.02167441896033761;-0.04554158632910092;-0.0031810892157006177;-0.007893237434880749;44.373574852276214;-0.05861787093375995;-0.035201144265212425;-0.4669608633785051;-0.035491524230037166;-0.20051464812465847;-0.040316029076024024;0.0
55;11;0.0;-8.359182535007829e-07;0.0;0.0;0.0;0.0;0.02149218722160023;-0.045008409524471105;-0.003154364684390076;-0.007826869805608132;43.96655148185976;-0.05808039677827576;-0.03487756725844625;-0.4612961038269155;-0.03505762213146678;-0.19803841255127524;-0.03994371280875394;0.0
55;12;0.0;-7.8383949047229e-07;0.0;0.0;0.0;0.0;0.021234706789489553;-0.04445750433420105;-0.0031166599161926174;-0.007733087265297583;43.440038122278125;-0.057382287570642614;-0.03446131028752622;-0.45551007250544484;-0.03462021502635914;-0.19558888667899169;-0.0394667804541186;0.0
56;1;0.0;-1.2429889236500005e-06;0.0;0.0;0.0;0.0;0.021036368811740213;-0.030148651433239047;-0.0030874983365939933;-0.007660867225537506;43.040286261340036;-0.05685515705871028;-0.03414292180069035;-0.4500727547497767;-0.034203106416688604;-0.19319722126085662;-0.03909993710229853;0.0
56;2;0.0;-1.232473438582406e-06;0.0;0.0;0.0;0.0;0.020861630647265372;-0.02977063863774229;-0.0030617724570293986;-0.007597246586536923;42.68219107827194;-0.056384009730172165;-0.03385685026094318;-0.44476347862248944;-0.03379395145965228;-0.19083484488272656;-0.03876956296286244;0.0
56;3;0.0;-1.1904331030407437e-06;0.0;0.0;0.0;0.0;0.020638058758789036;-0.029397541231072886;-0.003029096185778612;-0.007515803379369751;42.22576687791106;-0.05577783217199916;-0.0334962654656321;-0.43926148122935255;-0.03337785145976909;-0.1885013383602163;-0.038355465557268695;0.0
56;4;0.0;-1.2766100626163444e-06;0.0;0.0;0.0;0.0;0.020451459098705094;-0.029029221003514846;-0.003001615875381642;-0.007447865520720295;41.84330718895379;-0.055274824212902654;-0.03319087863683669;-0.4340697317908138;-0.032978105262168704;-0.1861963892995735;-0.03800357338203625;0.0
56;5;0.0;-1.2378817759264765e-06;0.0;0.0;0.0;0.0;0.02027684775075428;-0.02866561540630533;-0.002976042655463917;-0.007384267168618471;41.47714165289035;-0.026863399588622612;-0.01571463297331924;-0.21951207584723867;-0.016196549271035945;-0.0901798485362163;-0.01833456965311138;0.0
56;6;0.0;-7.804076553771287e-07;0.0;0.0;0.0;0.0;0.02008137876495564;-0.02830379125489401;-0.0029473738536687443;-0.007313079155586678;41.07753821457506;-0.02660405724930996;-0.015562767094024287;-0.21685372791856183;-0.015998375852169944;-0.08905847633236796;-0.01815569114413456;0.0
56;7;0.0;-7.387535761385832e-07;0.0;0.0;0.0;0.0;0.019878780418410853;-0.027948728360904958;-0.002917842069611155;-0.007239262132745054;40.66460033095721;-0.026329426650333883;-0.015407161011525282;-0.2140563541988178;-0.015794687974784095;-0.08795102394134334;-0.017972700500482584;0.0
56;8;0.0;-7.374628747110029e-07;0.0;0.0;0.0;0.0;0.01968915326497786;-0.027598137669060756;-0.002889958642705799;-0.007170214394753803;40.276326873695446;-0.026079769093374776;-0.015259162207026354;-0.21152039484781027;-0.015604042832408313;-0.08685726872808713;-0.017798356745252;0.0
56;9;0.0;-7.835648493393061e-07;0.0;0.0;0.0;0.0;0.019538509308786416;-0.027251789401044703;-0.0028677733185157018;-0.007115367444754937;39.96762403290345;-0.025882476666799076;-0.015140777174239761;-0.20909181536386492;-0.015419286215091565;-0.08577710001298376;-0.017657423022401947;0.0
56;10;0.0;-7.104787924620437e-07;0.0;0.0;0.0;0.0;0.01931535989051068;-0.02690988256891804;-0.002835161083275756;-0.007034077727693341;39.512182550247765;-0.02558258633803848;-0.014968967937695048;-0.2064024065409887;-0.01522333260667775;-0.08471039094064269;-0.01745648528428279;0.0
56;11;0.0;-6.547525754026662e-07;0.0;0.0;0.0;0.0;0.019125601243464876;-0.02657239360175615;-0.002807386011808852;-0.006964959346661878;39.15580131000514;-0.025348110743624974;-0.014833975049328664;-0.20398612738992028;-0.015045453494984005;-0.08372039393728323;-0.017297052704486175;0.0
56;12;0.0;-6.700297717262438e-07;0.0;0.0;0.0;0.0;0.019000078591510317;-0.02624841414033796;-0.0027889233050467895;-0.006919254543214682;38.89859510506774;-0.025183038587247936;-0.014735153865571364;-0.2017906682617719;-0.01487858074129896;-0.08274257778473443;-0.017178476606246405;0.0
57;1;0.0;-4.0896310674690123e-07;0.0;0.0;0.0;0.0;0.018845207963793485;-0.03481119944962508;-0.0027660668704583644;-0.0068628774051609645;38.58072176260135;-0.024981738211750967;-0.014613150280909357;-0.1996469980402205;-0.01471487232662946;-0.08177667036698975;-0.01703395848739831;0.0
57;2;0.0;-4.2270320501550544e-07;0.0;0.0;0.0;0.0;0.018702854337919635;-0.034398950449115076;-0.0027451064035694758;-0.006811048123506488;38.28879956768765;-0.024795030726837343;-0.014501272141731282;-0.19749336438151302;-0.014551450748720133;-0.08082193234498546;-0.016900906963172976;0.0
57;3;0.0;-3.9723020550035387e-07;0.0;0.0;0.0;0.0;0.01853718946744864;-0.03399128350336691;-0.0027209462040664457;-0.006750690014733811;37.950782586957814;-0.024570663545090854;-0.014373619244921951;-0.19514287799091248;-0.014379641054853901;-0.07987834220755956;-0.01675019595690397;0.0
57;4;0.0;-4.099671418077911e-07;0.0;0.0;0.0;0.0;0.0183608223302665;-0.03358846786974061;-0.002695048240094725;-0.006686464204879011;37.5896354785899;-0.02433720764052516;-0.014236282779162132;-0.1929384079274104;-0.014215333813795118;-0.07894587855364431;-0.01658868953558076;0.0
57;5;0.0;-4.3383389475865724e-07;0.0;0.0;0.0;0.0;0.01821730847859236;-0.033190461878420216;-0.00267400364418896;-0.006634197041927432;37.29708826034826;-0.024147034626393598;-0.014124817311398356;-0.19078520660362314;-0.014054284454557668;-0.07802651410193569;-0.016456372818925476;0.0
57;6;0.0;-4.915913501680179e-07;0.0;0.0;0.0;0.0;0.01803085525943747;-0.03279790576997441;-0.0026467558919790212;-0.006566274886991651;36.91620759757193;-0.023896133030672;-0.013980996584834014;-0.18850492924042433;-0.013888053395298387;-0.07711746192911668;-0.016287694397123798;0.0
57;7;0.0;-4.4266326562193416e-07;0.0;0.0;0.0;0.0;0.01783061680716043;-0.032409497644270306;-0.002617469955190244;-0.006493335191029131;36.507024098494455;-0.023627484802371992;-0.013826519099206843;-0.18623956773346986;-0.013723216702791526;-0.07621895589565093;-0.016107105451995507;0.0
57;8;0.0;-4.3392128876786287e-07;0.0;0.0;0.0;0.0;0.017648822078220775;-0.032025523340190196;-0.002590898860639806;-0.006427110789954752;36.135664872723645;-0.0233830733630225;-0.013686254890182225;-0.18401787812370804;-0.013561099659468506;-0.07533103806558551;-0.015942602873078995;0.0
57;9;0.0;-4.408955946372562e-07;0.0;0.0;0.0;0.0;0.01750395036851592;-0.03164624683981741;-0.002569652950691742;-0.006374349492863402;35.83920958735941;-0.02319049286415789;-0.013573409390067596;-0.18195235077859712;-0.013406910464887279;-0.07445362644904371;-0.01580904641986341;0.0
57;10;0.0;-4.420646009718899e-07;0.0;0.0;0.0;0.0;0.01738496247672794;-0.03127174756460998;-0.0025520710247107625;-0.0063310384318727595;35.594756197873274;-0.023036351171100585;-0.013479160489842651;-0.18006001927855836;-0.01326143098676922;-0.0735865615640448;-0.01569650576818389;0.0
57;11;0.0;-4.409266467666354e-07;0.0;0.0;0.0;0.0;0.01726451525521075;-0.03090181304131471;-0.0025344064856164207;-0.006287172468093985;35.2948489849574;-0.022843301486247736;-0.013364760049842408;-0.17784277658198855;-0.013094109131266567;-0.07262501450829238;-0.015561372187138212;0.0
57;12;0.0;-4.083014524373322e-07;0.0;0.0;0.0;0.0;0.017057673145181636;-0.0305021763054567;-0.0025041689323936434;-0.006211824764108927;34.87400112164106;-0.022568697177327027;-0.01320611717886979;-0.17548546838117363;-0.012921139402849875;-0.07168492672805618;-0.01537757052184381;0.0
58;1;0.0;-6.439624900506987e-07;0.0;0.0;0.0;0.0;0.01690575170406434;-0.02419889178261548;-0.002481808023411779;-0.006156510465857929;34.60600315852788;-0.022395826972165647;-0.01310408366716301;-0.1735204788964078;-0.012773172915928032;-0.07084025610502843;-0.01525742787625119;0.0
58;2;0.0;-7.109095008258815e-07;0.0;0.0;0.0;0.0;0.01678498301066823;-0.02392669741949592;-0.0024639297443289233;-0.006112557122680982;34.357713081277254;-0.022240429109447124;-0.013008580408164983;-0.17170339444206642;-0.01263274043307017;-0.07000567962536734;-0.01514470200572697;0.0
58;3;0.0;-7.209315507505496e-07;0.0;0.0;0.0;0.0;0.016645290004134724;-0.023657729934676464;-0.0024434016636918176;-0.006061689298117633;34.07160794761934;-0.022056001159258695;-0.01289978927163916;-0.16977110548530722;-0.012487633288554015;-0.0691809090870565;-0.015017077236716773;0.0
58;4;0.0;-7.544096369568251e-07;0.0;0.0;0.0;0.0;0.0165233334868046;-0.023391655802431452;-0.0024253561225964187;-0.00601730212098758;33.82093091477757;-0.021898792045621254;-0.012803477771944944;-0.1679875451788157;-0.012350082388146583;-0.06836590041385314;-0.01490354979448603;0.0
58;5;0.0;-7.341469130976773e-07;0.0;0.0;0.0;0.0;0.01634864313748548;-0.023128671896196176;-0.0023998631907118794;-0.005953658619003166;33.47320165505018;-0.021668104599311063;-0.01267284932935508;-0.1659370361779404;-0.012202002010847387;-0.0675772694146107;-0.01475146311278086;0.0
58;6;0.0;-1.6464218368366553e-06;0.0;0.0;0.0;0.0;0.016187694338842783;-0.022871817856173274;-0.0023763014955523877;-0.0058950346725062264;33.14390233606417;-0.021452187339066134;-0.012548532696275315;-0.16398698907334175;-0.012059195996903669;-0.06679573027311853;-0.014606297440148063;0.0
58;7;0.0;-1.6453424808419189e-06;0.0;0.0;0.0;0.0;0.016040240091735956;-0.02261241703643207;-0.0023545522946406697;-0.005841355036577992;32.84123828100044;-0.02125994007227976;-0.012433019063490954;-0.16222862982138153;-0.01192588741697562;-0.06602323292722473;-0.014471092218668016;0.0
58;8;0.0;-1.5905950325681006e-06;0.0;0.0;0.0;0.0;0.015915916742471115;-0.022355976935083517;-0.0023362348131151663;-0.005796092476104617;32.58619934024055;-0.0210972432832228;-0.012335556859725578;-0.1604936940140837;-0.011794266597333685;-0.06525969013995139;-0.014356253354985402;0.0
58;9;0.0;-1.6731044299573725e-06;0.0;0.0;0.0;0.0;0.015830325075539303;-0.02210242289120304;-0.0023234856676160333;-0.005764955661293113;32.409605901119704;-0.020989463371863207;-0.012266678598183109;-0.15893352871916364;-0.011671344625984837;-0.06450499635453931;-0.014273629123937346;0.0
58;10;0.0;-1.6356224271373936e-06;0.0;0.0;0.0;0.0;0.015672034283047642;-0.021851821456074533;-0.0023002536176111206;-0.005707310467260108;32.08552779393782;-0.020779517019908857;-0.01214390841253317;-0.15712402505453568;-0.011537448274747304;-0.06375881535995129;-0.014130406515468083;0.0
58;11;0.0;-1.5062792708574718e-06;0.0;0.0;0.0;0.0;0.0155230661515564;-0.021603724426972316;-0.0022783620520096404;-0.005653065285620108;31.738874489603017;-0.020557248132980932;-0.012012299935379347;-0.15519613260352444;-0.011393076484074772;-0.06294304545924359;-0.013977289780323312;0.0
58;12;0.0;-1.6366686380105209e-06;0.0;0.0;0.0;0.0;0.015388765351099742;-0.021344163725459553;-0.002258490525604381;-0.005604185194968453;31.463122990518062;-0.020384299080937557;-0.011906582113188883;-0.15342411913108261;-0.011256643736503195;-0.06213765455198304;-0.013853345950205672;0.0
59;1;0.0;-4.562008152961835e-07;0.0;0.0;0.0;0.0;0.015250692580388137;-0.01837469848283249;-0.0022380805813667463;-0.005553928748107339;31.12422929988079;-0.020172231762553453;-0.011777053343052006;-0.15143643418713745;-0.011103479348791174;-0.06124057327972214;-0.01370294153503726;0.0
59;2;0.0;-4.362376424624891e-07;0.0;0.0;0.0;0.0;0.015086498083210042;-0.018125725818222957;-0.0022139330943672353;-0.005494142313837175;30.788773586450244;-0.019956658530352098;-0.01164987494331524;-0.1493429967637458;-0.010946309171704114;-0.060356680422082476;-0.013555247948648918;0.0
59;3;0.0;-4.4304454857082494e-07;0.0;0.0;0.0;0.0;0.014914464626731544;-0.017880232531562158;-0.0021884740330838197;-0.005431529856735396;30.436142419500086;-0.019735617886210807;-0.011515261051427904;-0.14739920441722537;-0.010796963020645919;-0.05948554278823312;-0.013399227497006321;0.0
59;4;0.0;-4.3794293344754766e-07;0.0;0.0;0.0;0.0;0.014747492360308576;-0.017638085461704534;-0.0021638701090064293;-0.005370740524941611;30.094663439139197;-0.01951785981495237;-0.011385552589524417;-0.1453972332624486;-0.010645790877125394;-0.058627192225587245;-0.013248788521262966;0.0
59;5;0.0;-4.2475890725147546e-07;0.0;0.0;0.0;0.0;0.014551901739058425;-0.01739957219997671;-0.002135127635924512;-0.005299518166318043;29.702233852646884;-0.019264666781385123;-0.011237261648580792;-0.14335533953604107;-0.010494550697772994;-0.05779422856459994;-0.013077484159642588;0.0
59;6;0.0;-5.713587401377708e-07;0.0;0.0;0.0;0.0;0.014366713022602987;-0.01716714146942781;-0.002107918382710052;-0.005232082730133988;29.323922085639584;-0.019020520473706594;-0.011094262383661029;-0.14134732009854667;-0.010345700660862083;-0.05697273184964009;-0.012912128404197035;0.0
59;7;0.0;-5.871822274595644e-07;0.0;0.0;0.0;0.0;0.014232982065482984;-0.016937361032842102;-0.0020880867954338627;-0.0051834179504289014;29.049449380418054;-0.018849925669567218;-0.010988936358182159;-0.13959169990820214;-0.010209362080795582;-0.056163038744272704;-0.01278920870184257;0.0
59;8;0.0;-5.557304938710979e-07;0.0;0.0;0.0;0.0;0.014076653730878455;-0.016710753234874268;-0.002065008479615732;-0.005126511370018054;28.72933517826294;-0.018647264398921098;-0.010867019700813432;-0.1377674692070603;-0.010070637714038929;-0.055364739245670445;-0.01264764983417295;0.0
59;9;0.0;-5.583584504127365e-07;0.0;0.0;0.0;0.0;0.0139354496644766;-0.01648704895175685;-0.002044126655524386;-0.0050751167842152875;28.43996421127019;-0.018465415906646056;-0.010756456182257861;-0.13601212783588096;-0.009935892039449364;-0.054578221239026295;-0.012518952035300278;0.0
59;10;0.0;-6.68210623399096e-07;0.0;0.0;0.0;0.0;0.013828764522473568;-0.016266693688081726;-0.002028125933900494;-0.0050363260612406955;28.219698470164115;-0.01833482602567731;-0.01067054553679748;-0.1344871304652276;-0.009812600481062745;-0.053802912143922334;-0.012418029837034958;0.0
59;11;0.0;-6.734065272827285e-07;0.0;0.0;0.0;0.0;0.013678406035242863;-0.01604939341549748;-0.0020059215227261457;-0.004981593942856034;27.98515667144977;-0.018185384022282727;-0.010581058413511056;-0.13304211384991976;-0.00970319898059144;-0.05317081872693862;-0.012313111970296598;0.0
59;12;0.0;-6.770185861641129e-07;0.0;0.0;0.0;0.0;0.013562299869748695;-0.015865169338336677;-0.0019888589036638742;-0.004939315149997184;27.74692919704863;-0.018030981568003198;-0.010490569994825555;-0.13154885623513363;-0.009592063006130379;-0.05254334393758846;-0.01220678603833538;0.0
60;1;0.0;-5.298585423555313e-07;0.0;0.0;0.0;0.0;0.013446934254690643;-0.014682604873362863;-0.001971967411121486;-0.004897294914893117;27.4866428132623;-0.017861766432181434;-0.010391956438487027;-0.12994443225126265;-0.009473148861512376;-0.05187961132918587;-0.012091386385047479;0.0
60;2;0.0;-5.034821331917903e-07;0.0;0.0;0.0;0.0;0.013279786983666097;-0.014502106762575098;-0.0019475626026196594;-0.00483640177654025;27.14575566065619;-0.017636461266775733;-0.010263946370781048;-0.12820537749343505;-0.009348559202191752;-0.051224226310241344;-0.011942959437182226;0.0
60;3;0.0;-5.671665471942362e-07;0.0;0.0;0.0;0.0;0.013181676754292361;-0.014323780375205862;-0.0019330519788070043;-0.00480069252108629;26.944314266076592;-0.017509897340767726;-0.0101865250281902;-0.1267880898700568;-0.009239450393650948;-0.05057710902059887;-0.011851491116698266;0.0
60;4;0.0;-5.656049342943596e-07;0.0;0.0;0.0;0.0;0.013065205052932946;-0.014147624031133564;-0.0019158657438470513;-0.004758293082841493;26.705468703134173;-0.01735843321788636;-0.010095267790966988;-0.12534429361511354;-0.009129665385950187;-0.049938241495511015;-0.01174451327428536;0.0
60;5;0.0;-5.791518703127195e-07;0.0;0.0;0.0;0.0;0.012950834406173232;-0.013973733785474732;-0.0018989468952171648;-0.004716666097127502;26.471670552443015;-0.0172116533512106;-0.0100056574125331;-0.12395919811925064;-0.009023280398996978;-0.0493093804140989;-0.011639444195580315;0.0
60;6;0.0;-5.456903878835338e-07;0.0;0.0;0.0;0.0;0.012783568144273892;-0.013802477368067192;-0.0018744692175725033;-0.004655739502462162;26.13012809489773;-0.01698788903542284;-0.009877113074823798;-0.12233940892577756;-0.008906548138758234;-0.04868847428843617;-0.011490624331775974;0.0
60;7;0.0;-5.469778426597864e-07;0.0;0.0;0.0;0.0;0.012664594878607594;-0.013633327757659672;-0.001856961086099153;-0.004612420995423276;25.88648540556785;-0.01683171686648658;-0.009784406025755617;-0.12090857803842964;-0.008799106955635553;-0.04807542752504947;-0.011382171329872081;0.0
60;8;0.0;-5.445174528210909e-07;0.0;0.0;0.0;0.0;0.012545833175153306;-0.013466290087284248;-0.0018394720382023672;-0.004569181666908954;25.64318683263669;-0.016676187892061458;-0.009691766556903389;-0.11950438234834777;-0.008693423022537384;-0.04747012198545088;-0.011273841566786773;0.0
60;9;0.0;-5.28613259627819e-07;0.0;0.0;0.0;0.0;0.012419732981538137;-0.013301319370413331;-0.0018210346620159245;-0.004523246912110599;25.38581670037527;-0.016506997618807282;-0.009594711472580536;-0.11799763964241017;-0.008583499405794726;-0.04687244059605478;-0.011160588677846217;0.0
60;10;0.0;-4.555324848786634e-07;0.0;0.0;0.0;0.0;0.01225670226673611;-0.013138362398826322;-0.001797300377005327;-0.004463841084389883;25.053821035814806;-0.016285117031263775;-0.009470578866869528;-0.11634767784499975;-0.008467443578677219;-0.04628230065272017;-0.011016919046982031;0.0
60;11;0.0;-4.626530822170979e-07;0.0;0.0;0.0;0.0;0.012147147081833896;-0.012977383184256142;-0.0017810458051742478;-0.004423975331442408;24.822505162332597;-0.016141653935612673;-0.009381676223009065;-0.11507941380910254;-0.008368845649735742;-0.04568911912000621;-0.010912924004212078;0.0
60;12;0.0;-4.520785019087946e-07;0.0;0.0;0.0;0.0;0.012041777849072203;-0.012816183154227986;-0.0017655736842421203;-0.004385604023886935;24.607176495613626;-0.01600274990192153;-0.009299848134463409;-0.11370122095024435;-0.00826566541650361;-0.045104365555234414;-0.010817025641361727;0.0
61;1;0.0;-6.765834508810727e-07;0.0;0.0;0.0;0.0;0.011937381925579646;-0.01859873814589233;-0.001750162194999251;-0.004347601826047185;24.412086616598838;-0.015878850508560593;-0.009225237647735359;-0.11247270291290382;-0.008172279529685458;-0.04455969106143358;-0.010729247516888491;0.0
61;2;0.0;-6.282540410162843e-07;0.0;0.0;0.0;0.0;0.011815784809698814;-0.018380284713349477;-0.0017323236070226052;-0.004303318043498611;24.16333912841411;-0.01571744338571214;-0.009131092744650933;-0.11115262004799126;-0.008075090745744884;-0.04402162146477635;-0.010619537431781357;0.0
61;3;0.0;-6.41976150184137e-07;0.0;0.0;0.0;0.0;0.011707147596259033;-0.018164362100466177;-0.0017163677397865975;-0.004263757359230111;23.94096781576508;-0.015573804624389677;-0.00904669358494803;-0.10988217255999709;-0.007980641274190308;-0.043490075609169565;-0.010520834919291186;0.0
61;4;0.0;-6.464592040992712e-07;0.0;0.0;0.0;0.0;0.011601533267599372;-0.017951103804046548;-0.0017007898982713526;-0.004225309228281113;23.724308447558265;-0.015436192719042615;-0.008964021445071472;-0.10868493142585894;-0.007890018791892139;-0.042965031755462485;-0.010424125053363098;0.0
61;5;0.0;-6.158499601387847e-07;0.0;0.0;0.0;0.0;0.011465512594676873;-0.017740468722460528;-0.0016808732198376154;-0.004175765857343728;23.42772108850591;-0.015242997804156552;-0.008852187542580409;-0.1072796215073974;-0.007787903417609538;-0.04241436750065331;-0.010294640808407083;0.0
61;6;0.0;-1.1116456884800451e-06;0.0;0.0;0.0;0.0;0.011380829814946467;-0.017523690240588294;-0.0016682982270889214;-0.004144952768833926;23.253419487745813;-0.015135042346921413;-0.008784933176691932;-0.10612394017636553;-0.00769784254107039;-0.041869997367645906;-0.0102152586298699;0.0
61;7;0.0;-1.0570195110195228e-06;0.0;0.0;0.0;0.0;0.011265181964482392;-0.017307716447973673;-0.0016514041060741952;-0.004102822835450637;23.017558061194176;-0.01497947278966169;-0.008696103024250964;-0.10475300362071531;-0.007598272826510274;-0.04133273505819519;-0.01011165786170047;0.0
61;8;0.0;-1.0280103596105089e-06;0.0;0.0;0.0;0.0;0.011132553449978922;-0.01709472016471398;-0.00163188057228452;-0.004054533463691462;22.745971778136152;-0.014805582571329454;-0.008593056119603055;-0.1034848355837101;-0.007503935241632462;-0.040802287188000455;-0.009992093425929369;0.0
61;9;0.0;-9.76602382502042e-07;0.0;0.0;0.0;0.0;0.011021554792271869;-0.016884180793248632;-0.0016156595576689997;-0.004014098288104205;22.519541051464245;-0.014656431382777222;-0.008507715774010697;-0.10215737160739163;-0.0074073086504261995;-0.040278632973496716;-0.009892486460864843;0.0
61;10;0.0;-9.761077233879324e-07;0.0;0.0;0.0;0.0;0.010911638232751805;-0.016676299765950732;-0.001599497961482668;-0.0039740749028298284;22.294603620132982;-0.01451176438911525;-0.008422307416289788;-0.10092899829648089;-0.007315731611277142;-0.03976174057674514;-0.009792846599092924;0.0
61;11;0.0;-9.579592688159663e-07;0.0;0.0;0.0;0.0;0.010819682292524986;-0.01647108424999423;-0.0015859188552022048;-0.003940601833299327;22.103764311620942;-0.014391143289748793;-0.008349297384499396;-0.09977835055805084;-0.007227940404470683;-0.03924776148869683;-0.00970719676061457;0.0
61;12;0.0;-9.588235070258024e-07;0.0;0.0;0.0;0.0;0.010718194660528356;-0.016267455917288245;-0.0015709784024129363;-0.003903650878020191;21.896097925249737;-0.01425849979354511;-0.008270253452819103;-0.09860254956307504;-0.007139432669838202;-0.038741399104016874;-0.009614908881890635;0.0
62;1;0.0;-6.662688756582301e-07;0.0;0.0;0.0;0.0;0.010590689086467991;-0.012190507040908028;-0.0015523405508638783;-0.0038572032898280587;21.633562544323578;-0.014085960984060132;-0.008171528458118433;-0.09728686432184153;-0.007044586157215032;-0.03823786799668378;-0.009500567116388142;0.0
62;2;0.0;-7.067905374882549e-07;0.0;0.0;0.0;0.0;0.010515648136761339;-0.012043079876703635;-0.0015411184832606068;-0.003829912579329932;21.478655402757738;-0.01399296746658676;-0.008111238962175398;-0.09629932128510148;-0.0069654018725423695;-0.03774082195807443;-0.009429490993684368;0.0
62;3;0.0;-7.018042361091245e-07;0.0;0.0;0.0;0.0;0.010421444865397183;-0.011897293097742824;-0.0015272593092089705;-0.0037956122208492827;21.28584738263521;-0.01386922390106001;-0.00803792312560697;-0.09514975702711367;-0.0068791445694253595;-0.03725013979312816;-0.009343781505976308;0.0
62;4;0.0;-7.071923373915415e-07;0.0;0.0;0.0;0.0;0.010319405896979413;-0.011752974960040689;-0.0015122365449739717;-0.003758460732158947;21.076931139626364;-0.013735538462633343;-0.007958509615090434;-0.09401352994614273;-0.006793940001805616;-0.036765845630900885;-0.009251245573338495;0.0
62;5;0.0;-7.435604671359871e-07;0.0;0.0;0.0;0.0;0.010253740635421667;-0.011610455998255591;-0.001502415186322663;-0.0037345799964199067;20.941889360726194;-0.013654539731973055;-0.007905832222924243;-0.09306274266931168;-0.006717823118682811;-0.03628873541809295;-0.009188824936479524;0.0
62;6;0.0;-1.6019775549447125e-06;0.0;0.0;0.0;0.0;0.010139694342146332;-0.011469851016674752;-0.0014857523470156962;-0.003693033979652813;20.7091339574323;-0.013500733452870976;-0.007818339188285341;-0.09182590621138412;-0.00662886317738665;-0.035816597299667026;-0.009087127612978568;0.0
62;7;0.0;-1.6323307454085603e-06;0.0;0.0;0.0;0.0;0.010040597403405582;-0.011328438961727206;-0.001471159458138166;-0.003656954240459893;20.506219179676552;-0.013371017223096767;-0.0077411445594129935;-0.09073766933985387;-0.006547209737357532;-0.03535069024354718;-0.008997061286895598;0.0
62;8;0.0;-1.6458562910685946e-06;0.0;0.0;0.0;0.0;0.009961089865551739;-0.011188874113607108;-0.0014594547231047905;-0.003628006100379825;20.343436987940244;-0.013266825986222643;-0.007679043491132335;-0.08968098295430828;-0.006467429632709987;-0.03489085493636126;-0.008924011003944101;0.0
62;9;0.0;-1.5687049690961127e-06;0.0;0.0;0.0;0.0;0.009867234438646434;-0.011051120481894728;-0.0014456406210398218;-0.003593833483504278;20.151297681373347;-0.013143737864680071;-0.007605960780699456;-0.08861796351509733;-0.006387760768082647;-0.034436961763862114;-0.00883863594711924;0.0
62;10;0.0;-1.5973056027083899e-06;0.0;0.0;0.0;0.0;0.00977251149760739;-0.01091494335051533;-0.0014317209795048271;-0.0035593410582390084;19.957546271085725;-0.013018842582973107;-0.007532426146504505;-0.08754811183013332;-0.00630817467796466;-0.03398898419822899;-0.008752787610669789;0.0
62;11;0.0;-1.5784034013632373e-06;0.0;0.0;0.0;0.0;0.009665281154169742;-0.010780453256818883;-0.001415990402523855;-0.0035202893651047258;19.737221660978314;-0.01287589781434159;-0.007449126054422631;-0.08644665768346028;-0.0062273817604152045;-0.033544944224076896;-0.008655988475790624;0.0
62;12;0.0;-1.543096803828927e-06;0.0;0.0;0.0;0.0;0.009540998474031566;-0.010647270726118725;-0.001397828238578183;-0.0034750149912122154;19.483056868732763;-0.012707042118331213;-0.0073537374080556005;-0.08523730548113453;-0.006141978257320872;-0.0331019328002201;-0.00854507146179217;0.0
63;1;0.0;-6.138562051556801e-07;0.0;0.0;0.0;0.0;0.009444022509130748;-0.012784680423579171;-0.0013836075520007474;-0.003439696794482568;19.27537303075333;-0.012572795369037324;-0.007274966026906414;-0.08414700334651888;-0.006061370695416213;-0.032650552353542084;-0.00845305740682007;0.0
63;2;0.0;-6.195482149055354e-07;0.0;0.0;0.0;0.0;0.00933349094420867;-0.01261606394977043;-0.001367405392960458;-0.0033994405810377918;19.04971294475734;-0.012425905166244946;-0.007189672824041684;-0.08303245281121933;-0.00598005109973291;-0.032205312744072505;-0.00835374669744595;0.0
63;3;0.0;-6.16766330173258e-07;0.0;0.0;0.0;0.0;0.009241038777507992;-0.012449569516297714;-0.0013538540990564773;-0.0033657688580372483;18.86097076791479;-0.012303024905151158;-0.0071181714937930685;-0.08196044972193203;-0.005901111195273038;-0.031766168299619195;-0.00826999615006894;0.0
63;4;0.0;-6.446387237455872e-07;0.0;0.0;0.0;0.0;0.00916759651425736;-0.012285339840147345;-0.0013429418709518576;-0.003339046939303329;18.7099675251808;-0.012209916531567824;-0.007059817774385331;-0.08105593658876976;-0.005830339088430692;-0.03133307267384571;-0.008201084698240385;0.0
63;5;0.0;-6.63118816780058e-07;0.0;0.0;0.0;0.0;0.009085387060412464;-0.012123372587576273;-0.0013308818713968788;-0.003309107474235229;18.556299206177883;-0.01210972676505096;-0.007001455613052532;-0.08008443878889604;-0.005758453376952812;-0.03092828382314952;-0.008132201379478166;0.0
63;6;0.0;-6.779352448796183e-07;0.0;0.0;0.0;0.0;0.00900992339305867;-0.01196915857050261;-0.0013197478306593785;-0.0032816360691780393;18.401586706344535;-0.012011571138562549;-0.006942223142751754;-0.07918758822126434;-0.00569037671840661;-0.0305287283965553;-0.008062379653672803;0.0
63;7;0.0;-6.499755380136286e-07;0.0;0.0;0.0;0.0;0.008910310702098237;-0.011816943419467745;-0.001305239456737608;-0.003245339946672973;18.198743863603546;-0.011876252856848355;-0.006866110395668861;-0.07812313937956024;-0.005614871466052761;-0.03013436779545269;-0.007973611128664904;0.0
63;8;0.0;-6.31399812460159e-07;0.0;0.0;0.0;0.0;0.008804299650848757;-0.011666734040697381;-0.0012897046848255886;-0.0032067292824089913;17.982183507945308;-0.011735129090548318;-0.0067843252140580125;-0.07713241493266751;-0.005543123558818044;-0.029745134113546366;-0.007878503963784424;0.0
63;9;0.0;-6.23005440606872e-07;0.0;0.0;0.0;0.0;0.008719527242623915;-0.011518467788835595;-0.0012772772427401854;-0.0031758549051191013;17.808971792098895;-0.011622426075179295;-0.006718689272716427;-0.07619259594441956;-0.005474070467487565;-0.02936095472233011;-0.007801606279855418;0.0
63;10;0.0;-6.369790775573497e-07;0.0;0.0;0.0;0.0;0.008631004710901204;-0.011372086261718066;-0.0012642617732879463;-0.0031436215429786023;17.62781973768272;-0.011505908709488533;-0.006649857146819569;-0.0752888464667435;-0.005407019897047623;-0.028981745831434903;-0.007721151831633877;0.0
63;11;0.0;-6.315667659191386e-07;0.0;0.0;0.0;0.0;0.008545045325073913;-0.01122756473338997;-0.0012516620776540964;-0.00311231455191845;17.41443243632527;-0.011368293568656245;-0.00656903172657767;-0.07423554326916658;-0.005329195878384575;-0.028548955670841602;-0.007627242154132674;0.0
63;12;0.0;-6.289877536046958e-07;0.0;0.0;0.0;0.0;0.008429304872874816;-0.011070246914046516;-0.001234731699617146;-0.0030701549361231463;17.178896908968728;-0.011214071567106356;-0.0064803915716236315;-0.07312568043382893;-0.005249187528549547;-0.028123630145674962;-0.007524692019466274;0.0
64;1;0.0;-6.273742471952823e-07;0.0;0.0;0.0;0.0;0.008339740441795427;-0.013548734590539957;-0.0012215396566319756;-0.0030375463596956994;17.013358133449174;-0.011107929618553739;-0.006417418205122029;-0.07220693523493611;-0.005180393664730115;-0.02773161041819038;-0.007451048724490661;0.0
64;2;0.0;-6.435911952335578e-07;0.0;0.0;0.0;0.0;0.008257076927158387;-0.013374055104597389;-0.0012093861419644847;-0.003007446328718476;16.844390894535312;-0.010999223917352571;-0.006353237791868895;-0.07128904581746995;-0.005112008580668511;-0.027345079265067556;-0.007376082777370247;0.0
64;3;0.0;-6.025501759550405e-07;0.0;0.0;0.0;0.0;0.008146179079486358;-0.013201695439495646;-0.0011932324941594937;-0.002967038493680755;16.6188058536971;-0.010848767871752055;-0.006268835669898164;-0.0702195532099748;-0.005036957421438695;-0.026963922368962452;-0.00727839788910538;0.0
64;4;0.0;-5.730971339580763e-07;0.0;0.0;0.0;0.0;0.008038504523182173;-0.013031448289196737;-0.0011774891496822246;-0.0029278156839704374;16.399348112114293;-0.010704495521336036;-0.006186330160563295;-0.06921859904907016;-0.004965443253513172;-0.026588075674359626;-0.007182878067940214;0.0
64;5;0.0;-5.423802640699241e-07;0.0;0.0;0.0;0.0;0.007949714301810244;-0.01286336267856044;-0.0011644790882632894;-0.0028954768686464956;16.21692857787785;-0.010585610439910265;-0.006117421253970596;-0.06828529615101851;-0.0048972841108098665;-0.02621557784362453;-0.007102687682297518;0.0
64;6;0.0;-5.376482827152954e-07;0.0;0.0;0.0;0.0;0.007840547900879548;-0.012697021754707548;-0.0011485089291366302;-0.002855712170833418;15.994384179100658;-0.010439614830195173;-0.006033733490677341;-0.06730650747408086;-0.004827368332382965;-0.0258483066556355;-0.007005902887492386;0.0
64;7;0.0;-5.183979328252808e-07;0.0;0.0;0.0;0.0;0.007747868230875078;-0.01253278763101745;-0.0011349305899703223;-0.002821956466224063;15.805305517190295;-0.010316285712693373;-0.0059623812410470834;-0.06638709164878308;-0.004760553321347529;-0.025486198227405183;-0.006923028070243092;0.0
64;8;0.0;-5.511489982918648e-07;0.0;0.0;0.0;0.0;0.007684271726231153;-0.012370683548418235;-0.0011255118291058875;-0.002798811472236331;15.674825132471252;-0.010234757171636414;-0.005912235861225329;-0.06561356690350145;-0.0047008460621409814;-0.025129182727491036;-0.006864043468599039;0.0
64;9;0.0;-5.199503645448326e-07;0.0;0.0;0.0;0.0;0.007581801856991283;-0.012210741890574988;-0.0011105542678456347;-0.0027614801635506016;15.466172134086538;-0.010096712985859149;-0.005833960764811632;-0.06465244423141689;-0.004632777498404493;-0.024777174389424103;-0.006773443380565945;0.0
64;10;0.0;-5.22460780476199e-07;0.0;0.0;0.0;0.0;0.007491062564204589;-0.012052886815382163;-0.0010972020462929884;-0.0027284415500555504;15.28062899624805;-0.00997774107901448;-0.005763583331102363;-0.06381664985106617;-0.004570853551648944;-0.024430090026642398;-0.006691756736537096;0.0
64;11;0.0;-5.100904842781335e-07;0.0;0.0;0.0;0.0;0.007407387519862556;-0.011897060287115655;-0.0010849365588200465;-0.0026979666429734605;15.09174255918527;-0.009855410109073134;-0.005692183226497765;-0.06289940122490358;-0.004503540353910413;-0.024060611503550915;-0.006608947876663343;0.0
64;12;0.0;-5.033677707360779e-07;0.0;0.0;0.0;0.0;0.007305295472801753;-0.011736778456680402;-0.0010699365716135471;-0.0026607903753347512;14.883845522448354;-0.009722208879116276;-0.00561353036238619;-0.0620143106435286;-0.004438099335501745;-0.023699476754255985;-0.006518325456148994;0.0
65;1;0.0;-1.0004553104311676e-06;0.0;0.0;0.0;0.0;0.00723179678062203;-0.00954908131009176;-0.0010590770483292285;-0.0026340370347606307;14.725463980134027;-0.00962219620925777;-0.005553158501131339;-0.06117822691459553;-0.004374471054152496;-0.023331408922219563;-0.006448214095698997;0.0
65;2;0.0;-9.678562962896662e-07;0.0;0.0;0.0;0.0;0.007142204380531531;-0.009414720531508844;-0.001045902004269183;-0.0026014145106447954;14.54264637946747;-0.009504668986464567;-0.005483972747647863;-0.060296203421180035;-0.004309107959315987;-0.022969156743741583;-0.006368217402202487;0.0
65;3;0.0;-9.493184497688665e-07;0.0;0.0;0.0;0.0;0.007043237603622897;-0.009282394520482708;-0.0010313597037960687;-0.0025653765601306123;14.34078140766073;-0.009374498623211682;-0.005407735105662964;-0.059404930205209636;-0.004243705126184116;-0.022612628813812992;-0.006280317254456981;0.0
65;4;0.0;-9.998581077943557e-07;0.0;0.0;0.0;0.0;0.006982994626426017;-0.009152030579950565;-0.0010223350569062732;-0.00254347031343302;14.216659922184817;-0.0093005430624209;-0.0053594880281608494;-0.058722992455691146;-0.004188392355664425;-0.022261663877946123;-0.006223927852287667;0.0
65;5;0.0;-1.0114076994532624e-06;0.0;0.0;0.0;0.0;0.006893612273677228;-0.009023511058690304;-0.0010091702907324526;-0.002510927946300441;14.029229025380994;-0.009180900202790557;-0.0052884436703723664;-0.05787828522066338;-0.004125396786261203;-0.021908993438668544;-0.0061419135219364564;0.0
65;6;0.0;-1.0868062854550875e-06;0.0;0.0;0.0;0.0;0.006807393323211143;-0.008894817238394897;-0.0009964158497358174;-0.002479547223689523;13.852800926342077;-0.00907011386659079;-0.0052212003374082095;-0.05709509166251546;-0.004065641032304566;-0.021561883321701635;-0.006064189271996519;0.0
65;7;0.0;-1.067904715424669e-06;0.0;0.0;0.0;0.0;0.0067277430792780455;-0.008767903712728531;-0.0009846386892885272;-0.0024505562912787737;13.689863469670545;-0.008967622050280639;-0.005159085829649984;-0.056323325614374274;-0.0040067962471356045;-0.021220309401441033;-0.005992256314366058;0.0
65;8;0.0;-1.084300252193853e-06;0.0;0.0;0.0;0.0;0.006654082262099029;-0.00864283638997753;-0.0009737368067795293;-0.002423747218632062;13.53910640903158;-0.008873160172978243;-0.005101505511646246;-0.05557572227740075;-0.003949446773673147;-0.020884219112298846;-0.0059254496702705155;0.0
65;9;0.0;-1.099609849482815e-06;0.0;0.0;0.0;0.0;0.006579659135850835;-0.008519688833847568;-0.000962699373648728;-0.0023966647530107668;13.386624380883113;-0.008778413368095192;-0.005043136203142709;-0.054858214117476545;-0.003893861610363713;-0.020553495100869873;-0.005857777094402598;0.0
65;10;0.0;-1.0421793199248285e-06;0.0;0.0;0.0;0.0;0.006479842734147324;-0.008398377276464055;-0.0009480821061550611;-0.002360308526899641;13.183453393921017;-0.008645633340079421;-0.0049667808227961295;-0.05399054884537044;-0.0038316763032505805;-0.02022807164202215;-0.005769893979798116;0.0
65;11;0.0;-1.0530145031284512e-06;0.0;0.0;0.0;0.0;0.0063920426582564005;-0.008278889057718791;-0.0009351684842010507;-0.0023283390097216224;13.013212125899235;-0.008536020113502836;-0.0049024011949130065;-0.053230830181246205;-0.0037757625216432228;-0.019920571282552976;-0.005695500415930315;0.0
65;12;0.0;-1.0228132409908534e-06;0.0;0.0;0.0;0.0;0.006305201712448371;-0.008164686911405924;-0.000922407370329193;-0.0022967166890287406;12.83571899572801;-0.008420976396283347;-0.0048353841156245;-0.052458359931842564;-0.003719579588825835;-0.019615983843021642;-0.005617953635748402;0.0
66;1;0.0;-7.525176150706752e-07;0.0;0.0;0.0;0.0;0.006224608954898838;-0.009230333175158065;-0.0009106323754051525;-0.002267357472876272;12.669560949826058;-0.008311610767681278;-0.004772923927156309;-0.0516574804963747;-0.0036621674761508722;-0.019313118722344907;-0.005545589262255605;0.0
66;2;0.0;-7.324218538721142e-07;0.0;0.0;0.0;0.0;0.006159252046438368;-0.009100548380136709;-0.0009010125941118173;-0.002243561163994362;12.536113581853364;-0.008226129743373589;-0.004722204408613927;-0.05095516716009642;-0.003609645326048434;-0.019014970689922018;-0.005486459985368154;0.0
66;3;0.0;-7.255187724576648e-07;0.0;0.0;0.0;0.0;0.006076491132260191;-0.008972647222921546;-0.0008888317399187544;-0.0022134279881454236;12.367133801290565;-0.008117865385070146;-0.0046581736842385745;-0.05024178482352456;-0.0035569242249433148;-0.018721455900580795;-0.005412380915694536;0.0
66;4;0.0;-6.895920439486643e-07;0.0;0.0;0.0;0.0;0.005999896183734782;-0.008846602013154849;-0.0008776068029369209;-0.0021855312063199335;12.211092977212731;-0.008016186445030991;-0.004599312973785104;-0.049504992145932444;-0.0035034269485258993;-0.018432502700372378;-0.005344143168991794;0.0
66;5;0.0;-6.946609076967661e-07;0.0;0.0;0.0;0.0;0.005950386665037315;-0.00872236032391;-0.000870233825405761;-0.0021675201839640567;12.108580319013345;-0.006913173997599451;-0.003919427103906023;-0.04362116238925623;-0.003042522250849133;-0.01577423778551227;-0.004577275723359985;0.0
66;6;0.0;-5.988001972266142e-07;0.0;0.0;0.0;0.0;0.005875090941519927;-0.00859957543428137;-0.0008591933101767897;-0.0021400976610008613;11.95516952825503;-0.006826678606773738;-0.0038696611851089732;-0.042992709485864034;-0.0029972479615911858;-0.015530730213343528;-0.004519329693004188;0.0
66;7;0.0;-6.177074769059672e-07;0.0;0.0;0.0;0.0;0.005807510105503766;-0.008478851009967207;-0.0008492300969005005;-0.0021154944942251737;11.817074619651168;-0.006750771258792281;-0.0038245147183579757;-0.04242910585420679;-0.002955235983117523;-0.015291017976667261;-0.004466605007059787;0.0
66;8;0.0;-6.106202314913087e-07;0.0;0.0;0.0;0.0;0.005731286722582025;-0.008359864499735931;-0.0008380222321241182;-0.00208773970468977;11.661530221926627;-0.006664186552130657;-0.0037739136549878537;-0.04184026705354675;-0.0029123049777981776;-0.015055014756093634;-0.004407764935174167;0.0
66;9;0.0;-5.937093087967903e-07;0.0;0.0;0.0;0.0;0.005651177471824236;-0.00824255740044329;-0.0008262637284322989;-0.002058566279155268;11.49820747764914;-0.006572513860080988;-0.003720935230459384;-0.04123691745515305;-0.002868948278883362;-0.014822692256364612;-0.004346274532339574;0.0
66;10;0.0;-6.122343125470085e-07;0.0;0.0;0.0;0.0;0.005592976992568717;-0.00812700766214094;-0.0008176232736351134;-0.002037388805503844;11.378845747026535;-0.006509108338193768;-0.0036815185203113525;-0.0407558510316857;-0.002831505238160517;-0.014593978855255952;-0.0043000633394259325;0.0
66;11;0.0;-5.933421676075685e-07;0.0;0.0;0.0;0.0;0.0055132537179891465;-0.00801314362987501;-0.0008059506314781355;-0.0020083507343357358;11.112453723985395;-0.006361885558862435;-0.003595168457677937;-0.039868715487167056;-0.0027666990023352215;-0.014245631748677915;-0.004201075167276392;0.0
66;12;0.0;-5.589334836665887e-07;0.0;0.0;0.0;0.0;0.005395516589471923;-0.00785833948427104;-0.0007886023010668044;-0.0019654862497180316;10.874292348407932;-0.0062308082642496525;-0.0035178557731534365;-0.0390280151714048;-0.0027046409523388145;-0.013906488909968453;-0.004112352180343455;0.0
67;1;0.0;-5.240582319591183e-07;0.0;0.0;0.0;0.0;0.005298159130532119;-0.010010015444285765;-0.000774128621578371;-0.001930064242255105;10.764421040518101;-0.006172978112325192;-0.003481492231983078;-0.0385592714815168;-0.002667756909559597;-0.013678865478413484;-0.004069721845269633;0.0
67;2;0.0;-5.403217598572676e-07;0.0;0.0;0.0;0.0;0.005227259515298799;-0.009865944676077642;-0.0007636574087564229;-0.0019042561937942042;10.619570214597985;-0.006094037789890896;-0.003434142672135927;-0.03803890583078815;-0.002628735498460045;-0.01345500729126648;-0.004014751270318163;0.0
67;3;0.0;-5.204164300607352e-07;0.0;0.0;0.0;0.0;0.005143836892993023;-0.009724068084867622;-0.0007514178960333405;-0.0018738751858554642;10.449716099116161;-0.005998490359096709;-0.0033791690996325683;-0.037449128785078487;-0.0025867474803255705;-0.013234840717721755;-0.003951221223478368;0.0
67;4;0.0;-4.858906216372994e-07;0.0;0.0;0.0;0.0;0.005054385898321153;-0.009584257048652348;-0.0007383457092047092;-0.0018412895213712167;10.267960148220343;-0.0058943439361755605;-0.00332067398974807;-0.03681446892664785;-0.002542926011697437;-0.013018320536274157;-0.0038837486719967345;0.0
67;5;0.0;-4.6141238657129394e-07;0.0;0.0;0.0;0.0;0.004980338409648424;-0.009446514534993837;-0.0007275003366596862;-0.0018143194427424235;10.119206030130124;-0.0058099168013300605;-0.0032725850018964562;-0.03624411643705484;-0.0025024860252100016;-0.012807561751779932;-0.0038280005007336314;0.0
67;6;0.0;-5.088079703581567e-07;0.0;0.0;0.0;0.0;0.004921782451661966;-0.009311773418089232;-0.0007188245695784432;-0.0017930095077113603;9.999345672199864;-0.005745591525714251;-0.0032331810649818588;-0.035791259731812276;-0.002467728655857886;-0.012600213237758867;-0.0037820369986735036;0.0
67;7;0.0;-4.978197123892644e-07;0.0;0.0;0.0;0.0;0.004853456912340761;-0.009178932803347414;-0.0007087984439502221;-0.0017681268710963824;9.860193149843601;-0.0056673758122554145;-0.0031880573954173996;-0.03526137339717656;-0.0024296296499384715;-0.012396254491978195;-0.003729656777818077;0.0
67;8;0.0;-5.035722370029426e-07;0.0;0.0;0.0;0.0;0.004798628973297709;-0.009048026435519309;-0.0007006727646478505;-0.0017481740560908235;9.747954538335106;-0.005607239029522418;-0.0031511221498975654;-0.03482644445739497;-0.0023961603560380736;-0.012195634042283496;-0.003686506823952475;0.0
67;9;0.0;-5.171541426171723e-07;0.0;0.0;0.0;0.0;0.004742532045144443;-0.008919070527390197;-0.0006923797950676268;-0.0017277557304200715;9.633267159727957;-0.0055450300556750915;-0.0031135124582362915;-0.03438074260784912;-0.002362414161778244;-0.011998297886041986;-0.0036426163274715768;0.0
67;10;0.0;-4.761333764853404e-07;0.0;0.0;0.0;0.0;0.004664901885462442;-0.00879207142408528;-0.000681075407243445;-0.001699469031140478;9.47578931230557;-0.0054533086424135456;-0.0030630140775474205;-0.03378466154398247;-0.002321913673671787;-0.011804176149888589;-0.0035842422186432373;0.0
67;11;0.0;-4.596107120956109e-07;0.0;0.0;0.0;0.0;0.00460347621132264;-0.008666896562522506;-0.00067204799773693;-0.001677101626849844;9.347201261833582;-0.005381649135237789;-0.003021205585630485;-0.03329599171258647;-0.0022863341567564265;-0.011609347791468798;-0.0035356595998097943;0.0
67;12;0.0;-4.6599648167744426e-07;0.0;0.0;0.0;0.0;0.0045385826041236185;-0.008541743136344941;-0.0006624645380336641;-0.0016534796865169802;9.21449759291113;-0.0053089732134899825;-0.002977856354294473;-0.032840753350600445;-0.0022525258645871844;-0.011416899336416876;-0.0034852601121350187;0.0
68;1;0.0;-1.1240388146874356e-06;0.0;0.0;0.0;0.0;0.004476278132818383;-0.005569543368712557;-0.0006533490503714828;-0.0016307849568702021;9.07412982295817;-0.005229149172997384;-0.0029324439375446143;-0.03228736018960208;-0.002213290695848617;-0.011211292113399924;-0.0034324394635399753;0.0
68;2;0.0;-1.0688994767187297e-06;0.0;0.0;0.0;0.0;0.004402824389678056;-0.005480107754389898;-0.0006426225689192311;-0.0016040254445256104;8.925188876407123;-0.005143514104653517;-0.0028844398856357344;-0.031712707447236345;-0.002173322194939288;-0.011009414423008509;-0.0033767244523101986;0.0
68;3;0.0;-1.1210005401240666e-06;0.0;0.0;0.0;0.0;0.00432786152588949;-0.005392125720455226;-0.0006316281000203491;-0.001576724640382991;8.772846318059194;-0.005057674419300965;-0.002835096058440441;-0.03118224676766123;-0.0021356507259932766;-0.010811180321935149;-0.003319521104337732;0.0
68;4;0.0;-1.0771450235809818e-06;0.0;0.0;0.0;0.0;0.004259571893382453;-0.005305528229557179;-0.0006216082128716632;-0.0015518549073990286;8.634036389518734;-0.0049796141586209795;-0.002790069679259672;-0.03067364057180689;-0.002099235863144288;-0.01061653899333404;-0.003267195404928694;0.0
68;5;0.0;-1.0275515787758947e-06;0.0;0.0;0.0;0.0;0.004186041027176522;-0.005220342524053139;-0.0006108435930132243;-0.0015250720899254756;8.485827844729304;-0.004895339773002039;-0.0027421777466642115;-0.030146815123968017;-0.002062301253588294;-0.010426639463289646;-0.003211666343778123;0.0
68;6;0.0;-5.009419427866159e-07;0.0;0.0;0.0;0.0;0.004108575505178291;-0.0051369002499852025;-0.0005995683014514945;-0.0014968444678664296;8.329127499911253;-0.004804156394324493;-0.0026919207719681175;-0.029571990975388394;-0.0020233719297015583;-0.010240933905642652;-0.0031535862973114353;0.0
68;7;0.0;-5.283166703207417e-07;0.0;0.0;0.0;0.0;0.004057821454028014;-0.005056423467600105;-0.0005920559008453458;-0.0014783725133613965;8.225479521654655;-0.004748273696491344;-0.0026578493930619804;-0.029169776737464417;-0.0019926734493491234;-0.010058573877652015;-0.0031137336700197927;0.0
68;8;0.0;-5.450895135309292e-07;0.0;0.0;0.0;0.0;0.004003411980116371;-0.004977259477367567;-0.0005840229705996432;-0.0014585665065333772;8.114513955806462;-0.0046876960722609775;-0.0026215270257811457;-0.028755692220545782;-0.001961647089812428;-0.0098795175289589;-0.003071369279735183;0.0
68;9;0.0;-5.324055462243177e-07;0.0;0.0;0.0;0.0;0.003939439170646362;-0.004899439038652153;-0.0005746460076025556;-0.0014352671757432971;7.984529159624518;-0.004614246730277538;-0.002579442838283639;-0.02828418168672451;-0.0019281762826931165;-0.009703688543983412;-0.003022541283770634;0.0
68;10;0.0;-5.503312946501822e-07;0.0;0.0;0.0;0.0;0.003885856349340133;-0.004822880386804411;-0.0005667411304217221;-0.0014157610141070965;7.875292280693724;-0.004554392003276907;-0.002543724128383767;-0.027879300776273302;-0.001898009572911522;-0.009531037435894769;-0.0029808937213434824;0.0
68;11;0.0;-5.088505087688978e-07;0.0;0.0;0.0;0.0;0.0038137000860191815;-0.00474760638842537;-0.0005562020838242356;-0.0013894745422754538;7.71217427983901;-0.004461453073267764;-0.002491164691673222;-0.027334796827308584;-0.0018602595505488304;-0.009342982880307441;-0.0029203197580303106;0.0
68;12;0.0;-5.298781994087863e-07;0.0;0.0;0.0;0.0;0.0037439405624995815;-0.0046678763567711305;-0.0005459292493866122;-0.0013640761490908227;7.5706090377976425;-0.004383641614704021;-0.0024451069052310492;-0.026883589971503974;-0.0018270940071532975;-0.009159779917723153;-0.002867201725819861;0.0
69;1;0.0;-7.803634621034964e-07;0.0;0.0;0.0;0.0;0.0036828832030843034;-0.007585112788771885;-0.0005369427425131287;-0.0013418452199623824;7.403153481775332;-0.004291807018625877;-0.0023906652241533826;-0.02632650581627717;-0.0017858837765939342;-0.008932346078735446;-0.0028046280545162916;0.0
69;2;0.0;-7.883559063577399e-07;0.0;0.0;0.0;0.0;0.0035990276643148946;-0.007425706656095283;-0.000524509605332176;-0.0013113297457637814;7.233151223608749;-0.004200908927869651;-0.002335057199548054;-0.025834357733241702;-0.00174809206146311;-0.008710756733244328;-0.0027407565566431513;0.0
69;3;0.0;-7.874166910697311e-07;0.0;0.0;0.0;0.0;0.0035114217473939963;-0.00727000639888027;-0.0005116089777971398;-0.0012794336994842446;7.056160624756835;-0.0041030338257442315;-0.002277671536673284;-0.025279684540220504;-0.0017077975760851406;-0.008494863075867403;-0.0026748998351157744;0.0
69;4;0.0;-7.850947020275415e-07;0.0;0.0;0.0;0.0;0.0034354181438943005;-0.007117957758890355;-0.0005003767014003141;-0.0012517690497316598;6.9023321447484784;-0.004019444049865956;-0.0022275236795684865;-0.02478363622629233;-0.0016706076550462323;-0.008284526519950645;-0.002617201300687116;0.0
69;5;0.0;-7.945411653430253e-07;0.0;0.0;0.0;0.0;0.003359199551169019;-0.006969460767754038;-0.0004891105520260366;-0.0012240265202344244;6.7488157868238705;-0.003936089319227704;-0.002177472115684;-0.024302815832430387;-0.0016345585003695986;-0.008080430555831844;-0.0025596269312197833;0.0
69;6;0.0;-1.5088967355551985e-06;0.0;0.0;0.0;0.0;0.0032844889996446543;-0.0068249778967695756;-0.0004780736184296477;-0.0011968317729149896;6.597454713481983;-0.0038533360910684095;-0.0021281729300603037;-0.023821074020101203;-0.0015988293971016757;-0.007880646307422324;-0.0025028085759719047;0.0
69;7;0.0;-1.477855523861212e-06;0.0;0.0;0.0;0.0;0.0032113931634190707;-0.006681378563039424;-0.0004672897566657848;-0.0011702221938349668;6.449624742578327;-0.0037723225719337736;-0.0020800475005219943;-0.0233474912910897;-0.0015638318479637542;-0.007685965812869375;-0.0024473272916241766;0.0
69;8;0.0;-1.4674647848474538e-06;0.0;0.0;0.0;0.0;0.0031365483310631516;-0.006541113967694127;-0.000456274272198783;-0.0011429712080902445;6.298441319406604;-0.003688503472076599;-0.0020309909595276304;-0.022861113167949726;-0.001528584858219131;-0.007496260105168616;-0.0023908153155546012;0.0
69;9;0.0;-1.3780037141572878e-06;0.0;0.0;0.0;0.0;0.0030684787557601423;-0.006404110083798457;-0.00044622331151416905;-0.00111819291092051;6.160717203763891;-0.0036133457513563734;-0.001986089009853905;-0.022420496864764078;-0.0014957947107208122;-0.0073114079944187615;-0.0023389947800756894;0.0
69;10;0.0;-1.3734620498621425e-06;0.0;0.0;0.0;0.0;0.003001598484230707;-0.006270306629520823;-0.00043633981874044116;-0.001093848988634662;6.025342139874684;-0.0035397670121246607;-0.0019419064640665256;-0.021997794972171573;-0.0014641612604865237;-0.007131275865717698;-0.0022879999945227777;0.0
69;11;0.0;-1.3627335303347804e-06;0.0;0.0;0.0;0.0;0.0029372381933226556;-0.006139635906494561;-0.00042684902841195235;-0.001070418701312077;5.882454649101676;-0.0034615478451122694;-0.0018953841882233095;-0.02153963569965764;-0.001430239214462245;-0.00694222752033748;-0.002234388381298214;0.0
69;12;0.0;-1.391570551351873e-06;0.0;0.0;0.0;0.0;0.0028598283269594435;-0.006003955568476792;-0.0004154473034036324;-0.0010422353426646446;5.726235504844259;-0.0033749520109181766;-0.0018447016158031817;-0.02106252265794132;-0.001395800109976005;-0.006757721924609411;-0.0021760342212393522;0.0
70;1;0.0;-3.776940784982019e-07;0.0;0.0;0.0;0.0;0.002783427699564877;-0.0029819428439232347;-0.00040422548094863554;-0.0010144138562984488;5.639625553619725;-0.003324877054356992;-0.0018167696555550024;-0.020747725487468078;-0.0013742761674757102;-0.006650289874684638;-0.002143436744136349;0.0
70;2;0.0;-3.7966890456623994e-07;0.0;0.0;0.0;0.0;0.002749212014610165;-0.0029397972533510984;-0.0003992017309470935;-0.0010019537883851587;5.569905856913235;-0.0032857973753085447;-0.0017940296889792152;-0.020483647595489433;-0.001355218591961594;-0.006544582746925398;-0.0021166938324165218;0.0
70;3;0.0;-3.695185926328219e-07;0.0;0.0;0.0;0.0;0.0027107267556558427;-0.0028982610033493343;-0.00039357538480104824;-0.0009879345721413165;5.491661043447935;-0.0032410465543046595;-0.0017686941141959753;-0.020196537488559436;-0.0013352055624995577;-0.006440575567959268;-0.0020870446195999995;0.0
70;4;0.0;-3.658876793315062e-07;0.0;0.0;0.0;0.0;0.002671280239238828;-0.002857333513954065;-0.00038782566862149005;-0.0009735621346512876;5.411585324465745;-0.003194616227645689;-0.0017428736614563442;-0.01989665070914568;-0.0013147107809339076;-0.006338237984123399;-0.002056863184258609;0.0
70;5;0.0;-3.369781979618371e-07;0.0;0.0;0.0;0.0;0.002625231753834503;-0.002816999760888962;-0.00038114733604906106;-0.0009567782481662591;5.315879849503045;-0.0031380063162833546;-0.001712257864262121;-0.019550675281187667;-0.0012920034135183351;-0.006234955123436969;-0.0020213001201014416;0.0
70;6;0.0;-4.1667057160863647e-07;0.0;0.0;0.0;0.0;0.002579653821197255;-0.0027765776411788905;-0.00037451752134724114;-0.000940169386559184;5.223471065844261;-0.003083862111202345;-0.001682605028222121;-0.019224752299640373;-0.0012703391677394188;-0.006133219472337657;-0.00198681537061848;0.0
70;7;0.0;-3.748943398437936e-07;0.0;0.0;0.0;0.0;0.0025396131853996063;-0.0027364907574292264;-0.0003687099008093221;-0.0009255753649067176;5.1424336104412784;-0.0030358139874460816;-0.0016566447035546723;-0.018904204758539732;-0.0012490355287367628;-0.00603315766355478;-0.001956497433805301;0.0
70;8;0.0;-3.8231930127247875e-07;0.0;0.0;0.0;0.0;0.002512204399077063;-0.002696988887142188;-0.0003646527683879481;-0.0009155999631834863;5.086375014594789;-0.0030055974811903923;-0.0016381250057343148;-0.018692673748399134;-0.001232896534371513;-0.005934745405578794;-0.001934563215308444;0.0
70;9;0.0;-3.832696600236874e-07;0.0;0.0;0.0;0.0;0.002473656776861366;-0.002658071321117968;-0.0003590353520311982;-0.0009015548123760013;5.008169946979718;-0.002960203658736245;-0.0016129217360041036;-0.01840535002682956;-0.0012133505412899675;-0.005837958282111798;-0.0019051231881837324;0.0
70;10;0.0;-3.7492176656744894e-07;0.0;0.0;0.0;0.0;0.0024338958727998803;-0.0026197379573710453;-0.00035321287227136423;-0.000887072629215615;4.927300813810261;-0.002914306552036709;-0.0015867200686874611;-0.01814203064097541;-0.0011950234127649363;-0.005742770501445075;-0.0018745731504173169;0.0
70;11;0.0;-3.9899160243848343e-07;0.0;0.0;0.0;0.0;0.0024060780930579553;-0.002581984815154178;-0.00034908492093759294;-0.0008769502070405257;4.856359769929406;-0.0028765867655101978;-0.001563314900966357;-0.017916613930005057;-0.0011775302317207032;-0.005634723575642531;-0.0018471820384400673;0.0
70;12;0.0;-3.677459818893659e-07;0.0;0.0;0.0;0.0;0.002358543642486755;-0.002541043186000725;-0.00034219063973666276;-0.0008596247903637128;4.760341752341879;-0.002586982382887569;-0.001514882910738247;-0.013284394607504572;-0.0009558294581744961;-0.005060160625223073;-0.0017375229346464148;0.0
71;1;0.0;-3.5255334154372407e-07;0.0;0.0;0.0;0.0;0.0023193333282817905;-0.0037318187911762283;-0.0003364532863159766;-0.0008453423473989597;4.675809767690996;-0.002541534181200271;-0.0014877213686669065;-0.013032563819467956;-0.000937018315111739;-0.0049564031855234975;-0.001706552401862514;0.0
71;2;0.0;-3.329055110841432e-07;0.0;0.0;0.0;0.0;0.002274816687114971;-0.0036643403319881187;-0.0003299649769584738;-0.0008291225210510936;4.585847059435824;-0.0024928946303187536;-0.0014590019701657263;-0.012773354767286239;-0.0009180147767938085;-0.00485479046529688;-0.0016738341215255944;0.0
71;3;0.0;-3.2158102333286987e-07;0.0;0.0;0.0;0.0;0.002230880144173623;-0.0035981154379941607;-0.0003235476259380438;-0.0008131164787936599;4.496960262787046;-0.0024449521412500336;-0.001430550964003444;-0.012523584837025802;-0.0008995955401540031;-0.004755279455672979;-0.001641422751401775;0.0
71;4;0.0;-3.113068138356068e-07;0.0;0.0;0.0;0.0;0.0021867843233708737;-0.003533135029534012;-0.00031710484457703224;-0.0007970527979366497;4.40773602059126;-0.002396846100900567;-0.0014019820531099639;-0.01227887894685897;-0.0008815546517897949;-0.004657826504725108;-0.0016088836556258739;0.0
71;5;0.0;-3.253906010974007e-07;0.0;0.0;0.0;0.0;0.0021501716044475616;-0.0034693759283482063;-0.0003117032631735654;-0.000783724434633203;4.335650936628073;-0.002358398561941433;-0.0013786054553938784;-0.012066459925835242;-0.0008653236636647681;-0.004564809538268067;-0.0015821910404637326;0.0
71;6;0.0;-5.754194913218628e-07;0.0;0.0;0.0;0.0;0.0021083007505994043;-0.00340808897663069;-0.0003055991388356181;-0.0007684688686056301;4.2508982602413505;-0.002312549623581271;-0.0013515588068821567;-0.011831580851942324;-0.0008481816047772238;-0.004473499514260234;-0.00155135522826812;0.0
71;7;0.0;-5.631937096343069e-07;0.0;0.0;0.0;0.0;0.002070775192009513;-0.003347208378295651;-0.0003001342344742564;-0.0007547954788601161;4.175054854228419;-0.0022715071580858386;-0.0013273515192025098;-0.011604295592448736;-0.0008315194376525789;-0.004384028627912516;-0.0015237188982457812;0.0
71;8;0.0;-5.492403322770448e-07;0.0;0.0;0.0;0.0;0.0020363297487243815;-0.0032874422109129423;-0.00029508711669905117;-0.0007422498935416141;4.1052177626711055;-0.002233976245271129;-0.0013048824678645497;-0.011393606108762028;-0.0008157519777509527;-0.0042963614875163765;-0.001498043437722967;0.0
71;9;0.0;-5.780888134657114e-07;0.0;0.0;0.0;0.0;0.0020060956067358277;-0.0032287864831322954;-0.000290615944933224;-0.0007312454614287686;4.043626469267771;-0.0022012246331073026;-0.0012848261775017663;-0.011202585846679405;-0.0008010191832696743;-0.004210462618550603;-0.0014750877425509803;0.0
71;10;0.0;-5.679612029837169e-07;0.0;0.0;0.0;0.0;0.0019691341914674933;-0.0031712356927007255;-0.00028522757000015427;-0.0007177786348439896;3.9688837954490106;-0.0021608259777647783;-0.0012609423640803847;-0.010989166927129961;-0.0007853678223192458;-0.004126299626942976;-0.001447831812457191;0.0
71;11;0.0;-5.773247821762658e-07;0.0;0.0;0.0;0.0;0.0019385564254439595;-0.003114778451786167;-0.00028071514426717596;-0.0007066474278838451;3.8756789258095;-0.002111273414311678;-0.0012306549673839753;-0.010733112037791415;-0.0007656447379895236;-0.0040127655832095845;-0.0014133769217715077;0.0
71;12;0.0;-5.17428153162675e-07;0.0;0.0;0.0;0.0;0.0018866926705659063;-0.003043299122330395;-0.000273151768452991;-0.0006877514024571668;3.771710667554312;-0.002055132329486433;-0.0011974568067498286;-0.010450173303668335;-0.0007448984340457036;-0.0039025914825489972;-0.001375673135569743;0.0
72;1;0.0;-2.9704828497230065e-07;0.0;0.0;0.0;0.0;0.0018392197822201721;-0.002488839188679687;-0.00026617492393420924;-0.0006704647341339177;3.6761563208626495;-0.0020039828192658683;-0.0011666505511104363;-0.010194530193701097;-0.0007256349081102336;-0.003795637457879664;-0.0013406801118359887;0.0
72;2;0.0;-3.0174968345635433e-07;0.0;0.0;0.0;0.0;0.001798385095658835;-0.0024419323521800594;-0.00026012855081611786;-0.000655603327110258;3.593594638016749;-0.001960141186933243;-0.001139789458732133;-0.009962014576260355;-0.0007076546985565286;-0.0036916773180027834;-0.0013101291659780192;0.0
72;3;0.0;-2.851810123178106e-07;0.0;0.0;0.0;0.0;0.0017524527660095013;-0.0023960716521434187;-0.0002533870973723102;-0.0006388760328835706;3.5011383653155193;-0.0019105421934240859;-0.0011100511857303759;-0.009716086348696168;-0.000689257404318492;-0.0035906283440991322;-0.0012763453406851282;0.0
72;4;0.0;-2.7445430557008205e-07;0.0;0.0;0.0;0.0;0.0017110480365032776;-0.0023512334209944774;-0.0002473036115311464;-0.0006237987331426356;3.417750480278915;-0.001865863419195416;-0.0010831843577527203;-0.009481106199067085;-0.0006715668244031638;-0.0034924082366030416;-0.0012457957896623727;0.0
72;5;0.0;-2.702559260638932e-07;0.0;0.0;0.0;0.0;0.001668378884156716;-0.002307394792830028;-0.00024102252886305626;-0.0006082631077916077;3.32995132314843;-0.0018189334541039224;-0.0010548300173542364;-0.009251358050560316;-0.0006541872467272313;-0.003395181739055424;-0.0012135766251400379;0.0
72;6;0.0;-2.605212413961141e-07;0.0;0.0;0.0;0.0;0.001621435576020548;-0.002264024075857963;-0.00023417143042953937;-0.0005911607376469073;3.235778125484997;-0.0017680850162210603;-0.0010247590322783175;-0.009007023121301139;-0.0006363263243230129;-0.003300725627335784;-0.0011794298395949652;0.0
72;7;0.0;-2.61534397386588e-07;0.0;0.0;0.0;0.0;0.0015814087081322103;-0.0022216210759824;-0.0002282867937637886;-0.0005765858195865036;3.155184087948183;-0.0017249330637052274;-0.0009987728976484922;-0.008788108062116213;-0.0006198335469390174;-0.003208958994587032;-0.0011498819462707711;0.0
72;8;0.0;-2.592058344186672e-07;0.0;0.0;0.0;0.0;0.0015408499958868259;-0.002180165901208343;-0.00022233469875457731;-0.0005618153287586687;3.073593493348632;-0.0016811569833899438;-0.0009725268949966913;-0.008571288668996077;-0.000603621854499668;-0.0031198072758970583;-0.001120045435933919;0.0
72;9;0.0;-2.533426373993027e-07;0.0;0.0;0.0;0.0;0.00150127259121621;-0.002139646726459184;-0.00021651047988978237;-0.0005474050821795109;2.9938658863961267;-0.0016385170085006873;-0.0009467901534961253;-0.008365773239574482;-0.0005881129120584748;-0.0030331949782770717;-0.0010907855087161549;0.0
72;10;0.0;-2.544893491169818e-07;0.0;0.0;0.0;0.0;0.0014631667517669361;-0.002100036168368642;-0.00021091369814183015;-0.0005335286969403562;2.9171779343877198;-0.0015974108767660797;-0.0009220918307470698;-0.008162910805765762;-0.0005729003870272604;-0.0029490504116035277;-0.001062697586526224;0.0
72;11;0.0;-2.467307625168629e-07;0.0;0.0;0.0;0.0;0.0014295449193450695;-0.0020613152866607027;-0.0002059434175340656;-0.0005212908996389714;2.8492928892522698;-0.0015612946082014096;-0.0009000417099836887;-0.007977975272126734;-0.0005586875150983878;-0.002867301421447973;-0.0010375925001486178;0.0
72;12;0.0;-2.4239466791725005e-07;0.0;0.0;0.0;0.0;0.0013937310808213948;-0.002023457145979536;-0.0002006721918285942;-0.0005082511305302672;2.777181893063708;-0.0015227555606924003;-0.0008767424064696578;-0.00779106148387005;-0.0005445463923045394;-0.002787947175579899;-0.001011093515531929;0.0
73;1;0.0;-3.2738557405561153e-07;0.0;0.0;0.0;0.0;0.0013585183059379544;-0.004480231154187356;-0.0001954950650630553;-0.0004954292038668134;2.7062531981726856;-0.0014847678338277624;-0.0008538751155758792;-0.0076063306502783656;-0.000530665238208932;-0.002710798781534253;-0.0009850778472457172;0.0
73;2;0.0;-3.3529616845070826e-07;0.0;0.0;0.0;0.0;0.0013260610977806387;-0.0043955851324241225;-0.00019069680232732835;-0.0004836153370199235;2.6407184243934387;-0.0014499030966481313;-0.000832588198294353;-0.0074366585580569085;-0.0005176365113866671;-0.002635843058105516;-0.0009608433469591529;0.0
73;3;0.0;-3.455654669751465e-07;0.0;0.0;0.0;0.0;0.0012962220410616336;-0.004312860400236409;-0.00018628266595784238;-0.0004727549536496593;2.5804496342916776;-0.001417864456127749;-0.0008129891937543721;-0.007273238599370126;-0.0005050473695006078;-0.0025630153464543883;-0.0009385107804993791;0.0
73;4;0.0;-3.502888841267712e-07;0.0;0.0;0.0;0.0;0.0012664471047529292;-0.0042319903547646046;-0.00018190273727557285;-0.0004619135007135489;2.5204800347649705;-0.0013857762035026486;-0.000793623772855829;-0.007106518370081692;-0.000492450517444401;-0.0024922521607744718;-0.0009164437357079837;0.0
73;5;0.0;-3.52649740868368e-07;0.0;0.0;0.0;0.0;0.001234482911479112;-0.004152900689659384;-0.00017719316784577707;-0.0004502762645604113;2.457246772524105;-0.0013519987663157275;-0.0007731733123509956;-0.006948141299420273;-0.00048046227648903444;-0.002424629755084386;-0.0008931591448078349;0.0
73;6;0.0;-4.282976366512848e-07;0.0;0.0;0.0;0.0;0.0012065676083258363;-0.00407637590451182;-0.0001730669988131675;-0.00044011545768780875;2.400835704427669;-0.0013219711740311288;-0.000754849932161988;-0.006799283766309146;-0.00046904784950649287;-0.0023588483224074646;-0.0008722654312601858;0.0
73;7;0.0;-4.401677167046798e-07;0.0;0.0;0.0;0.0;0.0011781192010341017;-0.00400096770859001;-0.0001688943030198241;-0.00042975485488826464;2.343594589383483;-0.001291241817863881;-0.0007364289186868457;-0.006644523719290443;-0.0004574883265587923;-0.0022949097177715054;-0.0008512661289057292;0.0
73;8;0.0;-4.198593254914681e-07;0.0;0.0;0.0;0.0;0.0011456598789566304;-0.003927294982597436;-0.00016417021905112887;-0.0004179269392386955;2.278536504190456;-0.0012560027934430213;-0.000715709681370669;-0.006479476515777781;-0.00044557672462831746;-0.0022327546777340924;-0.000827684669439937;0.0
73;9;0.0;-4.0278534485281767e-07;0.0;0.0;0.0;0.0;0.00111796592572551;-0.003855252932009048;-0.0001601189331590815;-0.00040783918414586984;2.2228867483388113;-0.001226036261440627;-0.0006978600592190692;-0.006329463691182855;-0.0004344836665083055;-0.0021723339502084417;-0.0008073349594069396;0.0
73;10;0.0;-3.823355406060832e-07;0.0;0.0;0.0;0.0;0.0010932056438246736;-0.0037848061852998067;-0.00015646049061242027;-0.00039882651758410114;2.172880449651246;-0.0011994160166695432;-0.0006816123728146328;-0.006196826830385738;-0.0004243142704774295;-0.0021135924704826898;-0.0007887901167208351;0.0
73;11;0.0;-3.6436639923504485e-07;0.0;0.0;0.0;0.0;0.001065170125055997;-0.0037158560448089847;-0.0001523723238966979;-0.00038861201156189265;2.116634061401119;-0.0011690170404512195;-0.0006636465938054338;-0.006049683895207807;-0.00041358677518794185;-0.0020564862017280255;-0.0007683154736356131;0.0
73;12;0.0;-3.6757019307563434e-07;0.0;0.0;0.0;0.0;0.0010426394305393118;-0.0036484004608926036;-0.0001490451263587889;-0.0003804105846741288;2.0711279645413843;-0.0011447695612236887;-0.0006488693298060293;-0.0059238602022784045;-0.0004039591690691532;-0.0020009490644662046;-0.0007514286289872821;0.0
74;1;0.0;-3.3783871482144044e-07;0.0;0.0;0.0;0.0;0.001020960056632991;-0.002943561661883173;-0.00014582704026651838;-0.0003725220084817505;2.027256541716134;-0.0011215480485200443;-0.0006345211167411078;-0.005807532021267018;-0.00039487999936166536;-0.00194698817470766;-0.000735031157522798;0.0
74;2;0.0;-3.4309139138503153e-07;0.0;0.0;0.0;0.0;0.0009973283576472953;-0.0028989164677397814;-0.00014234797884549432;-0.0003639178914827057;1.9796174680412502;-0.0010960818772655897;-0.0006191120140460412;-0.005684964025066706;-0.0003856165231044708;-0.0018945306174353604;-0.0007174434508472082;0.0
74;3;0.0;-3.3629309159318214e-07;0.0;0.0;0.0;0.0;0.0009722824300409234;-0.0028551245574010365;-0.000138690076394073;-0.00035479363062393437;1.9293300025334819;-0.0010689518151513965;-0.0006030134083682134;-0.005555641192503628;-0.0003761418664343895;-0.0018435312541640325;-0.0006990829580355753;0.0
74;4;0.0;-3.352049516123188e-07;0.0;0.0;0.0;0.0;0.0009473789350193834;-0.002812111863720439;-0.00013505126996806713;-0.0003457215622366858;1.8793163690711399;-0.0010419837390398547;-0.000586993541455538;-0.005430076415653913;-0.00036694061471750043;-0.0017939452604911195;-0.0006808134898217701;0.0
74;5;0.0;-3.332920327894578e-07;0.0;0.0;0.0;0.0;0.0009245764208951223;-0.00276979549374986;-0.00013169469511494059;-0.000337419271187433;1.8329183668707858;-0.0010171797764145045;-0.000571987126322554;-0.005316184090799602;-0.0003583490145110776;-0.0017453423774375283;-0.0006636867811795134;0.0
74;6;0.0;-8.563644676600079e-07;0.0;0.0;0.0;0.0;0.000900144483930602;-0.0027280573783972735;-0.0001281504175046308;-0.0003285144178244534;1.7838613052037133;-0.0009904223766421653;-0.0005564601100959606;-0.005184587948505621;-0.0003490316392284273;-0.0016977728004771131;-0.0006459393831301541;0.0
74;7;0.0;-8.494775476841339e-07;0.0;0.0;0.0;0.0;0.00087712452946228;-0.0026828901475083027;-0.00012480579143198228;-0.0003201251217395639;1.737775159058967;-0.0009654124495609704;-0.0005417863956909034;-0.005062556726718678;-0.0003402502309825737;-0.001651534192207891;-0.0006291557557129152;0.0
74;8;0.0;-8.184710559295377e-07;0.0;0.0;0.0;0.0;0.0008537748438058235;-0.00263854789342767;-0.0001214257012003624;-0.0003116134415615029;1.691114929534008;-0.0009399853044518393;-0.0005270010454598026;-0.004939045179437579;-0.00033148995376440683;-0.0016065884207667777;-0.0006122502497940112;0.0
74;9;0.0;-7.981345468875366e-07;0.0;0.0;0.0;0.0;0.000833974504961548;-0.00259501753373198;-0.00011851594765865763;-0.0003044033561361635;1.6512465148605031;-0.0009186290322532232;-0.0005141153252458535;-0.0048363801943315955;-0.00032378354535539465;-0.0015628991964311899;-0.0005974855352274086;0.0
74;10;0.0;-8.048478146668702e-07;0.0;0.0;0.0;0.0;0.0008134988788986799;-0.0025522819401090197;-0.00011552847733342216;-0.00029694353566966366;1.6101674620107884;-0.0008964426220723503;-0.0005009604521280833;-0.0047291913191858485;-0.00031595204607618284;-0.0015204307533951892;-0.0005824216669270019;0.0
74;11;0.0;-7.703782223003808e-07;0.0;0.0;0.0;0.0;0.0007916047773858562;-0.0025103305421806466;-0.00011235876342720391;-0.0002889625202140326;1.572701577459946;-0.0008759274724246872;-0.0004891385765077903;-0.0046280502279405855;-0.00030888263130456235;-0.0014847570575373412;-0.0005688610122697578;0.0
74;12;0.0;-7.282678601349316e-07;0.0;0.0;0.0;0.0;0.0007751895246084823;-0.0024709346401708405;-0.00010998643494021186;-0.00028297795286257596;1.5397980594643308;-0.0008579689679626954;-0.00047870917726789504;-0.0045341855051806695;-0.00030220920252436436;-0.0014499421607695729;-0.0005568710812227955;0.0
75;1;0.0;-3.2269958557998636e-07;0.0;0.0;0.0;0.0;0.0007594026493013589;-0.0016793698919301463;-0.00010767535787106273;-0.00027722774519296344;1.5020685130354023;-0.0008377991384622962;-0.00046649870784974993;-0.0044430842246345695;-0.0002953410802775262;-0.001410894991157137;-0.00054291224689858;0.0
75;2;0.0;-3.24211162801902e-07;0.0;0.0;0.0;0.0;0.0007413975134390818;-0.0016438038274865677;-0.0001050602666957234;-0.0002706658647425223;1.4660265619531558;-0.0008182312929853299;-0.0004550274522990028;-0.004343384248764066;-0.00028815023066760284;-0.001372938281059713;-0.000529787703998281;0.0
75;3;0.0;-3.2594932600896274e-07;0.0;0.0;0.0;0.0;0.0007232827692932888;-0.001609101444696037;-0.00010241439365154548;-0.0002640666875574405;1.4296626372857675;-0.0007986150055516172;-0.00044337293916022234;-0.004250604935716076;-0.0002813541164554759;-0.0013360404279913953;-0.0005164595658381844;0.0
75;4;0.0;-3.288953869176748e-07;0.0;0.0;0.0;0.0;0.0007061010287059457;-0.0015752423881012826;-9.990307190763193e-05;-0.0002578077098252035;1.3951604079071742;-0.0007800179291240324;-0.0004323027132752513;-0.004161384648801297;-0.00027479473328599044;-0.0013001754785680578;-0.0005037917645715825;0.0
75;5;0.0;-3.2970481605487534e-07;0.0;0.0;0.0;0.0;0.0006908598049416519;-0.0015422331951354673;-9.765560654255334e-05;-0.0002522591501057259;1.3647436271711741;-0.0007637872105054133;-0.00042242897294089005;-0.00408276287597761;-0.0002688166708448037;-0.001265596394187415;-0.0004924727827027022;0.0
75;6;0.0;-4.2860107769840424e-07;0.0;0.0;0.0;0.0;0.0006732670166761416;-0.0015102438807396827;-9.511952761422906e-05;-0.00024584413876070773;1.3296167980145337;-0.000744537359362055;-0.00041136490842848017;-0.003986253898237932;-0.00026207563516948413;-0.0012319133196897743;-0.00047981035772889783;0.0
75;7;0.0;-4.301770152511693e-07;0.0;0.0;0.0;0.0;0.0006579714299912408;-0.0014787356613133696;-9.287304637118351e-05;-0.00024027418375866948;1.2988191581747923;-0.0007280289025558707;-0.00040141630896374086;-0.003908856172525219;-0.00025628538646822816;-0.0011991586866215026;-0.0004684053207980898;0.0
75;8;0.0;-4.239981135854251e-07;0.0;0.0;0.0;0.0;0.0006429229953553336;-0.0014479636453825695;-9.068050725248511e-05;-0.00023479108515688774;1.2686404797788549;-0.0007117028114097152;-0.0003917642492147037;-0.0038279452401597403;-0.00025039496536438443;-0.0011673041219900054;-0.0004573360903703754;0.0
75;9;0.0;-4.098041093928308e-07;0.0;0.0;0.0;0.0;0.0006261258384361041;-0.0014179152772274863;-8.82537850487186e-05;-0.00022866714321579689;1.2350981504718852;-0.0006933825914037534;-0.0003811586026268852;-0.003740806189451138;-0.00024427669172063046;-0.0011363294212268415;-0.0004451968389938295;0.0
75;10;0.0;-3.99708830691568e-07;0.0;0.0;0.0;0.0;0.0006103214520327444;-0.0013885917355702234;-8.596824847243145e-05;-0.00022290554728250485;1.2035231546447032;-0.0006761561587491223;-0.00037115942508390533;-0.003657542168230135;-0.0002383973218376269;-0.001106211956564645;-0.00043374283246751293;0.0
75;11;0.0;-4.058508244281934e-07;0.0;0.0;0.0;0.0;0.0005960685036523689;-0.0013599735403573296;-8.389736667590065e-05;-0.00021771126865384536;1.1749801521694176;-0.0006606663538820396;-0.00036206108934989755;-0.003581117344154748;-0.00023289261847159838;-0.0010769240220530627;-0.0004233047788637695;0.0
75;12;0.0;-4.0808939219271605e-07;0.0;0.0;0.0;0.0;0.0005834473105530566;-0.0013320316813287038;-8.202821541848139e-05;-0.00021311796207891743;1.1495292092701657;-0.00064718842505843;-0.00035372909069835725;-0.0035206853318143303;-0.00022818540300595464;-0.0010485602842969836;-0.00041374495605188297;0.0
76;1;0.0;-3.41126550266965e-07;0.0;0.0;0.0;0.0;0.0005695241955593096;-0.0012237780254470993;-7.999809624092491e-05;-0.00020804516289213784;1.1216139870191615;-0.0006321083052729307;-0.00034479161457775224;-0.0034506526114520073;-0.0002230872866560327;-0.0010210074870737847;-0.00040350957396120986;0.0
76;2;0.0;-3.2972995127881774e-07;0.0;0.0;0.0;0.0;0.0005556212200046454;-0.0012048123981957624;-7.7985831759926e-05;-0.00020297704195671877;1.0938245864672407;-0.0006169609819214514;-0.00033598284445514695;-0.0033772176507098103;-0.00021788415176117703;-0.0009942134029936997;-0.00039342106505372204;0.0
76;3;0.0;-3.3714175105132783e-07;0.0;0.0;0.0;0.0;0.0005433307231430361;-0.0011862064704430833;-7.617946836824217e-05;-0.00019850162524088843;1.069068943120641;-0.0006037016568103875;-0.0003279774055524758;-0.003316112264924475;-0.00021330399405748203;-0.0009681569158233865;-0.00038423838281554534;0.0
76;4;0.0;-3.463840771500685e-07;0.0;0.0;0.0;0.0;0.0005318336352361817;-0.0011679540334335165;-7.447990382846173e-05;-0.00019431686643342133;1.045843795778944;-0.0005913450848799792;-0.0003204099381007598;-0.00824835983922361;-0.0005993954172722017;-0.0031766911665643024;-0.00037555046763344943;0.0
76;5;0.0;-3.3135884753872065e-07;0.0;0.0;0.0;0.0;5.242261933199781e-05;-0.0008908149171701251;-3.3139415880323607e-06;-1.9871706696096072e-05;0.0753491619306668;-7.751168287807694e-05;-4.904150814190553e-06;-0.0014239183225009688;-6.602847059984331e-05;-0.0001291426381070179;-2.0433961725793975e-05;0.0
76;6;0.0;-4.5469180247852663e-07;0.0;0.0;0.0;0.0;5.149026665531783e-05;-0.0008806337647633292;-3.255002100663458e-06;-1.951828217888589e-05;0.07396787819802662;-7.609075630231e-05;-4.845388822561618e-06;-0.0013978153750350282;-6.481805166493073e-05;-0.00012759523899412263;-2.0189120094006746e-05;0.0
76;7;0.0;-4.635963492937304e-07;0.0;0.0;0.0;0.0;5.112012559885998e-05;-0.0008700842348857287;-3.2316033110557584e-06;-1.9377973766146504e-05;0.07343612693943584;-7.554374378259765e-05;-4.787324419711972e-06;-0.0013877665524506823;-6.435207803702761e-05;-0.00012606620971908195;-1.994718508213322e-05;0.0
76;8;0.0;-4.577406784311355e-07;0.0;0.0;0.0;0.0;5.062206595958339e-05;-0.00085966140815948;-3.2001180367037457e-06;-1.9189175587135508e-05;0.07272065987226665;-7.480774281060071e-05;-4.729958232844856e-06;-0.0013742459420021463;-6.372511424606727e-05;-0.0001245555667982479;-1.9708159303520237e-05;0.0
76;9;0.0;-4.457986736519289e-07;0.0;0.0;0.0;0.0;5.0204793240619324e-05;-0.0008493648043491521;-3.173739777956909e-06;-1.9031001097016596e-05;0.07212125746455589;-7.419113755378865e-05;-4.6732835812481005e-06;-0.0013629186750621913;-6.319985791619032e-05;-0.0001230631343062;-1.947201492186709e-05;0.0
76;10;0.0;-4.408135836868326e-07;0.0;0.0;0.0;0.0;4.970034179656218e-05;-0.000839191585301794;-3.1418504400927185e-06;-1.8839779993102642e-05;0.07139659454060014;-7.344567680391537e-05;-4.61728911334942e-06;-0.001349224284990445;-6.25648357959279e-05;-0.0001215886133182014;-1.923870463895592e-05;0.0
76;11;0.0;-4.5695898531621175e-07;0.0;0.0;0.0;0.0;4.974849135629848e-05;-0.0008291404480602383;-3.1448942564927547e-06;-1.8858031922151942e-05;0.07146575188544509;-7.351681896455736e-05;-4.561966438867155e-06;-0.001350531192830387;-6.262543837721553e-05;-0.00012013178289016844;-1.9008193495279815e-05;0.0
76;12;0.0;-4.328004812319368e-07;0.0;0.0;0.0;0.0;4.896981120816691e-05;-0.0008192110783217899;-3.0956693120021734e-06;-1.856285965279724e-05;0.0703402058034027;-7.235896970996036e-05;-4.5068259534924245e-06;-0.0013292610731903828;-6.163912234552179e-05;-0.00011867975010863388;-1.8778441472885103e-05;0.0
77;1;0.0;-4.3057627595491384e-07;0.0;0.0;0.0;0.0;4.845332124615521e-05;-0.0014807121183485383;-3.063018948729176e-06;-1.8367075139025158e-05;0.06959832474963427;-7.159579666994878e-05;-4.452366812614286e-06;-0.0013152413017886886;-6.098901197810452e-05;-0.0001172456593988429;-1.8551528385892863e-05;0.0
77;2;0.0;-4.267443627784681e-07;0.0;0.0;0.0;0.0;4.7948889976462517e-05;-0.001462825727413572;-3.0311308862050236e-06;-1.8175861682555347e-05;0.06887373126790058;-7.085040735528933e-05;-4.398561978234613e-06;-0.0013015482240082779;-6.035405071006128e-05;-0.00011582879876017817;-1.832734157597756e-05;0.0
77;3;0.0;-4.133836657207077e-07;0.0;0.0;0.0;0.0;4.749216491616338e-05;-0.0014451549609429911;-3.0022586133024362e-06;-1.8002732095467326e-05;0.06821789526059609;-7.017574885457519e-05;-4.34546515368013e-06;-0.0012891544974766406;-5.9779341616860354e-05;-0.00011443058238024342;-1.810610480700054e-05;0.0
77;4;0.0;-4.138957037807731e-07;0.0;0.0;0.0;0.0;4.723136690878643e-05;-0.0014277281369433682;-2.98577203987792e-06;-1.790387206947931e-05;0.06784327142133774;-6.979037331113014e-05;-4.293016483395077e-06;-0.0012820750060118721;-5.945105874651827e-05;-0.00011304943406273706;-1.788756868081282e-05;0.0
77;5;0.0;-4.146753646706876e-07;0.0;0.0;0.0;0.0;4.663633343031724e-05;-0.0014105179125518002;-2.9481564797304513e-06;-1.767831426811092e-05;0.06698873857608906;-6.891131537322282e-05;-4.2412463663490775e-06;-0.0012659263861155006;-5.870223161422684e-05;-0.00011168615431385906;-1.7671859859787824e-05;0.0
77;6;0.0;-5.970050703621914e-07;0.0;0.0;0.0;0.0;4.599391755116061e-05;-0.001393536041472771;-2.907545599811102e-06;-1.743479534268929e-05;0.0659954566715482;-6.788952627802165e-05;-4.185599139372517e-06;-0.0012471557419962492;-5.783181868127769e-05;-0.00011022077733680962;-1.7439996414052156e-05;0.0
77;7;0.0;-5.367584828018909e-07;0.0;0.0;0.0;0.0;4.497004130172477e-05;-0.0013752761335452815;-2.8428203699915963e-06;-1.704667722152038e-05;0.06452618697242117;-6.637808853852965e-05;-4.130636118680252e-06;-0.001219390070930026;-5.6544297643932666e-05;-0.00010877341779191331;-1.7210983827834385e-05;0.0
77;8;0.0;-5.318341184723572e-07;0.0;0.0;0.0;0.0;4.438511925720852e-05;-0.0013572315897998777;-2.805844012957561e-06;-1.682495233526288e-05;0.06368683092328878;-6.551464297078716e-05;-4.076377864852499e-06;-0.001203528256055942;-5.580876993807796e-05;-0.00010734461710778247;-1.6984907770218744e-05;0.0
77;9;0.0;-5.475332470374472e-07;0.0;0.0;0.0;0.0;4.389440039549117e-05;-0.0013394123395652343;-2.7748227922593333e-06;-1.6638936805811123e-05;0.06298303018102776;-6.479064314722326e-05;-4.022902737148233e-06;-0.0011902281111489902;-5.519202934763463e-05;-0.0001059364387449035;-1.676209473811764e-05;0.0
77;10;0.0;-5.165554577173824e-07;0.0;0.0;0.0;0.0;4.325876651699681e-05;-0.0013218551767343082;-2.7346406424250342e-06;-1.639798871583592e-05;0.06207075435545862;-6.385218500546029e-05;-3.970074263940025e-06;-0.0011729882875077147;-5.4392602041688384e-05;-0.00010454528895042067;-1.6541976099750106e-05;0.0
77;11;0.0;-5.267959127230999e-07;0.0;0.0;0.0;0.0;4.288591897375879e-05;-0.001304513469641628;-2.7110707598957578e-06;-1.6256654362154294e-05;0.06153569423324154;-6.330176865773557e-05;-3.917922121022926e-06;-0.0011628769353421052;-5.3923728856589556e-05;-0.00010317194918693708;-1.6324675504262195e-05;0.0
77;12;0.0;-5.374402521397863e-07;0.0;0.0;0.0;0.0;4.265466297707321e-05;-0.0012873849993441807;-2.6964517104345947e-06;-1.6168992749735698e-05;0.06112377283383484;-6.28780251141659e-05;-3.86155789600583e-06;-0.0011550926095046773;-5.3562762134289475e-05;-0.0001016876912614869;-1.6089824566690963e-05;0.0
78;1;0.0;-3.8358071716044906e-07;0.0;0.0;0.0;0.0;4.221057465643045e-05;-0.0006446204953102619;-2.6683782800472807e-06;-1.6000653338858755e-05;0.06053695700055536;-6.227436766647129e-05;-3.8091514864738365e-06;-0.001144003198613695;-5.3048535419586655e-05;-0.00010030765581047771;-1.587146452697432e-05;0.0
78;2;0.0;-3.6853388149706204e-07;0.0;0.0;0.0;0.0;4.1508609911419285e-05;-0.000635914062040453;-2.624002966652646e-06;-1.5734561378906887e-05;0.05953026827616632;-6.12387869756923e-05;-3.757459487634172e-06;-0.0011249791977756807;-5.216637409040455e-05;-9.894643317436655e-05;-1.565608119847572e-05;0.0
78;3;0.0;-3.563643854842549e-07;0.0;0.0;0.0;0.0;4.09633108651384e-05;-0.0006273240542788571;-2.589531411999107e-06;-1.552785628008821e-05;0.05874805306514006;-6.043412218810959e-05;-3.70640841508739e-06;-0.001110197207603791;-5.148091890098224e-05;-9.760208826396794e-05;-1.544336839619746e-05;0.0
78;4;0.0;-3.5350790724762963e-07;0.0;0.0;0.0;0.0;4.079911405171096e-05;-0.0006188277523384005;-2.579151567276097e-06;-1.5465614618789303e-05;0.058512557403059356;-6.019186780052717e-05;-3.6560514628091718e-06;-0.0011057469047800546;-5.127455405230092e-05;-9.627602185397489e-05;-1.5233547761704885e-05;0.0
78;5;0.0;-3.556758703492415e-07;0.0;0.0;0.0;0.0;4.0453544108462225e-05;-0.0006104465468275633;-2.557306062013316e-06;-1.5334620314370144e-05;0.05801703978223715;-5.968212882398736e-05;-3.6064134997169743e-06;-0.0010963828109888047;-5.084033196117442e-05;-9.496888882588034e-05;-1.5026722915487394e-05;0.0
78;6;0.0;-2.710427649784248e-07;0.0;0.0;0.0;0.0;3.957504994363927e-05;-0.0006021903022296758;-2.5017712874303606e-06;-1.500161180392095e-05;0.056778571374432395;-5.84081163728786e-05;-3.5587849711617345e-06;-0.0010729787304054736;-4.97550620954151e-05;-9.371467090725902e-05;-1.4828270713173894e-05;0.0
78;7;0.0;-2.682284666209591e-07;0.0;0.0;0.0;0.0;3.907594080411076e-05;-0.0005942681288036251;-2.4702196680048703e-06;-1.4812415793564453e-05;0.056062465791554536;-5.7671458559772155e-05;-3.5117744831217807e-06;-0.001059446053542481;-4.912753877313924e-05;-9.247672805554023e-05;-1.4632393679674085e-05;0.0
78;8;0.0;-2.589663928964204e-07;0.0;0.0;0.0;0.0;3.848255521245831e-05;-0.0005864463994159374;-2.4327082804593044e-06;-1.45874826523887e-05;0.05521105708688194;-5.6795614425275457e-05;-3.4653572036181525e-06;-0.0010433564724050602;-4.838144932523465e-05;-9.12544063619447e-05;-1.443898834840897e-05;0.0
78;9;0.0;-2.426492445488008e-07;0.0;0.0;0.0;0.0;3.796258110913098e-05;-0.0005787181219861172;-2.3998376641552376e-06;-1.4390377414181362e-05;0.054465137916931285;-5.602828737514721e-05;-3.419586342458979e-06;-0.0010292603902990005;-4.7727800356606875e-05;-9.004910701808645e-05;-1.4248276426912411e-05;0.0
78;10;0.0;-2.300175749232491e-07;0.0;0.0;0.0;0.0;3.711719890928512e-05;-0.0005711027969306574;-2.3463960913084284e-06;-1.4069920570637418e-05;0.05325222832000416;-5.478056727278829e-05;-3.374408954146047e-06;-0.0010063393099001108;-4.666492767681965e-05;-8.885943579251259e-05;-1.4060037308941865e-05;0.0
78;11;0.0;-2.2480892976129973e-07;0.0;0.0;0.0;0.0;3.6753378471481326e-05;-0.0005635854238111145;-2.3233968651198543e-06;-1.393200809846018e-05;0.05273015189088328;-5.424350725015164e-05;-3.329793096273975e-06;-0.0009964733183731559;-4.620743210198102e-05;-8.76845515352147e-05;-1.3874137901141562e-05;0.0
78;12;0.0;-2.3597930721225402e-07;0.0;0.0;0.0;0.0;3.690389368517824e-05;-0.0005561552702377247;-2.332911815586996e-06;-1.3989063511142691e-05;0.05288989129835461;-5.440783117861739e-05;-3.282428543228927e-06;-0.0009994920097997862;-4.634741174474814e-05;-8.64372849716951e-05;-1.3676785596787198e-05;0.0
79;1;0.0;-3.0443945327005895e-07;0.0;0.0;0.0;0.0;3.650633033157662e-05;-0.0010291433279820935;-2.307779501556021e-06;-1.3838360199164809e-05;0.05229147997245849;-5.379224544766806e-05;-3.234064624405954e-06;-0.0009881834719275317;-4.5823023899865375e-05;-8.516370177602347e-05;-1.3475269268358144e-05;0.0
79;2;0.0;-3.1176118426232064e-07;0.0;0.0;0.0;0.0;3.627881982869697e-05;-0.001014062807292399;-2.2933972267514726e-06;-1.3752118381393865e-05;0.05196560029019232;-5.3457013018520845e-05;-3.1864209706842473e-06;-0.0009820251280439384;-4.5537455534295535e-05;-8.390908556135187e-05;-1.32767540445177e-05;0.0
79;3;0.0;-3.268083032936541e-07;0.0;0.0;0.0;0.0;3.6033205573450155e-05;-0.0009992071587488075;-2.277870507456483e-06;-1.3659014021046391e-05;0.05161379035851035;-5.3095106141799606e-05;-3.1394836710861364e-06;-0.0009753767646789852;-4.522916449116262e-05;-8.267307000526826e-05;-1.3081181962858901e-05;0.0
79;4;0.0;-3.04939225795238e-07;0.0;0.0;0.0;0.0;3.546964494053287e-05;-0.0009845724409391367;-2.24224453068156e-06;-1.3445386549823054e-05;0.050806547373908766;-5.226469528353995e-05;-3.093242287211633e-06;-0.0009601218096531782;-4.452177746375625e-05;-8.145538022990636e-05;-1.2888509530048471e-05;0.0
79;5;0.0;-2.928345416861463e-07;0.0;0.0;0.0;0.0;3.484235231529121e-05;-0.0009701534294192831;-2.202589680444317e-06;-1.3207600357140043e-05;0.04990803207152233;-5.134039259197502e-05;-3.0476856708518796e-06;-0.0009431420268748003;-4.373440850427501e-05;-8.025572266576619e-05;-1.2698690295216168e-05;0.0
79;6;0.0;-2.882566695844541e-07;0.0;0.0;0.0;0.0;3.438257666937728e-05;-0.0009559456719547613;-2.173524562112304e-06;-1.30333143924547e-05;0.04924668509420602;-5.066006495640973e-05;-3.0026575202777325e-06;-0.0009306441562362676;-4.3154870148052733e-05;-7.906998136731362e-05;-1.251107300115722e-05;0.0
79;7;0.0;-2.9352756842267556e-07;0.0;0.0;0.0;0.0;3.4016688589356265e-05;-0.0009419132330786969;-2.1503946281182036e-06;-1.289461814449104e-05;0.048722619448144905;-5.012095862630666e-05;-2.9582980637777723e-06;-0.0009207405732832631;-4.269563142240938e-05;-7.79018490128147e-05;-1.2326241932407386e-05;0.0
79;8;0.0;-2.7176008156427977e-07;0.0;0.0;0.0;0.0;3.3458899141517545e-05;-0.0009280883267356455;-2.1151334818398815e-06;-1.268317834146573e-05;0.04792360113819675;-4.9299008490863e-05;-2.9145725288731837e-06;-0.0009056410448691868;-4.199545167740181e-05;-7.675040992699385e-05;-1.2144052203638265e-05;0.0
79;9;0.0;-2.3738807899578652e-07;0.0;0.0;0.0;0.0;3.269620074337259e-05;-0.0009144501727117185;-2.066918837609095e-06;-1.2394064232734657e-05;0.04683121367315479;-4.817526950557434e-05;-2.8714874046466398e-06;-0.00088499754350981;-4.103819254178554e-05;-7.56158349890282e-05;-1.1964530852694333e-05;0.0
79;10;0.0;-2.3053063202840208e-07;0.0;0.0;0.0;0.0;3.2190559268735396e-05;-0.0009010094829803892;-2.034954270924206e-06;-1.220239202700726e-05;0.04610673579985132;-4.742999911730706e-05;-2.8289795989177007e-06;-0.0008713066504512704;-4.040333258140971e-05;-7.449646277149947e-05;-1.1787414995490421e-05;0.0
79;11;0.0;-2.3355956806241508e-07;0.0;0.0;0.0;0.0;3.186856998873575e-05;-0.000887743625504813;-2.014599437848551e-06;-1.208033638360421e-05;0.04564546536017361;-4.69554902160106e-05;-2.7870816609682158e-06;-0.0008625897461904168;-3.9999121295120135e-05;-7.339315040549637e-05;-1.1612840254034235e-05;0.0
79;12;0.0;-2.2314224875869498e-07;0.0;0.0;0.0;0.0;3.144220950468426e-05;-0.0008746590695673022;-1.9876466881081464e-06;-1.1918717017883096e-05;0.0450549417374953;-4.634801856536142e-05;-2.7469704642345165e-06;-0.0008514302669784911;-3.948164544456713e-05;-7.233688889150895e-05;-1.144571026764382e-05;0.0
80;1;0.0;-4.4406615289280083e-07;0.0;0.0;0.0;0.0;3.1167699767619414e-05;-0.0004920839511898449;-1.970293315736237e-06;-1.1814659321993693e-05;0.04454757815927063;-4.5826093652441696e-05;-2.7005296685674793e-06;-0.0008418423130226326;-3.903704274096885e-05;-7.111394793894364e-05;-1.12522069523645e-05;0.0
80;2;0.0;-4.033782832803487e-07;0.0;0.0;0.0;0.0;3.038993638202207e-05;-0.00048379351109335687;-1.9211263251885773e-06;-1.1519834567441238e-05;0.043435954285675864;-4.4682566173674767e-05;-2.6548759300622005e-06;-0.0008208352897089883;-3.806292674053776e-05;-6.99117328249713e-05;-1.1061983041925836e-05;0.0
80;3;0.0;-4.245483016832797e-07;0.0;0.0;0.0;0.0;2.9910206290599e-05;-0.0004756420403209326;-1.890799769185545e-06;-1.1337984522717666e-05;0.04275032276316739;-4.39772570264703e-05;-2.6100110774613414e-06;-0.000807878499449232;-3.746210783736358e-05;-6.873029170648201e-05;-1.0875046156088923e-05;0.0
80;4;0.0;-4.4216149302377574e-07;0.0;0.0;0.0;0.0;2.980743067531042e-05;-0.0004676332462455924;-1.8843027190556491e-06;-1.1299025636104403e-05;0.04260345732748197;-4.3826176552780706e-05;-2.5659172674395096e-06;-0.0008051030951918232;-3.7333409656072455e-05;-6.756915470924043e-05;-1.0691321947664625e-05;0.0
80;5;0.0;-4.2934177303315687e-07;0.0;0.0;0.0;0.0;2.9283970807775695e-05;-0.0004597632749118237;-1.8512117471279948e-06;-1.1100599058276421e-05;0.04185534651369193;-4.305659495863489e-05;-2.5225938716461533e-06;-0.0007909655962771444;-3.6677840149948236e-05;-6.642830528668205e-05;-1.0510807798525639e-05;0.0
80;6;0.0;-4.6667877738358724e-07;0.0;0.0;0.0;0.0;2.8764334500317786e-05;-0.0004520345710060018;-1.8183624848843355e-06;-1.0903621867475445e-05;0.04109093569998096;-4.227024555457041e-05;-2.4786992074875944e-06;-0.0007765200664839601;-3.6007986953893316e-05;-6.527241246383999e-05;-1.0327913364531642e-05;0.0
80;7;0.0;-4.4075788865970256e-07;0.0;0.0;0.0;0.0;2.8333755755209565e-05;-0.0004442022593822653;-1.7911430740933535e-06;-1.074040349644794e-05;0.040475843421082;-4.163750012726705e-05;-2.4355726243388164e-06;-0.0007648962986342392;-3.546898158989416e-05;-6.413674577425553e-05;-1.0148219268078405e-05;0.0
80;8;0.0;-4.23519824696638e-07;0.0;0.0;0.0;0.0;2.7995677612838543e-05;-0.0004365062757427756;-1.7697711695551114e-06;-1.0612249089606667e-05;0.03999286967353999;-4.1140665033170584e-05;-2.3931938797941727e-06;-0.0007557692539426892;-3.504575169492309e-05;-6.302077216791323e-05;-9.971641165809054e-06;0.0
80;9;0.0;-3.933018410528978e-07;0.0;0.0;0.0;0.0;2.7373825195758527e-05;-0.00042894208612733473;-1.7304602268200917e-06;-1.037652510255801e-05;0.03910445515097511;-4.02267530138081e-05;-2.3515288344302517e-06;-0.0007389803516610672;-3.426723404879949e-05;-6.192359263999664e-05;-9.79803681012605e-06;0.0
80;10;0.0;-3.854079214162312e-07;0.0;0.0;0.0;0.0;2.6875097184513467e-05;-0.00042149993629664285;-1.6989327007513428e-06;-1.0187473565513964e-05;0.038392026550680663;-3.949387771268521e-05;-2.310593535584459e-06;-0.000725517160944143;-3.364293286636147e-05;-6.084562977039076e-05;-9.627473064935247e-06;0.0
80;11;0.0;-3.465170343084934e-07;0.0;0.0;0.0;0.0;2.6212310942079958e-05;-0.0004141872315751483;-1.6570340905566503e-06;-9.936232899181843e-06;0.03744520640526775;-3.851988382909894e-05;-2.270367166769799e-06;-0.0007076245325641878;-3.281323437293613e-05;-5.9786335391604714e-05;-9.459863194874164e-06;0.0
80;12;0.0;-3.744197842281439e-07;0.0;0.0;0.0;0.0;2.5933141719722655e-05;-0.0004070003363791622;-1.6393861647594018e-06;-9.830408944256428e-06;0.03704414309799317;-2.5074810021600597e-05;-1.4678421308428758e-06;-0.00046063354706347753;-2.1360023351733838e-05;-3.865317611219574e-05;-6.116008878511984e-06;0.0
81;1;0.0;-5.112074093494203e-07;0.0;0.0;0.0;0.0;2.5652002298142177e-05;-0.0009580993788120311;-1.6216136911004552e-06;-9.723838151008267e-06;0.03657778110697245;-2.4759134253498578e-05;-1.4396773850999679e-06;-0.0004548344662864924;-2.1091114364091383e-05;-3.791150447429916e-05;-5.998655771249866e-06;0.0
81;2;0.0;-4.906699044888133e-07;0.0;0.0;0.0;0.0;2.5243165537856706e-05;-0.0009397761857034668;-1.5957687188367464e-06;-9.568861457922345e-06;0.0359948116797397;-2.4364528077899e-05;-1.4120547267853493e-06;-0.00044758540469029274;-2.07549683626547e-05;-3.718410780534754e-05;-5.883561361605622e-06;0.0
81;3;0.0;-4.96221686613732e-07;0.0;0.0;0.0;0.0;2.4860788153885244e-05;-0.0009218053851751873;-1.5715963991164961e-06;-9.423914652167003e-06;0.03544956826305651;-2.3995458261580318e-05;-1.38496346381201e-06;-0.00044080545547199395;-2.044057555616101e-05;-3.647070454704961e-05;-5.77068109921671e-06;0.0
81;4;0.0;-4.696808665756439e-07;0.0;0.0;0.0;0.0;2.44900134842835e-05;-0.0009041803220626757;-1.5481575551014622e-06;-9.28336605733228e-06;0.034920857186146445;-2.3637579020730665e-05;-1.3583970839895737e-06;-0.00043423108126971886;-2.01357154621039e-05;-3.577112321172545e-05;-5.659987849956558e-06;0.0
81;5;0.0;-4.5709316913630166e-07;0.0;0.0;0.0;0.0;2.396997953274984e-05;-0.0008868962454170618;-1.515283155440851e-06;-9.08623813262019e-06;0.03417935649509131;-2.3135664617962354e-05;-1.3323427716972671e-06;-0.0004250107277966417;-1.9708158748634597e-05;-3.508502632136138e-05;-5.55142821540528e-06;0.0
81;6;0.0;-2.5532307151197256e-07;0.0;0.0;0.0;0.0;2.3541642302959812e-05;-0.0008699429873451629;-1.4882054439950716e-06;-8.923869447005688e-06;0.033674184944432785;-2.279371904703711e-05;-1.3108978024090963e-06;-0.0004187290610122372;-1.941687178080939e-05;-3.452030879677287e-05;-5.462074176704567e-06;0.0
81;7;0.0;-2.490012616350484e-07;0.0;0.0;0.0;0.0;2.3156645487595395e-05;-0.0008559967775545759;-1.4638675346354492e-06;-8.777929700168526e-06;0.03312364761930325;-2.2421065837030175e-05;-1.2898360473409097e-06;-0.00041188328352470245;-1.9099426453766443e-05;-3.39656825799773e-05;-5.374316863920458e-06;0.0
81;8;0.0;-2.5962750437226987e-07;0.0;0.0;0.0;0.0;2.2928337343723388e-05;-0.0008422914283495749;-1.4494348362601107e-06;-8.691385522690058e-06;0.03279706751305647;-2.2200007028912795e-05;-1.2691152254339995e-06;-0.00040782235134595354;-1.891111709870349e-05;-3.342003426976199e-05;-5.287980105974998e-06;0.0
81;9;0.0;-2.3780542556080957e-07;0.0;0.0;0.0;0.0;2.2495481287920966e-05;-0.000828806533275923;-1.4220714632880215e-06;-8.527303897388963e-06;0.03217792085379549;-2.1780912846725633e-05;-1.2487271850582162e-06;-0.00040012343599910786;-1.8554110943507018e-05;-3.288314920653303e-05;-5.203029937742567e-06;0.0
81;10;0.0;-2.201801954566149e-07;0.0;0.0;0.0;0.0;2.212513436829265e-05;-0.0008155368475819568;-1.3986596598605109e-06;-8.386917448630105e-06;0.031648026832891696;-2.142223288291606e-05;-1.2286476632517079e-06;-0.000393534352219495;-1.8248568752113675e-05;-3.235438846562831e-05;-5.119365263548784e-06;0.0
81;11;0.0;-2.1155744910786227e-07;0.0;0.0;0.0;0.0;2.1805302413004827e-05;-0.0008024638786587563;-1.3784412039474719e-06;-8.265679576724702e-06;0.03119055271701214;-2.1112573228618344e-05;-1.2088914188890602e-06;-0.00038784578968128515;-1.798478460215637e-05;-3.1834140697411926e-05;-5.037047578704418e-06;0.0
81;12;0.0;-1.983643407054615e-07;0.0;0.0;0.0;0.0;2.155395514705605e-05;-0.0007896010879967409;-1.3625520673823811e-06;-8.17040201884138e-06;0.030887891381562334;-2.0907704797265727e-05;-1.1915560289125712e-06;-0.00038408228072014076;-1.7810267049522656e-05;-3.137764209469772e-05;-4.9648167871357145e-06;0.0
82;1;0.0;-3.039100304085521e-07;0.0;0.0;0.0;0.0;2.1447566340088046e-05;-0.00028700960533147295;-1.3558266061901506e-06;-8.130073489005305e-06;0.030671884617214706;-2.076149197854646e-05;-1.1720434497004807e-06;-0.000381396297087372;-1.768571538913217e-05;-3.086381084211266e-05;-4.883514373752004e-06;0.0
82;2;0.0;-3.150277473530862e-07;0.0;0.0;0.0;0.0;2.1283051875526565e-05;-0.00028231739559524355;-1.3454266808737448e-06;-8.067711416512762e-06;0.03043663577765241;-2.060225439153514e-05;-1.1528580307714005e-06;-0.00037847104363708994;-1.7550068555752156e-05;-3.0358594810313552e-05;-4.8035751282141685e-06;0.0
82;3;0.0;-3.0833730868114916e-07;0.0;0.0;0.0;0.0;2.0916214619146932e-05;-0.00027770417351378384;-1.3222367438685533e-06;-7.9286553667223e-06;0.02991209408710891;-2.0247197366623148e-05;-1.1340048839214616e-06;-0.0003719485145868549;-1.7247612571567865e-05;-2.9862128609931827e-05;-4.725020349672757e-06;0.0
82;4;0.0;-3.231336002365828e-07;0.0;0.0;0.0;0.0;2.0666408406720787e-05;-0.0002731695271052285;-1.3064450263455307e-06;-7.833961972011191e-06;0.029554852053536997;-2.000538380651866e-05;-1.1154572767247586e-06;-0.0003675063099271576;-1.7041623242589968e-05;-2.937370828708532e-05;-4.647738653019828e-06;0.0
82;5;0.0;-3.4345381977423523e-07;0.0;0.0;0.0;0.0;2.0513016054354055e-05;-0.00026870889974867594;-1.296748195048817e-06;-7.775815929816095e-06;0.029335414404964403;-1.985684865657635e-05;-1.0971976112586817e-06;-0.00036477766420969885;-1.691509330004652e-05;-2.889287042981196e-05;-4.5716567135778406e-06;0.0
82;6;0.0;-2.489499862879995e-07;0.0;0.0;0.0;0.0;1.9995080241197432e-05;-0.0002643192928651368;-1.2640064310350638e-06;-7.5794833409908305e-06;0.028626889802278916;-1.9377255438264573e-05;-1.0804469780791849e-06;-0.00035596735916219364;-1.6506550928892043e-05;-2.8451770422751876e-05;-4.501862408663271e-06;0.0
82;7;0.0;-2.5416700132402703e-07;0.0;0.0;0.0;0.0;1.9816718023957218e-05;-0.0002602924648825715;-1.252731107959301e-06;-7.511872036713644e-06;0.028371514868943654;-1.920439469963927e-05;-1.0639516658644778e-06;-0.000352791843371151;-1.6359299188581598e-05;-2.8017393867764588e-05;-4.433131941101991e-06;0.0
82;8;0.0;-2.648725171488133e-07;0.0;0.0;0.0;0.0;1.9675677937870467e-05;-0.0002563261035440211;-1.2438151359453415e-06;-7.458408336142747e-06;0.02816960438807056;-1.906772351424108e-05;-1.047713278832468e-06;-0.00035028114307642866;-1.6242875586205365e-05;-2.7589783009255e-05;-4.365471995135284e-06;0.0
82;9;0.0;-2.5553996262137833e-07;0.0;0.0;0.0;0.0;1.9373195710331454e-05;-0.00025242177709883305;-1.2246934581990645e-06;-7.343747180652407e-06;0.02773659466891939;-1.877462356544484e-05;-1.0317346014854393e-06;-0.0003448967884615052;-1.5993197852045607e-05;-2.7169011172449908e-05;-4.298894172855998e-06;0.0
82;10;0.0;-2.477577903520623e-07;0.0;0.0;0.0;0.0;1.9121919750734523e-05;-0.0002485791751380395;-1.2088088293271772e-06;-7.248496652683414e-06;0.0273768548158502;-1.853111925630084e-05;-1.0160011993931496e-06;-0.00034042352411574876;-1.5785768255367382e-05;-2.6754698250686276e-05;-4.233338330804791e-06;0.0
82;11;0.0;-2.5711048008892824e-07;0.0;0.0;0.0;0.0;1.9048928727612506e-05;-0.00024479468677417665;-1.2041946381600938e-06;-7.220828134371828e-06;0.02727232790594469;-1.84603660362549e-05;-1.0005060586311557e-06;-0.0003391237612586085;-1.5725496993846765e-05;-2.6346659543953775e-05;-4.168775244296483e-06;0.0
82;12;0.0;-2.585562744749308e-07;0.0;0.0;0.0;0.0;1.8941317106532612e-05;-0.00024106630547222812;-1.1973918757076162e-06;-7.1800360755537024e-06;0.027091725560209574;-1.8338118114450257e-05;-9.842998436673315e-07;-0.00033687802165804914;-1.562135987527244e-05;-2.5919895883239735e-05;-4.1012493486138826e-06;0.0
83;1;0.0;-2.774683776957083e-07;0.0;0.0;0.0;0.0;1.8837078120511392e-05;-0.00035384036799208473;-1.1908023173209524e-06;-7.140522472782468e-06;0.02693503176612685;-1.8232053652173603e-05;-9.680853555977262e-07;-0.0003349295782028928;-1.5531008666666405e-05;-2.549291436407346e-05;-4.033688981657192e-06;0.0
83;2;0.0;-2.445784051125924e-07;0.0;0.0;0.0;0.0;1.8507463877209462e-05;-0.00034802811465479007;-1.1699654655419846e-06;-7.015576454265732e-06;0.026463732049618823;-1.7913035587066483e-05;-9.521444691706934e-07;-0.00032906909819203613;-1.5259252537130707e-05;-2.5073137688161598e-05;-3.967268621544556e-06;0.0
83;3;0.0;-2.510813382803246e-07;0.0;0.0;0.0;0.0;1.8328936920025603e-05;-0.0003423137268460078;-1.1586797282870484e-06;-6.947902702444278e-06;0.0262084711704526;-1.774025205056766e-05;-9.364737027061857e-07;-0.00032589500063265033;-1.5112066561594673e-05;-2.4660474171262894e-05;-3.9019737612757745e-06;0.0
83;4;0.0;-2.394605572714224e-07;0.0;0.0;0.0;0.0;1.80388191547635e-05;-0.00033669503543980563;-1.1403396808041056e-06;-6.837928511683146e-06;0.025793648414171883;-1.7459462675068807e-05;-9.210656929435309e-07;-0.0003207367958086714;-1.4872875612095648e-05;-2.425472991417965e-05;-3.837773720598046e-06;0.0
83;5;0.0;-2.3582281829121946e-07;0.0;0.0;0.0;0.0;1.7824837772292617e-05;-0.00033116835938369865;-1.1268126611421544e-06;-6.756815142586553e-06;0.02548768161944738;-1.7252356811387735e-05;-9.059147509990663e-07;-0.0003169321843869747;-1.4696452098589552e-05;-2.3855755109642086e-05;-3.7746447958294433e-06;0.0
83;6;0.0;-1.681526444447943e-07;0.0;0.0;0.0;0.0;1.7659328666174905e-05;-0.00032573274013363083;-1.116349858692549e-06;-6.694076033892366e-06;0.025290098290832518;-1.711861463208162e-05;-8.923959508870637e-07;-0.0003144752910189809;-1.4582523575476937e-05;-2.3499760040026012e-05;-3.7183164620294325e-06;0.0
83;7;0.0;-1.724884665070246e-07;0.0;0.0;0.0;0.0;1.7535853152463194e-05;-0.00032088369561259075;-1.1085442464357206e-06;-6.647270490333209e-06;0.025113272877824694;-1.6998923278270757e-05;-8.790817909118202e-07;-0.0003122765165193442;-1.4480564274082497e-05;-2.31491538273446e-05;-3.662840795465918e-06;0.0
83;8;0.0;-1.6488349166682864e-07;0.0;0.0;0.0;0.0;1.7371231042545217e-05;-0.0003161081377207099;-1.098137516224248e-06;-6.584867612993851e-06;0.024877511583366728;-1.6839338815665105e-05;-8.65966970276166e-07;-0.0003093448908359219;-1.4344621954085087e-05;-2.280379688393904e-05;-3.608195709484025e-06;0.0
83;9;0.0;-1.6857478564899005e-07;0.0;0.0;0.0;0.0;1.7234498241158503e-05;-0.0003114046904449867;-1.0894938329680966e-06;-6.533036663691517e-06;0.024681703914991374;-1.670679856301851e-05;-8.530481338487749e-07;-0.00030691007730582144;-1.4231717294423173e-05;-2.2463600858017744e-05;-3.554367224369896e-06;0.0
83;10;0.0;-1.6654178883619027e-07;0.0;0.0;0.0;0.0;1.7020765266518076e-05;-0.0003067717499967499;-1.0759825166237329e-06;-6.452017457908599e-06;0.02437559627023146;-1.6499597359356976e-05;-8.403169244435757e-07;-0.00030310371445337254;-1.4055212565378162e-05;-2.2128345677014166e-05;-3.501320518514899e-06;0.0
83;11;0.0;-1.763534918877583e-07;0.0;0.0;0.0;0.0;1.693817439598129e-05;-0.00030220575075444694;-1.0707614627322769e-06;-6.4207099502717105e-06;0.024257324814543853;-1.641954059371659e-05;-8.277771316634808e-07;-0.0003016330420179047;-1.398701606131413e-05;-2.1798131133805e-05;-3.4490713819311704e-06;0.0
83;12;0.0;-1.5938881984627719e-07;0.0;0.0;0.0;0.0;1.6782534385314668e-05;-0.0002977091693354079;-1.0609225437564159e-06;-6.361711894059426e-06;0.024028257065971746;-1.6264486925385614e-05;-8.15223698948307e-07;-0.0002987846487033801;-1.3854933306809966e-05;-2.1467557405638756e-05;-3.3967654122846134e-06;0.0
84;1;0.0;-1.884780425488131e-07;0.0;0.0;0.0;0.0;1.6774555779021928e-05;-0.000520441436787705;-1.0604181692031227e-06;-6.358687464412199e-06;0.024004165196079633;-1.6248179379574343e-05;-8.024435268103455e-07;-0.00029848507304699524;-1.3841041693711475e-05;-2.1131012872672436e-05;-3.3435146950431062e-06;0.0
84;2;0.0;-1.6931571843908022e-07;0.0;0.0;0.0;0.0;1.643200541741644e-05;-0.0005123092144900188;-1.0387635494266733e-06;-6.228837784995074e-06;0.0235140139058681;-1.591640087274306e-05;-7.898701903988751e-07;-0.0002923901789955762;-1.3558415558262605e-05;-2.079991501383705e-05;-3.2911257933286467e-06;0.0
84;3;0.0;-1.6794476549033687e-07;0.0;0.0;0.0;0.0;1.625745672524916e-05;-0.0005043114778281729;-1.027729301663385e-06;-6.162672063801929e-06;0.023264227887166505;-1.5747323214544135e-05;-7.774897664511838e-07;-0.000289284159793107;-1.3414386442019076e-05;-2.047389718321451e-05;-3.239540693546599e-06;0.0
84;4;0.0;-1.7722246829679915e-07;0.0;0.0;0.0;0.0;1.6192304866447734e-05;-0.0004964360953060163;-1.023610670103747e-06;-6.137975117229913e-06;0.023171000017263365;-1.56842182016854e-05;-7.653083191204722e-07;-0.0002881248973346651;-1.3360630319954228e-05;-2.0153119070172438e-05;-3.188784663001968e-06;0.0
84;5;0.0;-1.7486035483392536e-07;0.0;0.0;0.0;0.0;1.592784889041644e-05;-0.0004886898182387424;-1.006892855001386e-06;-6.037728474527039e-06;0.022792588073159266;-1.5428074940840773e-05;-7.53321535545939e-07;-0.00028341945076507493;-1.3142434208864363e-05;-1.983746710270973e-05;-3.1388397314414127e-06;0.0
84;6;0.0;-3.2661029854795573e-07;0.0;0.0;0.0;0.0;1.5627197500486896e-05;-0.00048106821723242424;-9.87886915250888e-07;-5.923761329913057e-06;0.022271149533341944;-1.5075118407623826e-05;-7.3849956151429e-07;-0.0002769355085252377;-1.2841767532420297e-05;-1.9447155119876307e-05;-3.0770815063095416e-06;0.0
84;7;0.0;-3.050715545029268e-07;0.0;0.0;0.0;0.0;1.5275665920014713e-05;-0.0004716364064021666;-9.656645398931108e-07;-5.790507163093992e-06;0.0217701580814858;-1.4736002303776923e-05;-7.239645334170981e-07;-0.0002707058200990131;-1.2552890851365525e-05;-1.9064399379983585e-05;-3.016518889237909e-06;0.0
84;8;0.0;-3.0858352354805043e-07;0.0;0.0;0.0;0.0;1.5040511727519468e-05;-0.00046238559302370143;-9.507990625850265e-07;-5.701367871674219e-06;0.021435006234002078;-1.4509141369733668e-05;-7.097081118194514e-07;-0.0002665383007180703;-1.2359638944587937e-05;-1.8688980277912224e-05;-2.9571171325810476e-06;0.0
84;9;0.0;-3.1945862543222203e-07;0.0;0.0;0.0;0.0;1.4831395422082258e-05;-0.0004533107203360549;-9.375795930095898e-07;-5.622098694743125e-06;0.021136953853123343;-1.4307392693640659e-05;-6.957271649303565e-07;-0.00026283210281650987;-1.218777896124945e-05;-1.8320815343166058e-05;-2.898863187209819e-06;0.0
84;10;0.0;-3.306487600132209e-07;0.0;0.0;0.0;0.0;1.4719944154274407e-05;-0.0004444128843879971;-9.305341039414398e-07;-5.579851150972762e-06;0.02097811769767348;-1.41998780883782e-05;-6.820202113624626e-07;-0.00026085701969761433;-1.2096192445655503e-05;-1.7959865565878187e-05;-2.841750880676928e-06;0.0
84;11;0.0;-3.2506771631360305e-07;0.0;0.0;0.0;0.0;1.4376719014739747e-05;-0.0004356895259288472;-9.088368274898634e-07;-5.449745685231635e-06;0.02048895273467727;-1.3868767216575696e-05;-6.685775902249566e-07;-0.00025477439034894613;-1.181413503634226e-05;-1.7605876542590524e-05;-2.785739959270652e-06;0.0
84;12;0.0;-3.2019169372573853e-07;0.0;0.0;0.0;0.0;1.416978353024512e-05;-0.00042713388801199646;-8.957552204117564e-07;-5.371303186453597e-06;0.020193769636657834;-1.3668960729357321e-05;-6.553952266068292e-07;-0.00025110387117634187;-1.1643929510193274e-05;-1.725874096731317e-05;-2.7308134441951223e-06;0.0
85;1;0.0;-2.5897881546510404e-07;0.0;0.0;0.0;0.0;1.403855950335422e-05;-0.0003650008015238164;-8.874597791384242e-07;-5.32156043404853e-06;0.020032930213434236;-1.35600901321715e-05;-6.433112418026304e-07;-0.000249103877983595;-1.1551187890368315e-05;-1.694052936746927e-05;-2.68046350751096e-06;0.0
85;2;0.0;-2.6065403861437823e-07;0.0;0.0;0.0;0.0;1.3898924011549134e-05;-0.0003583030836350952;-8.786325997766372e-07;-5.268629169398386e-06;0.019833667626948392;-1.3425211280005096e-05;-6.314513824612815e-07;-0.0002466261035141677;-1.1436291090374714e-05;-1.662821973814708e-05;-2.631047426922006e-06;0.0
85;3;0.0;-2.4860462473958256e-07;0.0;0.0;0.0;0.0;1.3525696270963318e-05;-0.00035173015430209673;-8.550386827405281e-07;-5.127150695291675e-06;0.019301084986439076;-1.3064711416470742e-05;-6.198091144654691e-07;-0.00024000358750257366;-1.1129198614030632e-05;-1.6321640014257356e-05;-2.5825379769394548e-06;0.0
85;4;0.0;-2.468306979039226e-07;0.0;0.0;0.0;0.0;1.3361459973554808e-05;-0.00034527671860708973;-8.446563420032293e-07;-5.0648940669022085e-06;0.019066713451902032;-1.2906067668457966e-05;-6.083798812414562e-07;-0.00023708924309463525;-1.0994057643501231e-05;-1.6020670206025018e-05;-2.5349161718394007e-06;0.0
85;5;0.0;-2.432590555509842e-07;0.0;0.0;0.0;0.0;1.320859609119257e-05;-0.0003389402937167686;-8.349929183986194e-07;-5.006948350464595e-06;0.018848575870452453;-1.275841252095056e-05;-5.971613950254116e-07;-0.00023437676334783252;-1.0868277332661588e-05;-1.572525006900251e-05;-2.488172479272549e-06;0.0
85;6;0.0;-2.4686527425695993e-07;0.0;0.0;0.0;0.0;1.3095580728198105e-05;-0.00033272057042399764;-8.278485536895227e-07;-4.964107909178059e-06;0.018684605369740502;-1.2647422528723646e-05;-5.860654520717913e-07;-0.0002323378360832196;-1.0773730302246069e-05;-1.5433056904557173e-05;-2.441939383632464e-06;0.0
85;7;0.0;-2.2931491957278325e-07;0.0;0.0;0.0;0.0;1.2794014915128604e-05;-0.00032656846796132676;-8.087848078829523e-07;-4.84979413654997e-06;0.018254351427953584;-1.2356187938067501e-05;-5.751769037622101e-07;-0.00022698774878820296;-1.0525641576872316e-05;-1.5146325132404868e-05;-2.396570432342542e-06;0.0
85;8;0.0;-2.1758198736277527e-07;0.0;0.0;0.0;0.0;1.2524916881428802e-05;-0.000320531942907252;-7.91773541057695e-07;-4.7477878410554094e-06;0.017870385835771038;-1.2096285468375058e-05;-5.644864735939404e-07;-0.00022221324415977882;-1.0304243176763938e-05;-1.4864810471307099e-05;-2.352026973308085e-06;0.0
85;9;0.0;-2.0092323423275368e-07;0.0;0.0;0.0;0.0;1.2238973447554849e-05;-0.0003146017484358017;-7.736973775730275e-07;-4.6393960032948446e-06;0.017462394581672015;-1.1820120268387972e-05;-5.539915637377105e-07;-0.00021713998715260863;-1.00689913397379e-05;-1.4588444511759715e-05;-2.3082981822404608e-06;0.0
85;10;0.0;-1.9947521371116342e-07;0.0;0.0;0.0;0.0;1.2050078146407072e-05;-0.0003087769679062812;-7.617561964143169e-07;-4.567791950149256e-06;0.01719287629480194;-1.1637686035188485e-05;-5.436914842292934e-07;-0.00021378860272049956;-9.913584400345747e-06;-1.431720908470473e-05;-2.2653811842887225e-06;0.0
85;11;0.0;-1.9527899709949561e-07;0.0;0.0;0.0;0.0;1.1833917102091096e-05;-0.00030305881289012423;-7.480913875283944e-07;-4.485852342275694e-06;0.0168844624838062;-1.1428923810663576e-05;-5.335824429401481e-07;-0.00020995356333663458;-9.735749912787491e-06;-1.4051004330757237e-05;-2.223260178917284e-06;0.0
85;12;0.0;-1.8868667316851372e-07;0.0;0.0;0.0;0.0;1.1584985797898837e-05;-0.00029744549024433647;-7.323549780922041e-07;-4.391490596765472e-06;0.016528257255167624;-1.1187812053450413e-05;-5.236194256116814e-07;-0.00020552425105597793;-9.530358415902203e-06;-1.3788644874440945e-05;-2.181747606715339e-06;0.0
86;1;0.0;-4.780749894604925e-07;0.0;0.0;0.0;0.0;1.1356839491753247e-05;-0.00021639529055270828;-7.179325104298463e-07;-4.305007766695292e-06;0.016021631337941676;-1.084488203633934e-05;-5.081021702018925e-07;-0.0001992244996305301;-9.23823284577055e-06;-1.3380023815316505e-05;-2.117092375841219e-06;0.0
86;2;0.0;-4.2451161383806023e-07;0.0;0.0;0.0;0.0;1.0992276164057562e-05;-0.00020999362065962692;-6.948863218090352e-07;-4.166813689168541e-06;0.015507328443541586;-1.0496755550148864e-05;-4.930457064373026e-07;-0.0001928292871434754;-8.941680653830514e-06;-1.2983536936182305e-05;-2.054357110155428e-06;0.0
86;3;0.0;-4.4336145402722676e-07;0.0;0.0;0.0;0.0;1.0735455583537954e-05;-0.00020378150889899097;-6.786511848911999e-07;-4.069461376089983e-06;0.015145014651560224;-1.0251508967494599e-05;-4.78435427091662e-07;-0.0001883240165880489;-8.73276689823614e-06;-1.2598799580080435e-05;-1.9934809462152588e-06;0.0
86;4;0.0;-4.88278050302175e-07;0.0;0.0;0.0;0.0;1.0605510207497417e-05;-0.0001977527055609724;-6.704365746462213e-07;-4.020203318554972e-06;0.01496170062163579;-1.012742553377905e-05;-4.6426100264942306e-07;-0.00018604455795386696;-8.627066195441412e-06;-1.222553973643481e-05;-1.934420844372596e-06;0.0
86;5;0.0;-5.27912187354505e-07;0.0;0.0;0.0;0.0;1.0460808142479167e-05;-0.00019190504688836908;-6.612891074412502e-07;-3.965351481103826e-06;0.0147575701517916;-9.989251660046215e-06;-4.5051010074112124e-07;-0.000183506252717886;-8.509362525224552e-06;-1.186343265284953e-05;-1.877125419754672e-06;0.0
86;6;0.0;-1.8379489405273524e-07;0.0;0.0;0.0;0.0;1.0184118779003603e-05;-0.00018623364656670968;-6.437979480853842e-07;-3.8604675598694695e-06;0.01453753459332973;-9.840311790878962e-06;-4.423501834198083e-07;-0.00018077017215836904;-8.382487821859856e-06;-1.1648554830054953e-05;-1.8431257642492012e-06;0.0
86;7;0.0;-1.801550274704298e-07;0.0;0.0;0.0;0.0;1.0064800311801294e-05;-0.0001828729757429762;-6.362551271481507e-07;-3.815237817176608e-06;0.014367296686926356;-9.725079454413581e-06;-4.3435796143400787e-07;-0.00017865331145885686;-8.284326942648605e-06;-1.1438092984428875e-05;-1.8098248393083662e-06;0.0
86;8;0.0;-1.7178306988284996e-07;0.0;0.0;0.0;0.0;9.875182385203102e-06;-0.00017958034553473154;-6.242682645915395e-07;-3.7433598402709184e-06;0.014096633013153993;-9.541869920273805e-06;-4.265130632498767e-07;-0.00017528768446132618;-8.128259561714723e-06;-1.1231510665580089e-05;-1.777137763541153e-06;0.0
86;9;0.0;-1.6387138715574604e-07;0.0;0.0;0.0;0.0;9.726856324402839e-06;-0.00017634781782146925;-6.148917033334687e-07;-3.687134264113738e-06;0.013884898336869645;-9.398548835243693e-06;-4.1880716994823923e-07;-0.0001726548230474397;-8.006171230022405e-06;-1.1028588808636968e-05;-1.7450298747843302e-06;0.0
86;10;0.0;-1.6338271448440906e-07;0.0;0.0;0.0;0.0;9.552388223128007e-06;-0.00017317198179275532;-6.038625501937132e-07;-3.6209990923017087e-06;0.013635780928116039;-9.229923752432466e-06;-4.1122399587222406e-07;-0.00016955711782246308;-7.862527640960989e-06;-1.0828898557968568e-05;-1.7134333161342667e-06;0.0
86;11;0.0;-1.5570968519756578e-07;0.0;0.0;0.0;0.0;9.426435073826872e-06;-0.00017004763172106296;-5.959003120428639e-07;-3.57325435782916e-06;0.013455986924617327;-9.108222989404222e-06;-4.0377835762860417e-07;-0.0001673214297312776;-7.758856620603598e-06;-1.0632830084219911e-05;-1.6824098234525175e-06;0.0
86;12;0.0;-1.544802112672277e-07;0.0;0.0;0.0;0.0;9.249246676557636e-06;-0.00016697998552913154;-5.846991930200129e-07;-3.5060880104517706e-06;0.01321685279774825;-8.946355490267813e-06;-3.9684467840036466e-07;-0.00016434786382121613;-7.620969491709619e-06;-1.0450243197876273e-05;-1.653519493334853e-06;0.0
87;1;0.0;-1.5922612378692508e-07;0.0;0.0;0.0;0.0;9.08763334825767e-06;-0.00019656257143869368;-5.744826655618613e-07;-3.4448256641768185e-06;0.012979430999040517;-8.785647048940537e-06;-3.898300058458795e-07;-0.00016139559023238908;-7.484069708356752e-06;-1.0265523487274829e-05;-1.624291691024498e-06;0.0
87;2;0.0;-1.6563520452200567e-07;0.0;0.0;0.0;0.0;8.951880067167519e-06;-0.00019308847111968006;-5.659009035352945e-07;-3.3933660190993443e-06;0.012785537583440256;-8.654402534854875e-06;-3.82938760326177e-07;-0.0001589845798995562;-7.372268825987484e-06;-1.0084054021922663e-05;-1.5955781680257373e-06;0.0
87;3;0.0;-1.5672449667801183e-07;0.0;0.0;0.0;0.0;8.781294206041712e-06;-0.00018967536395468894;-5.551171695914611e-07;-3.328702478017491e-06;0.012541895253919825;-8.48948347842579e-06;-3.76168805455285e-07;-0.0001559549557518219;-7.23178222236271e-06;-9.90577854365584e-06;-1.567370022730354e-06;0.0
87;4;0.0;-1.5773527727091788e-07;0.0;0.0;0.0;0.0;8.684338593064368e-06;-0.00018632225549613957;-5.489880359820943e-07;-3.2919497646243623e-06;0.01240344519442622;-8.395768017655164e-06;-3.6952467065369507e-07;-0.00015423336802803563;-7.151950533558103e-06;-9.730816327213971e-06;-1.5396861277237295e-06;0.0
87;5;0.0;-1.5072354680933407e-07;0.0;0.0;0.0;0.0;8.527423175284399e-06;-0.00018303417166828993;-5.390684910335436e-07;-3.232468243137021e-06;0.01217930855076088;-8.244052164924531e-06;-3.629929540991068e-07;-0.0001514462916223173;-7.02271110345423e-06;-9.558814457943148e-06;-1.512470642079612e-06;0.0
87;6;0.0;-1.9427361092828503e-07;0.0;0.0;0.0;0.0;8.337281570036269e-06;-0.0001797991670909592;-5.270485236744843e-07;-3.1603917567202232e-06;0.011874234096484053;-8.037550317569092e-06;-3.555803911984823e-07;-0.00014765277620423217;-6.846802122373669e-06;-9.363616968226703e-06;-1.4815849633270097e-06;0.0
87;7;0.0;-1.7293110102500306e-07;0.0;0.0;0.0;0.0;8.09800876532253e-06;-0.00017612838914556533;-5.11922684704015e-07;-3.0696912336213803e-06;0.011533415820035016;-7.806853834423501e-06;-3.4831051054049265e-07;-0.0001434147963657058;-6.65028289599039e-06;-9.17217677756631e-06;-1.4512937939187195e-06;0.0
87;8;0.0;-1.8219743970086913e-07;0.0;0.0;0.0;0.0;7.958105715288498e-06;-0.00017252718589973686;-5.03078591415503e-07;-3.0166585463655456e-06;0.0113341598017229;-7.671979428188214e-06;-3.4118886817603835e-07;-0.00014093710356967977;-6.53538988327144e-06;-8.984640195302346e-06;-1.4216202840668266e-06;0.0
87;9;0.0;-1.631282451020369e-07;0.0;0.0;0.0;0.0;7.784144950761352e-06;-0.0001689993794432893;-4.920815100105961e-07;-2.9507156893820127e-06;0.011086435651355081;-7.5042974280457405e-06;-3.3422127563768675e-07;-0.00013785672312261805;-6.392549660927853e-06;-8.801160258459087e-06;-1.3925886484903617e-06;0.0
87;10;0.0;-1.6102203482414761e-07;0.0;0.0;0.0;0.0;7.667773782377925e-06;-0.00016554865322766438;-4.847250051379302e-07;-2.906603171627946e-06;0.010920701296498702;-7.392113500587006e-06;-3.273977403182793e-07;-0.00013579586282559832;-6.296985574574117e-06;-8.621473828381358e-06;-1.364157251326164e-06;0.0
87;11;0.0;-1.47554019212122e-07;0.0;0.0;0.0;0.0;7.500752093110456e-06;-0.00016216927707075654;-4.7416658342570125e-07;-2.84329069195214e-06;0.010682824500275676;-7.231097075991603e-06;-3.2071414880667175e-07;-0.00013283793147006795;-6.1598234351039575e-06;-8.445472585242357e-06;-1.3363089533611323e-06;0.0
87;12;0.0;-1.357287284677202e-07;0.0;0.0;0.0;0.0;7.32911614622478e-06;-0.00015885918679048777;-4.633164673949943e-07;-2.7782290975778e-06;0.01043345562047995;-7.062301774946674e-06;-3.140454468683117e-07;-0.00012973709927309443;-6.016034845324944e-06;-8.269863434198878e-06;-1.3085226952846326e-06;0.0
88;1;0.0;-8.837352451761454e-08;0.0;0.0;0.0;0.0;7.215054387099992e-06;-0.00013396673604567448;-4.5610595384217295e-07;-2.734992001617105e-06;0.010297847604750943;-6.970510065179865e-06;-3.0831481129165787e-07;-0.00012805085156774863;-5.93784190737544e-06;-8.118956697346993e-06;-1.2846450470485748e-06;0.0
88;2;0.0;-7.602664632610638e-08;0.0;0.0;0.0;0.0;7.041442689328103e-06;-0.0001315265396226376;-4.4513093899654896e-07;-2.669181464465474e-06;0.010050059900615593;-6.80278504612769e-06;-3.0268934173001853e-07;-0.00012496968084738273;-5.794965039293957e-06;-7.970819332223824e-06;-1.2612055905417441e-06;0.0
88;3;0.0;-7.330808555748722e-08;0.0;0.0;0.0;0.0;6.917278316419774e-06;-0.00012913049486250523;-4.3728177990499414e-07;-2.6221147968326916e-06;0.009872844337157537;-6.682829603378565e-06;-2.9716700293594773e-07;-0.00012276605493613955;-5.692780773248406e-06;-7.825397743979959e-06;-1.238195845566449e-06;0.0
88;4;0.0;-7.904124194738328e-08;0.0;0.0;0.0;0.0;6.820641417985212e-06;-0.00012677843888849504;-4.3117279411333453e-07;-2.5854828977368007e-06;0.009734918689511159;-6.5894691117432075e-06;-2.9174667001332266e-07;-0.00012105098812683818;-5.613251465559028e-06;-7.68266231035083e-06;-1.215611125055511e-06;0.0
88;5;0.0;-8.497040105967977e-08;0.0;0.0;0.0;0.0;6.756914160277415e-06;-0.0001244707527998962;-4.271442199539312e-07;-2.5613259710159935e-06;0.00964395845649775;-6.527899039618761e-06;-2.8642539994078704e-07;-0.00011991992309818169;-5.560802885601167e-06;-7.54253553177406e-06;-1.193439166419946e-06;0.0
88;6;0.0;-1.9249350501864516e-07;0.0;0.0;0.0;0.0;6.633389007122504e-06;-0.00012220606034933724;-4.193354696964205e-07;-2.5145016107615173e-06;0.009363429623424496;-6.338011877799806e-06;-2.781051633365243e-07;-0.00011643162560698902;-5.399047155162797e-06;-7.323435967861809e-06;-1.1587715139021849e-06;0.0
88;7;0.0;-1.9826605995380104e-07;0.0;0.0;0.0;0.0;6.500759275976211e-06;-0.0001186617799248041;-4.1095116560295876e-07;-2.4642260016808297e-06;0.00917620324697124;-6.2112802158423625e-06;-2.7002450368727815e-07;-0.0001141035180391782;-5.291090554236085e-06;-7.110645263764993e-06;-1.1251020986969923e-06;0.0
88;8;0.0;-1.9383916502521404e-07;0.0;0.0;0.0;0.0;6.3196312064465544e-06;-0.00011521956879052017;-3.995009967631892e-07;-2.395566252931372e-06;0.008920533240262499;-6.038219745001282e-06;-2.6217912013248926e-07;-0.00011092433309335688;-5.143668671667758e-06;-6.904050163488886e-06;-1.0924130005520387e-06;0.0
88;9;0.0;-2.0118094685808056e-07;0.0;0.0;0.0;0.0;6.14432022406128e-06;-0.00011187796452857178;-3.884185601591343e-07;-2.3291115723572894e-06;0.008673071032093721;-5.870715050913919e-06;-2.545604852196773e-07;-0.00010784720982419641;-5.00097948781556e-06;-6.703426110784837e-06;-1.0606686884153223e-06;0.0
88;10;0.0;-1.6789958984276925e-07;0.0;0.0;0.0;0.0;5.90990472509782e-06;-0.00010863280283708025;-3.7359978000672397e-07;-2.2402522955836542e-06;0.008342169819951907;-5.646731329427245e-06;-2.471604198036685e-07;-0.00010373254590355236;-4.810178539882469e-06;-6.508557721496604e-06;-1.0298350825152854e-06;0.0
88;11;0.0;-1.5812332911286843e-07;0.0;0.0;0.0;0.0;5.746536478241381e-06;-0.00010548009717114743;-3.632723138419223e-07;-2.1783247168713676e-06;0.008111552561396111;-5.490628813283414e-06;-2.3997374004124003e-07;-0.00010086488486624344;-4.677202322426611e-06;-6.319308487752656e-06;-9.998905835051668e-07;0.0
88;12;0.0;-1.4785111624267345e-07;0.0;0.0;0.0;0.0;5.595453317409062e-06;-0.00010241733186646772;-3.5372146010142634e-07;-2.1210540139374828e-06;0.00789522675122029;-5.3442000356335025e-06;-2.3289820607066783e-07;-9.817493398793396e-05;-4.552466697021132e-06;-6.132986093194254e-06;-9.70409191961116e-07;0.0
89;1;0.0;-1.7148843918241359e-07;0.0;0.0;0.0;0.0;5.501394056954963e-06;-9.82952484672812e-05;-3.477754219421284e-07;-2.0853992134026553e-06;0.007762509649441914;-5.254365156610737e-06;-2.260313827113879e-07;-9.652463398810835e-05;-4.475940688964702e-06;-5.952159744733216e-06;-9.417974279641164e-07;0.0
89;2;0.0;-1.5603177455326266e-07;0.0;0.0;0.0;0.0;5.3343949892787395e-06;-9.539891833090534e-05;-3.3721843027351363e-07;-2.022095308834922e-06;0.007526868978802776;-5.094862343061811e-06;-2.1936660829600711e-07;-9.359450822809845e-05;-4.340067921867468e-06;-5.776654018461522e-06;-9.140275345666965e-07;0.0
89;3;0.0;-1.5405044919670058e-07;0.0;0.0;0.0;0.0;5.173925208300085e-06;-9.25879969183274e-05;-3.270741931563306e-07;-1.9612664440847736e-06;0.007300452486862796;-4.941603283832558e-06;-2.1289851489505698e-07;-9.077908254744252e-05;-4.209513908449956e-06;-5.606327558903169e-06;-8.870771453960707e-07;0.0
89;4;0.0;-1.432104405094403e-07;0.0;0.0;0.0;0.0;5.014341575112321e-06;-8.985982247437243e-05;-3.1698597464437564e-07;-1.9007734890853087e-06;0.00707527780669611;-4.789184794574529e-06;-2.0661989073568555e-07;-8.797909844848025e-05;-4.079675936119044e-06;-5.440990456039721e-06;-8.609162113986899e-07;0.0
89;5;0.0;-1.3701318643300395e-07;0.0;0.0;0.0;0.0;4.864774829881316e-06;-8.7211712313211e-05;-3.0753098243827027e-07;-1.8440776098905413e-06;0.006864206204065482;-4.646312537469883e-06;-2.0051940246269794e-07;-8.535448216981712e-05;-3.957969939326196e-06;-5.280344264851047e-06;-8.354975102612415e-07;0.0
89;6;0.0;-1.385190165328921e-07;0.0;0.0;0.0;0.0;4.756677695423974e-06;-8.463827558487732e-05;-3.006975278343211e-07;-1.8031015087724184e-06;0.006711676148922377;-4.543066468444068e-06;-1.9459826121004858e-07;-8.345781364252805e-05;-3.8700195842301305e-06;-5.124420878531281e-06;-8.108260883752026e-07;0.0
89;7;0.0;-1.4246706260961156e-07;0.0;0.0;0.0;0.0;4.619319467232638e-06;-8.214054448466017e-05;-2.9201430767740956e-07;-1.751033480549197e-06;0.006517869690472804;-4.411880814784136e-06;-1.888526978705787e-07;-8.104788459751596e-05;-3.758268842223523e-06;-4.97312104392524e-06;-7.868862411274113e-07;0.0
89;8;0.0;-1.3850886307660772e-07;0.0;0.0;0.0;0.0;4.483444153735834e-06;-7.971671129421025e-05;-2.83424831265857e-07;-1.6995275769630227e-06;0.006326146113121866;-4.28210504251106e-06;-1.8327618398033622e-07;-7.866385559575874e-05;-3.647719110287199e-06;-4.826272844815522e-06;-7.636507665847344e-07;0.0
89;9;0.0;-1.3515208855507524e-07;0.0;0.0;0.0;0.0;4.366284122774796e-06;-7.736407749254103e-05;-2.7601845775754293e-07;-1.6551160271123996e-06;0.006160829586111756;-4.170203938543186e-06;-1.778638004586558e-07;-7.660819087101556e-05;-3.552395947647899e-06;-4.68374674541127e-06;-7.410991685777325e-07;0.0
89;10;0.0;-1.277015260649959e-07;0.0;0.0;0.0;0.0;4.214743553335197e-06;-7.50805690262373e-05;-2.6643868853312603e-07;-1.5976719354810411e-06;0.005947005166098671;-4.02546832688053e-06;-1.7261103067652623e-07;-7.394934407899047e-05;-3.429102648824155e-06;-4.545423807815192e-06;-7.192126278188595e-07;0.0
89;11;0.0;-1.2348066645421813e-07;0.0;0.0;0.0;0.0;4.102581335573699e-06;-7.286430724597874e-05;-2.593482561437835e-07;-1.5551548937509325e-06;0.005788741785634035;-3.9183414272778224e-06;-1.6751303439430254e-07;-7.198138325665924e-05;-3.3378464010144408e-06;-4.4111765723833006e-06;-6.979709766429272e-07;0.0
89;12;0.0;-1.2304774617928565e-07;0.0;0.0;0.0;0.0;4.020538704724296e-06;-7.07131658164114e-05;-2.541618597021721e-07;-1.5240552059140775e-06;0.005669120707191056;-3.837371115490554e-06;-1.6246465880158656e-07;-7.049392864012277e-05;-3.268871690973435e-06;-4.278236015108447e-06;-6.769360783399442e-07;0.0
90;1;0.0;-1.215108390517197e-07;0.0;0.0;0.0;0.0;3.93195360417873e-06;-0.0001528241901055355;-2.485618753343786e-07;-1.4904754810144638e-06;0.005544225302962808;-3.752830665322495e-06;-1.5757072484336485e-07;-6.894088925925768e-05;-3.1968557519413847e-06;-4.149362420875275e-06;-6.565446868473535e-07;0.0
90;2;0.0;-1.2080716434603894e-07;0.0;0.0;0.0;0.0;3.8429652217632184e-06;-0.00014823146765188317;-2.429363971515574e-07;-1.4567428850996748e-06;0.005418764374946201;-3.667907417757334e-06;-1.5282671005161157e-07;-6.738081774843102e-05;-3.1245137262377286e-06;-4.0244366980257726e-06;-6.367779585483816e-07;0.0
90;3;0.0;-9.840290466015712e-08;0.0;0.0;0.0;0.0;3.6940754054592184e-06;-0.00014377841931226902;-2.3352419759778286e-07;-1.400303607602093e-06;0.005208823807083472;-3.5258007467767306e-06;-1.4822536055842733e-07;-6.477026557041698e-05;-3.0034598954024e-06;-3.903267828038587e-06;-6.176056689934472e-07;0.0
90;4;0.0;-9.495553461346673e-08;0.0;0.0;0.0;0.0;3.5862965700910843e-06;-0.00013945848486768725;-2.2671086454828102e-07;-1.359448163296297e-06;0.00505684956180355;-3.4229308998892053e-06;-1.4376214823885558e-07;-6.288050838314984e-05;-2.915830025831545e-06;-3.7857365702898643e-06;-5.990089509952316e-07;0.0
90;5;0.0;-1.0977017676428527e-07;0.0;0.0;0.0;0.0;3.53289896901434e-06;-0.00013526752975730872;-2.2333528863917397e-07;-1.3392068727924376e-06;0.004981555026509229;-3.371964781893832e-06;-1.3943341895119384e-07;-6.194424191923484e-05;-2.8724144438354864e-06;-3.671746699048105e-06;-5.809725789633077e-07;0.0
90;6;0.0;-1.1132605441487262e-07;0.0;0.0;0.0;0.0;3.4566866020454156e-06;-0.00013120288270249126;-2.185174574121383e-07;-1.3103172480022225e-06;0.004874092766572417;-3.299224652765203e-06;-1.3523535309867912e-07;-6.060797880635335e-05;-2.8104506301333207e-06;-3.561197631598551e-06;-5.63480637911163e-07;0.0
90;7;0.0;-9.711609595560233e-08;0.0;0.0;0.0;0.0;3.3379742605124916e-06;-0.00012726098197900096;-2.1101295323757236e-07;-1.2653172677988455e-06;0.004706703442522148;-3.185920493208816e-06;-1.3116376160827456e-07;-5.852653943079899e-05;-2.7139322719926953e-06;-3.453979055684564e-06;-5.465156733678107e-07;0.0
90;8;0.0;-9.530484089496656e-08;0.0;0.0;0.0;0.0;3.260232894238785e-06;-0.0001234375077191641;-2.060984649863598e-07;-1.2358480491975935e-06;0.0045970794039692725;-3.1117170777527605e-06;-1.2721394048281882e-07;-5.7163395206124785e-05;-2.650721955122722e-06;-3.3499670993808966e-06;-5.300580853450785e-07;0.0
90;9;0.0;-8.506506676809064e-08;0.0;0.0;0.0;0.0;3.156114135660624e-06;-0.0001197271722941171;-1.9951650688233461e-07;-1.1963800207321796e-06;0.004450266998043927;-3.0123412283059534e-06;-1.2338312279165825e-07;-5.533782404591677e-05;-2.5660684537421085e-06;-3.249088900180335e-06;-5.140963449652428e-07;0.0
90;10;0.0;-7.732555826189291e-08;0.0;0.0;0.0;0.0;3.059363529566726e-06;-0.0001161285184294297;-1.934003329618491e-07;-1.1597050187680188e-06;0.004313835956120633;-2.919992420338496e-06;-1.1966631516218856e-07;-5.364134224029236e-05;-2.4874009506587184e-06;-3.1512129659376324e-06;-4.98609646509119e-07;0.0
90;11;0.0;-6.126501854272275e-08;-6.3003850280985525e-06;0.0;0.0;0.0;2.9610321392798266e-06;-0.00011263653833618659;-1.8718422839032694e-07;-1.1224307930292083e-06;0.0041814836446412;-2.8304044642211816e-06;-4.7288192783085773e-07;-5.1995578305692816e-05;-2.411085284336562e-06;-1.2452557432879256e-05;-1.970341365961907e-06;0.0
