Sum,Average,Standard Deviation
-17404920.98852677,-1740.492098852677,4354.135353109542
